2016.03.02,09:00,-1.3525286301161208E-4,stall,1.084320,1.084530,1.084280,1.084460,1.0857241287034576,1.0862041010750114,-3.4471950854222635E-4
2016.03.02,10:00,-1.904275258197943E-4,stall,1.083890,1.084090,1.083850,1.083990,1.0854573396721565,1.0860400935879735,-3.9232638999717493E-4
2016.03.02,11:00,-2.8930819503562887E-4,stall,1.082710,1.082890,1.082710,1.082770,1.0850439027995171,1.0857978644333088,-4.646534387560821E-4
2016.03.02,12:00,-2.304124270435695E-4,stall,1.084400,1.084590,1.084360,1.084360,1.0849386869842068,1.0856913559567674,-5.222565455169745E-4
2016.03.02,13:00,-1.268800094894742E-4,stall,1.085220,1.085220,1.085140,1.085140,1.0849696582174058,1.0856505147747846,-5.53976547889343E-4
2016.03.02,14:00,5.1822124384493244E-5,buy,1.086880,1.086940,1.086720,1.086740,1.0852420184916511,1.0857312173840599,-5.410210167932197E-4
2016.03.02,15:00,1.6604494380710675E-4,stall,1.086450,1.086750,1.086440,1.086740,1.0854724771852433,1.0858059420222776,-4.99509780841443E-4
2016.03.02,16:00,2.207236463871782E-4,stall,1.086560,1.086580,1.086430,1.086540,1.0856367114644367,1.0858603166872942,-4.443288692446485E-4
2016.03.02,17:00,2.6725883685919043E-4,stall,1.086740,1.086980,1.086560,1.086850,1.0858233712391387,1.0859336265623094,-3.775141600298509E-4
2016.03.02,18:00,2.922395337757994E-4,stall,1.086960,1.086960,1.086780,1.086950,1.0859966987408096,1.0860089134836197,-3.04454276585901E-4
2016.03.02,19:00,2.8195121350578094E-4,stall,1.086910,1.086940,1.086740,1.086740,1.086111052780685,1.0860630680403887,-2.3396647320945578E-4
2016.03.02,20:00,2.743425523274635E-4,stall,1.087030,1.087040,1.086900,1.086920,1.0862355061990412,1.0861265444818413,-1.653808351275899E-4
2016.03.02,21:00,2.8477961856762505E-4,stall,1.087250,1.087360,1.087230,1.087360,1.0864085052453425,1.0862179115572606,-9.418593048568363E-5
2016.03.02,22:00,2.3130270850726267E-4,stall,1.086680,1.086750,1.086640,1.086640,1.0864441198229822,1.0862491773678338,-3.636025335886796E-5
2016.03.02,23:00,1.3429832890869423E-4,stall,1.085720,1.085830,1.085710,1.085830,1.0863496398502157,1.0862181271924387,-2.7856711316944025E-6
2016.03.03,00:00,6.775947245281977E-5,stall,1.085880,1.085880,1.085850,1.085850,1.0862727721809518,1.0861908585115174,1.415419698151054E-5
2016.03.03,01:00,9.609568909379457E-6,stall,1.085840,1.085840,1.085620,1.085650,1.08617696107619,1.0861507949180718,1.6556589208855404E-5
2016.03.03,02:00,-5.1561744894228625E-6,sell,1.085910,1.086300,1.085890,1.086000,1.0861497362952377,1.0861396249241406,1.526754558649969E-5
2016.03.03,03:00,5.7834007610285085E-5,buy,1.086930,1.087130,1.086620,1.087130,1.0863005460959703,1.086212986040871,2.9726047489070964E-5
2016.03.03,04:00,1.2017751464715018E-4,stall,1.087610,1.087700,1.087320,1.087540,1.0864912313119748,1.0863112833711768,5.977042615085851E-5
2016.03.03,05:00,9.94397366270437E-5,stall,1.086650,1.086780,1.086650,1.086710,1.0865248880332095,1.0863408179362748,8.463036030761944E-5
2016.03.03,06:00,1.5831489482838178E-4,stall,1.087910,1.087950,1.087830,1.087930,1.0867410591050235,1.0864585351261804,1.2420908401471488E-4
2016.03.03,07:00,2.004632471662581E-4,stall,1.088080,1.088240,1.088040,1.088160,1.0869593577042507,1.0865845695612781,1.743248958062794E-4
2016.03.03,08:00,3.8581445542814653E-4,stall,1.090680,1.091020,1.090680,1.090840,1.0875563795959045,1.086899786630813,2.7077850966331606E-4
2016.03.03,09:00,5.105659899204709E-4,stall,1.090700,1.091510,1.090590,1.091330,1.08813693658115,1.087227950584086,3.9842000714343376E-4
2016.03.03,10:00,6.668508313760102E-4,stall,1.092580,1.093030,1.091650,1.093030,1.0888897155686654,1.087657732022302,5.651327149874363E-4
2016.03.03,11:00,7.298029257774817E-4,stall,1.093210,1.093310,1.092880,1.093110,1.089538990096563,1.0880616037243538,7.475834464318067E-4
2016.03.03,12:00,8.339534098386928E-4,stall,1.094660,1.094950,1.094660,1.094830,1.0903529916201689,1.0885629664114387,9.560717988914798E-4
2016.03.03,13:00,8.314831363229109E-4,stall,1.094550,1.094620,1.094470,1.094590,1.0910048390632199,1.0890094133439248,0.0011639425829722077
2016.03.03,14:00,8.918838025699417E-4,stall,1.096790,1.096790,1.096400,1.096410,1.091836402284263,1.0895576049480784,0.001386913533614693
2016.03.03,15:00,8.24394803423049E-4,stall,1.095580,1.095710,1.095510,1.095690,1.0924292634712995,1.090011856433406,0.0015930122344704552
2016.03.03,16:00,7.588162183929045E-4,stall,1.096120,1.096250,1.096040,1.096230,1.0930139921680226,1.090472459660561,0.0017827162890686813
2016.03.03,17:00,6.195620894752405E-4,stall,1.095390,1.095610,1.095390,1.095570,1.093407224142173,1.0908500552412603,0.0019376068114374913
2016.03.03,18:00,4.3810285128486346E-4,stall,1.094910,1.094990,1.094810,1.094880,1.0936338050433771,1.0911485696678336,0.0020471325242587073
2016.03.03,19:00,2.5082949247243105E-4,stall,1.094550,1.094670,1.094310,1.094380,1.093748604267473,1.0913879348776236,0.002109839897376815
2016.03.03,20:00,1.5148222958980473E-4,stall,1.095090,1.095190,1.095080,1.095170,1.0939672805340155,1.0916680878496514,0.002147710454774266
2016.03.03,21:00,1.2552473709685503E-5,stall,1.094400,1.094500,1.094400,1.094400,1.0940338527595517,1.0918704517126403,0.0021508485732016874
2016.03.03,22:00,-1.3435985462111012E-4,sell,1.093700,1.093880,1.093700,1.093780,1.0939947984888514,1.092011899733926,0.0021172586095464098
2016.03.03,23:00,-2.0360121775023741E-4,stall,1.094490,1.094490,1.094330,1.094330,1.094046367952105,1.0921836108647465,0.0020663583051088504
2016.03.04,00:00,-2.4942225495279543E-4,stall,1.094600,1.094600,1.094400,1.094420,1.0941038498056275,1.0923492693192096,0.0020040027413706515
2016.03.04,01:00,-2.2845378619452787E-4,stall,1.095300,1.095400,1.095120,1.095280,1.0942847959893771,1.0925663604807496,0.0019468892948220195
2016.03.04,02:00,-2.523553045724921E-4,stall,1.094640,1.094970,1.094640,1.094790,1.094362519683319,1.0927310745192127,0.0018838004686788964
2016.03.04,03:00,-2.5405091123567375E-4,stall,1.095070,1.095140,1.094810,1.095060,1.0944698243474238,1.0929035875177895,0.001820287740869978
2016.03.04,04:00,-3.0816890972540194E-4,stall,1.093830,1.094310,1.093830,1.094280,1.0944406206016664,1.0930055439979531,0.0017432455134386276
2016.03.04,05:00,-2.0525733528620064E-4,stall,1.096250,1.096510,1.096240,1.096420,1.0947451405091022,1.0932584666647713,0.0016919311796170775
2016.03.04,06:00,-1.778411143700141E-5,stall,1.098180,1.098480,1.098180,1.098420,1.0953105035077018,1.093640802467381,0.001687485151757827
2016.03.04,07:00,8.59064424425435E-5,buy,1.098420,1.098550,1.098400,1.098430,1.0957904260449784,1.0939955578401674,0.001708961762368463
2016.03.04,08:00,3.253483467310827E-5,stall,1.097130,1.097130,1.096850,1.096890,1.0959595912688278,1.094209960963118,0.00171709547103674
2016.03.04,09:00,1.489248626658883E-4,stall,1.098050,1.099510,1.097200,1.099510,1.0965058079967005,1.0946025564473314,0.0017543266867032122
2016.03.04,10:00,4.6100390337221187E-4,stall,1.102540,1.103750,1.102530,1.103630,1.0976018375356698,1.0952712559697513,0.0018695776625462651
2016.03.04,11:00,4.3160295925009917E-4,stall,1.100840,1.100950,1.100210,1.100750,1.0980861702224898,1.0956770888608809,0.00197747840235879
2016.03.04,12:00,3.8719944630254393E-4,stall,1.100980,1.101060,1.100870,1.100980,1.0985313748036452,1.0960698970934082,0.002074278263934426
2016.03.04,13:00,2.4676943745628645E-4,stall,1.099810,1.099930,1.099710,1.099830,1.098731163295392,1.0963484232346372,0.002135970623298498
2016.03.04,14:00,9.570885173008003E-5,stall,1.099430,1.099450,1.099300,1.099350,1.0988263689422548,1.0965707622542937,0.002159897836231018
2016.03.04,15:00,8.865419229957E-6,stall,1.099740,1.099920,1.099700,1.099860,1.0989853891049848,1.0968144094947163,0.002162114191038507
2016.03.04,16:00,-4.404467842009357E-5,sell,1.100240,1.100240,1.100130,1.100200,1.0991722523196026,1.0970651939765892,0.002151103021433484
2016.03.06,17:00,-1.8321655610858056E-4,stall,1.098840,1.098840,1.098790,1.098810,1.0991165211935099,1.0971944388672121,0.0021052988824063388
2016.03.06,18:00,-2.3727805150114802E-4,stall,1.099180,1.099480,1.099150,1.099480,1.099172441009893,1.0973637396918632,0.002045979369531052
2016.03.06,19:00,-2.9269328461025996E-4,stall,1.099100,1.099270,1.098960,1.099240,1.0991828347006787,1.0975027219369105,0.0019728060483784867
2016.03.06,20:00,-3.0964705726532543E-4,stall,1.099530,1.099590,1.099530,1.099560,1.0992408601313435,1.0976551129045466,0.0018953942840621552
2016.03.06,21:00,-3.793951650700382E-4,stall,1.098650,1.098670,1.098550,1.098650,1.0991499585726752,1.0977288082449506,0.0018005454927946456
2016.03.06,22:00,-3.992169834650724E-4,stall,1.098990,1.099010,1.098940,1.098970,1.0991222726384176,1.0978207483749542,0.0017007412469283775
2016.03.06,23:00,-4.0877134113271175E-4,stall,1.098890,1.098940,1.098880,1.098930,1.099092692232507,1.0979029151619946,0.0015985484116451995
2016.03.07,00:00,-4.0343778252101324E-4,stall,1.098980,1.099000,1.098980,1.099000,1.0990784318890445,1.0979841807055506,0.001497688966014946
2016.03.07,01:00,-3.772838412055561E-4,stall,1.099230,1.099270,1.099190,1.099240,1.0991032885214993,1.0980772043569913,0.0014033680057135571
2016.03.07,02:00,-3.6348010288844755E-4,stall,1.099040,1.099350,1.098930,1.099090,1.0991012441335763,1.0981522262564734,0.0013124979799914453
2016.03.07,03:00,-4.709078442362018E-4,stall,1.096940,1.097180,1.096740,1.097160,1.0988025911899493,1.098078728015253,0.001194771018932395
2016.03.07,04:00,-6.705906534188347E-4,stall,1.094810,1.094880,1.094690,1.094870,1.0981975771607264,1.0978410444585676,0.0010271233555776862
2016.03.07,05:00,-7.527278179065535E-4,stall,1.095440,1.095440,1.095120,1.095140,1.0977271806744608,1.0976409670912664,8.389414011010478E-4
2016.03.07,06:00,-7.602736777964056E-4,stall,1.095290,1.095330,1.095280,1.095330,1.0973583836476206,1.097469784343765,6.488729816519465E-4
2016.03.07,07:00,-7.438276579832406E-4,stall,1.095090,1.095140,1.094970,1.095130,1.0970155553941405,1.0972964669849676,4.629160671561363E-4
2016.03.07,08:00,-7.08319903422206E-4,stall,1.094910,1.095080,1.094820,1.094980,1.0967023930258113,1.097124876837933,2.8583609130058475E-4
2016.03.07,09:00,-6.068665793931687E-4,stall,1.095930,1.095940,1.095680,1.095680,1.096545101791071,1.0970178489240119,1.3411944645229257E-4
2016.03.07,10:00,-5.62465171648029E-4,stall,1.094970,1.095100,1.094790,1.094900,1.0962920092078292,1.096860971225937,-6.496846459714699E-6
2016.03.07,11:00,-3.1810489024922817E-4,stall,1.098390,1.098470,1.097810,1.097830,1.0965286231758555,1.0969327511351268,-8.602306902202174E-5
2016.03.07,12:00,4.843546789651817E-5,buy,1.100350,1.101040,1.100340,1.100900,1.0972011426872623,1.0972266214214137,-7.39142020478922E-5
2016.03.07,13:00,3.784189198319287E-4,stall,1.102110,1.102510,1.102110,1.102500,1.0980163515046066,1.0976172420568646,2.0690527910089998E-5
2016.03.07,14:00,4.3822302698739784E-4,stall,1.100590,1.100600,1.100510,1.100510,1.0983999897346672,1.097831520423023,1.302462846569395E-4
2016.03.07,15:00,5.051541146419353E-4,stall,1.101620,1.101630,1.101310,1.101350,1.0988538374677954,1.098092148539836,2.5653481331742333E-4
2016.03.07,16:00,4.99140132225778E-4,stall,1.101230,1.101290,1.100990,1.101050,1.099191708626596,1.0983112486479965,3.813198463738679E-4
2016.03.07,17:00,4.7913022318629467E-4,stall,1.101320,1.101320,1.101100,1.101260,1.0995099072994274,1.0985296746740707,5.011024021704415E-4
2016.03.07,18:00,4.4711397309433554E-4,stall,1.101430,1.101520,1.101410,1.101420,1.0998037677149002,1.0987437728463618,6.128808954440254E-4
2016.03.07,19:00,3.903627167110087E-4,stall,1.101230,1.101310,1.101170,1.101300,1.1000339572972233,1.0989331230058905,7.104715746217775E-4
2016.03.07,20:00,3.489112653417396E-4,stall,1.101760,1.101850,1.101630,1.101630,1.1002795023284198,1.0991328916721208,7.976993909572124E-4
2016.03.07,21:00,3.401251552717403E-4,stall,1.101880,1.102310,1.101880,1.102300,1.1005903481240475,1.0993674922890007,8.827306797751474E-4
2016.03.07,22:00,3.253331745091155E-4,stall,1.102470,1.102560,1.102470,1.102560,1.1008933714895788,1.0996039743416672,9.640639734024263E-4
2016.03.07,23:00,2.4171673321662598E-4,stall,1.101780,1.101800,1.101780,1.101800,1.1010328527988744,1.0997666429089512,0.0010244931567065828
2016.03.08,00:00,1.487891461027875E-4,stall,1.101550,1.101600,1.101500,1.101510,1.101106260060586,1.099895780471251,0.0010616904432322798
2016.03.08,01:00,8.901934874755001E-5,stall,1.101740,1.101860,1.101720,1.101760,1.1012068354358806,1.1000338708067139,0.0010839452804191673
2016.03.08,02:00,6.572608284316148E-5,stall,1.102030,1.102370,1.102030,1.102210,1.1013611684457452,1.100195065561772,0.0011003768011299576
2016.03.08,03:00,1.30184532453012E-4,stall,1.103510,1.103790,1.103460,1.103660,1.1017148348387074,1.1004517273720111,0.0011329229342432108
2016.03.08,04:00,1.164184644401778E-4,stall,1.102810,1.103080,1.102810,1.103080,1.101924860248137,1.1006464142333436,0.001162027550353255
2016.03.08,05:00,-1.292946396350375E-5,sell,1.101420,1.101530,1.101350,1.101450,1.1018518048253467,1.1007059391049479,0.001158795184362379
2016.03.08,06:00,-1.243106226580322E-4,stall,1.101680,1.101710,1.101130,1.101130,1.1017407579291396,1.1007373510230998,0.001127717528697871
2016.03.08,07:00,-1.876759660989272E-4,stall,1.101440,1.101460,1.101210,1.101290,1.101671410555426,1.1007782879843517,0.001080798537173139
2016.03.08,08:00,-2.1528192934594991E-4,stall,1.101370,1.101530,1.101300,1.101480,1.1016419627776681,1.1008302666521774,0.0010269780548366517
2016.03.08,09:00,-1.2536299541406168E-4,stall,1.103250,1.103310,1.103090,1.103130,1.1018708915811037,1.1010006172705347,9.956373059831364E-4
2016.03.08,10:00,2.485582282382064E-5,buy,1.104160,1.104640,1.103980,1.104640,1.102296908260934,1.101270201176421,0.0010018512616890916
2016.03.08,11:00,1.468639961427602E-4,stall,1.105740,1.105740,1.105230,1.105240,1.1027496916054056,1.101564260348538,0.0010385672607247816
2016.03.08,12:00,6.066480915384114E-5,stall,1.102690,1.102960,1.102690,1.102960,1.1027820467430356,1.1016676484708685,0.001053733463013242
2016.03.08,13:00,-8.783661736360294E-5,sell,1.101820,1.101860,1.101580,1.101680,1.102612501090261,1.1016685633989522,0.0010317743086723412
2016.03.08,14:00,-2.8527193890809724E-4,stall,1.099720,1.100210,1.099690,1.100120,1.102229039384067,1.1015538549990298,9.604563239453169E-4
2016.03.08,15:00,-4.0537515059049507E-4,stall,1.100200,1.100270,1.099960,1.100080,1.1018984179403644,1.1014446805546572,8.591125362976931E-4
2016.03.08,16:00,-4.3596479137512965E-4,stall,1.100540,1.100790,1.100430,1.100570,1.101694045949539,1.1013798894024602,7.501213384539107E-4
2016.03.08,17:00,-4.12957261729419E-4,stall,1.101020,1.101050,1.100860,1.100980,1.101584192726533,1.101350267965241,6.468820230215559E-4
2016.03.08,18:00,-4.0958960456648295E-4,stall,1.100550,1.100610,1.100520,1.100560,1.1014266246147588,1.1012917295974454,5.444846218799352E-4
2016.03.08,19:00,-4.279856657920862E-4,stall,1.100010,1.100050,1.099900,1.099980,1.101204066981719,1.101194564442079,4.374882054319136E-4
2016.03.08,20:00,-4.4340492355970316E-4,stall,1.099590,1.099720,1.099580,1.099630,1.1009619028306852,1.101078670779703,3.266369745419878E-4
2016.03.08,21:00,-5.310824860493786E-4,stall,1.098310,1.098310,1.098090,1.098090,1.1005200716259644,1.1008572877589842,1.9386635302964315E-4
2016.03.08,22:00,-5.791096038103976E-4,stall,1.097720,1.097790,1.097690,1.097790,1.1001000606065854,1.1006300812583187,4.9088952077043724E-5
2016.03.08,23:00,-6.144014381238674E-4,stall,1.097230,1.097260,1.097180,1.097240,1.0996600512824952,1.100378964128073,-1.0451140745392312E-4
2016.03.09,00:00,-5.982555138605764E-4,stall,1.097320,1.097340,1.097310,1.097320,1.0993000433928806,1.1001523741926602,-2.5407528591906727E-4
2016.03.09,01:00,-5.499904263735965E-4,stall,1.097540,1.097550,1.097370,1.097390,1.0990061905632067,1.0999477538820928,-3.9157289251246636E-4
2016.03.09,02:00,-4.726594396259055E-4,stall,1.097720,1.097720,1.097410,1.097620,1.0987929304765596,1.0997753276686044,-5.097377524189427E-4
2016.03.09,03:00,-3.4945456332582405E-4,stall,1.098530,1.098530,1.098190,1.098330,1.0987217104032427,1.099668266359819,-5.971013932503987E-4
2016.03.09,04:00,-2.9569455987951806E-4,stall,1.097620,1.097670,1.097490,1.097590,1.0985476011104363,1.099514320703536,-6.710250332202782E-4
2016.03.09,05:00,-2.9271091097287185E-4,stall,1.097030,1.097030,1.096770,1.096770,1.098274124016523,1.0993110376884594,-7.442027609634962E-4
2016.03.09,06:00,-2.961532689317011E-4,stall,1.096300,1.096430,1.096260,1.096340,1.0979765664755194,1.0990909608226476,-8.182410781964215E-4
2016.03.09,07:00,-2.363975058330616E-4,stall,1.097200,1.097420,1.096940,1.096950,1.0978186331715933,1.098932371132081,-8.773404546546868E-4
2016.03.09,08:00,-1.7025656154833705E-4,stall,1.096930,1.097090,1.096710,1.097080,1.0977049972990405,1.0987951584556306,-9.199045950417711E-4
2016.03.09,09:00,-2.333807120348426E-4,stall,1.095040,1.095180,1.095020,1.095170,1.0973149977145726,1.098526628199658,-9.782497730504817E-4
2016.03.09,10:00,-1.9308073691163543E-4,stall,1.096400,1.096670,1.096060,1.096090,1.0971265365277154,1.0983461372219054,-0.0010265199572783907
2016.03.09,11:00,1.56707137588501E-4,buy,1.100680,1.100980,1.100410,1.100870,1.09770245398499,1.0985330900202828,-9.873431728812654E-4
2016.03.09,12:00,4.5076246297772653E-4,stall,1.102080,1.102160,1.101970,1.102030,1.0983682302949915,1.0987921203891506,-8.746525571368338E-4
2016.03.09,13:00,6.717454557117534E-4,stall,1.102840,1.102930,1.102800,1.102850,1.0990577333265312,1.0990927040640284,-7.067161932088954E-4
2016.03.09,14:00,7.138355805967714E-4,stall,1.101840,1.101850,1.101660,1.101790,1.0994780820455263,1.0992925037629893,-5.282572980597025E-4
2016.03.09,15:00,5.742335183333973E-4,stall,1.100170,1.100230,1.099690,1.099700,1.0995122232692915,1.0993226886694345,-3.846989184763532E-4
2016.03.09,16:00,5.073636781734224E-4,stall,1.100450,1.100460,1.100350,1.100440,1.099654958150939,1.0994054524716985,-2.578579989329975E-4
2016.03.09,17:00,4.0482888923601293E-4,stall,1.099800,1.099890,1.099690,1.099870,1.099688041512333,1.0994398633997209,-1.566507766239943E-4
2016.03.09,18:00,3.1183395293121654E-4,stall,1.099640,1.099750,1.099600,1.099730,1.0996944966642817,1.0994613549997416,-7.869228839119014E-5
2016.03.09,19:00,1.6707949310754621E-4,stall,1.098600,1.098680,1.098560,1.098620,1.0995291894851613,1.099399032407168,-3.692241511430359E-5
2016.03.09,20:00,3.921028482832093E-5,stall,1.098240,1.098290,1.098130,1.098170,1.0993200834105212,1.0993079929696001,-2.711984390722336E-5
2016.03.09,21:00,-3.0618523040019394E-5,sell,1.098250,1.098380,1.098250,1.098360,1.099172378270441,1.0992377712681483,-3.477447466722821E-5
2016.03.09,22:00,-6.735834807750264E-5,stall,1.098430,1.098470,1.098430,1.098440,1.0990597046903732,1.0991786771001373,-5.161406168660386E-5
2016.03.09,23:00,-1.6743300023203266E-4,stall,1.097260,1.097270,1.097140,1.097170,1.0987689808918542,1.0990298862038308,-9.347231174461202E-5
2016.03.10,00:00,-1.9053426767401518E-4,stall,1.097650,1.097670,1.097630,1.097640,1.0985952915238766,1.0989269316702137,-1.4110587866311583E-4
2016.03.10,01:00,-1.9820637451246716E-4,stall,1.098130,1.098210,1.097550,1.097570,1.0984375543663571,1.0988264182131608,-1.9065747229123263E-4
2016.03.10,02:00,-1.9152478562954728E-4,stall,1.097370,1.097580,1.096970,1.097560,1.0983025460023021,1.0987326094566303,-2.3853866869861945E-4
2016.03.10,03:00,-2.523415111290183E-4,stall,1.096780,1.096790,1.096320,1.096350,1.0980021543096403,1.0985561198672502,-3.01624046480874E-4
2016.03.10,04:00,-2.8405489818417255E-4,stall,1.096340,1.096370,1.096180,1.096200,1.097724899800465,1.098381592469676,-3.7263777102691716E-4
2016.03.10,05:00,-2.524591550454154E-4,stall,1.096710,1.096730,1.096550,1.096720,1.0975702998311627,1.0982585115459964,-4.35752559788271E-4
2016.03.10,06:00,-1.3950553642804006E-4,stall,1.097810,1.097920,1.097770,1.097910,1.0976225613955992,1.0982326958759225,-4.70628943895281E-4
2016.03.10,07:00,-9.284254330407338E-5,stall,1.097390,1.097390,1.097280,1.097350,1.0975806288731993,1.0981673109962247,-4.938395797212993E-4
2016.03.10,08:00,-9.170406973235419E-4,stall,1.084570,1.084680,1.083600,1.083830,1.0954651475080917,1.0971052879594674,-7.230997540521848E-4
2016.03.10,09:00,-8.052461840486705E-4,stall,1.092040,1.093130,1.092040,1.092820,1.095058201737616,1.096787859221729,-9.244113000643525E-4
2016.03.10,10:00,1.0552714605720822E-4,buy,1.104140,1.105940,1.104140,1.105200,1.0966184783933675,1.0974109807608603,-8.980295135500504E-4
2016.03.10,11:00,0.0012425474525506735,stall,1.114630,1.114930,1.113780,1.114030,1.0992971740251571,1.0986420192230189,-5.873926504123821E-4
2016.03.10,12:00,0.002036465545949428,stall,1.115910,1.116380,1.115780,1.116240,1.1019037626366714,1.099945573354647,-7.827626392502513E-5
2016.03.10,13:00,0.0026341678210115476,stall,1.119380,1.119560,1.119220,1.119470,1.1046062606925682,1.1013918271802288,5.802656913278619E-4
2016.03.10,14:00,0.002912643497350046,stall,1.119970,1.120230,1.119970,1.120210,1.1070068359706347,1.1027857659076192,0.0013084265656653734
2016.03.10,15:00,0.002882367267814659,stall,1.119840,1.119890,1.119580,1.119580,1.1089411688982294,1.1040297832477957,0.002029018382619038
2016.03.10,16:00,0.0025750932306353416,stall,1.117810,1.117810,1.117700,1.117720,1.1102917582985017,1.1050438733775885,0.0026727916902778734
2016.03.10,17:00,0.002243563495501386,stall,1.117680,1.118040,1.117680,1.118040,1.1114837954833476,1.106006549423693,0.0032336825641532197
2016.03.10,18:00,0.0019027147939287108,stall,1.117920,1.118480,1.117920,1.118260,1.1125262884859095,1.1069142124293454,0.0037093612626353974
2016.03.10,19:00,0.0015204167238583952,stall,1.117620,1.118070,1.117620,1.117710,1.1133237825650004,1.107713900397542,0.004089465443599996
2016.03.10,20:00,0.001226355377550543,stall,1.118480,1.118840,1.118400,1.118690,1.1141493544780772,1.108526944812539,0.004396054287987632
2016.03.10,21:00,9.210852668492513E-4,stall,1.118430,1.118470,1.118320,1.118430,1.1148079153276038,1.1092605044560546,0.004626325604699945
2016.03.10,22:00,5.875934286743139E-4,stall,1.117660,1.117670,1.117620,1.117620,1.1152405437387416,1.1098797263481988,0.004773223961868524
2016.03.10,23:00,2.480884709420636E-4,stall,1.116660,1.116780,1.116660,1.116740,1.1154712293173967,1.1103878947668506,0.00483524607960404
2016.03.11,00:00,-2.115570575654275E-5,sell,1.116760,1.116760,1.116680,1.116750,1.1156679632685664,1.110859161821158,0.0048299571531649045
2016.03.11,01:00,-1.5370361680469916E-4,stall,1.117610,1.118140,1.117530,1.117990,1.1160251996887869,1.1113873720566279,0.00479153124896373
2016.03.11,02:00,-3.068696962293307E-4,stall,1.116270,1.117450,1.116270,1.117450,1.1162443997366658,1.1118364556079887,0.004714813824906397
2016.03.11,03:00,-5.733584121908764E-4,stall,1.114550,1.115550,1.114170,1.115200,1.1160837228541018,1.112085607044434,0.004571474221858678
2016.03.11,04:00,-9.811146521829473E-4,stall,1.111290,1.111620,1.111150,1.111610,1.1153954577996246,1.1120503768929946,0.004326195558812941
2016.03.11,05:00,-0.0012483103473003706,stall,1.111100,1.111240,1.110930,1.111240,1.1147561565996824,1.111990348974995,0.004014117971987848
2016.03.11,06:00,-0.0015554195212203019,stall,1.108420,1.108630,1.108320,1.108600,1.1138090555843467,1.1117392120138843,0.0036252630916827726
2016.03.11,07:00,-0.0015819982704091988,stall,1.110460,1.110460,1.110320,1.110440,1.113290739340601,1.1116429740869298,0.0032297635240804727
2016.03.11,08:00,-0.0015585731989650208,stall,1.109830,1.110280,1.109770,1.110230,1.112819856365124,1.1115383093397497,0.0028401202243392176
2016.03.11,09:00,-0.0013566162819826939,stall,1.112420,1.112430,1.112000,1.112290,1.1127383400012587,1.1115939901293979,0.002500966153843544
2016.03.11,10:00,-0.0010623793314632492,stall,1.114200,1.114200,1.113520,1.114160,1.112957056924142,1.1117840649346276,0.0022353713209777317
2016.03.11,11:00,-7.367077628421381E-4,stall,1.115840,1.115970,1.115420,1.115820,1.1133975097050433,1.1120830230876182,0.002051194380267197
2016.03.11,12:00,-3.882195978391332E-4,stall,1.117830,1.117980,1.117770,1.117770,1.1140702005196519,1.1125042806366836,0.001954139480807414
2016.03.11,13:00,-2.987227586299646E-4,stall,1.115610,1.115750,1.115570,1.115710,1.1143224773627824,1.1127417413302625,0.0018794587911499228
2016.03.11,14:00,-2.3197764394886555E-4,stall,1.116150,1.116150,1.115880,1.115900,1.1145651731531236,1.1129756864169098,0.0018214643801627065
2016.03.11,15:00,-2.0479921699159513E-4,stall,1.115770,1.115820,1.115620,1.115740,1.1147459157449509,1.1131804503860276,0.0017702645759148077
2016.03.11,16:00,-2.4039262758910186E-4,stall,1.115030,1.115190,1.114980,1.115000,1.114785005630343,1.1133152318389146,0.0017101664190175322
2016.03.13,17:00,-3.4163438976742336E-4,stall,1.113720,1.114180,1.113540,1.113810,1.1146350047641365,1.1133518813323282,0.0016247578215756763
2016.03.13,18:00,-3.4774931836159236E-4,stall,1.114450,1.114660,1.114420,1.114660,1.1146388501850386,1.113448779011415,0.0015378204919852781
2016.03.13,19:00,-2.1463171838231637E-4,stall,1.116480,1.116740,1.116480,1.116740,1.1149621040027249,1.1136925731587175,0.001484162562389699
2016.03.13,20:00,-1.615554351514152E-4,stall,1.116490,1.116500,1.116030,1.116300,1.1151679341561518,1.1138857158877014,0.0014437737036018454
2016.03.13,21:00,-2.02543109037306E-4,stall,1.115190,1.115250,1.115150,1.115210,1.1151744058244362,1.113983811007131,0.0013931379263425188
2016.03.13,22:00,-2.0861871135335842E-4,stall,1.115300,1.115590,1.115300,1.115550,1.1152321895437536,1.1140998250066028,0.001340983248504179
2016.03.13,23:00,-1.9712353931859955E-4,stall,1.115790,1.115920,1.115790,1.115810,1.1153210834600993,1.1142265046357434,0.0012917023636745291
2016.03.14,00:00,-1.9327578032338937E-4,stall,1.115790,1.115790,1.115780,1.115780,1.1153916860046993,1.114341578366429,0.0012433834185936817
2016.03.14,01:00,-1.6334998431946678E-4,stall,1.116320,1.116320,1.116180,1.116230,1.1155206573885916,1.1144814614503973,0.001202545922513815
2016.03.14,02:00,-1.5592785360623055E-4,stall,1.115770,1.116110,1.115770,1.116090,1.1156082485595775,1.1146006124540715,0.0011635639591122573
2016.03.14,03:00,-2.1050752142931744E-4,stall,1.115200,1.115450,1.115090,1.115200,1.1155454410888732,1.1146450115315476,0.001110937078754928
2016.03.14,04:00,-3.625109037050508E-4,stall,1.114180,1.114180,1.113340,1.113340,1.1152061424598159,1.1145483440106922,0.0010203093528286652
2016.03.14,05:00,-5.686976085527478E-4,stall,1.111520,1.111550,1.111450,1.111450,1.114628274389075,1.1143188370469372,8.781349506904783E-4
2016.03.14,06:00,-6.371963860780466E-4,stall,1.112500,1.112680,1.112030,1.112060,1.1142331552522942,1.1141515157842012,7.188358541709666E-4
2016.03.14,07:00,-6.94762176063953E-4,stall,1.111320,1.111440,1.111190,1.111410,1.113798823675018,1.113948440540927,5.451453101549783E-4
2016.03.14,08:00,-7.344924175162386E-4,stall,1.110760,1.110970,1.110690,1.110860,1.1133466969557846,1.113719667167525,3.6152220577591863E-4
2016.03.14,09:00,-6.125062741993024E-4,stall,1.112560,1.112760,1.112410,1.112610,1.113233358962587,1.1136374695995601,2.08395637226093E-4
2016.03.14,10:00,-6.060327672594691E-4,stall,1.111110,1.111170,1.110810,1.111040,1.112895919122189,1.1134450644440372,5.688744541122571E-5
2016.03.14,11:00,-6.498585945557621E-4,stall,1.110020,1.110160,1.109710,1.109800,1.1124196238726214,1.1131750596704049,-1.0557720322771483E-4
2016.03.14,12:00,-5.816718048549498E-4,stall,1.110620,1.110780,1.110590,1.110750,1.1121627586614489,1.1129954256207453,-2.5099515444145225E-4
2016.03.14,13:00,-5.412528890779235E-4,stall,1.110020,1.110220,1.109940,1.110200,1.1118607957904567,1.1127883570562456,-3.863083767109331E-4
2016.03.14,14:00,-5.848557339910592E-4,stall,1.108530,1.108710,1.108410,1.108620,1.1113622118226942,1.112479589866894,-5.325223102086979E-4
2016.03.14,15:00,-5.179588934862935E-4,stall,1.109360,1.109750,1.109320,1.109540,1.1110818715422797,1.1122618424693462,-6.620120335802713E-4
2016.03.14,16:00,-4.2369625229350053E-4,stall,1.109750,1.109850,1.109750,1.109840,1.110890814381929,1.112082446730876,-7.679360966536464E-4
2016.03.14,17:00,-3.156187947040373E-4,stall,1.110090,1.110150,1.110050,1.110150,1.1107768429385552,1.1119393025285889,-8.468407953296558E-4
2016.03.14,18:00,-2.2999395984002067E-4,stall,1.110200,1.110250,1.109940,1.110050,1.1106650209480082,1.111799354193138,-9.04339285289661E-4
2016.03.14,19:00,-1.4134655743535903E-4,stall,1.110310,1.110310,1.110280,1.110280,1.1106057869560069,1.1116868094380907,-9.396759246485008E-4
2016.03.14,20:00,-8.193297297722521E-5,stall,1.110050,1.110130,1.110010,1.110090,1.1105264351166213,1.1115685272574913,-9.601591678928071E-4
2016.03.14,21:00,-4.185586579545284E-5,stall,1.109940,1.109940,1.109870,1.109930,1.1104346758679104,1.1114471548680476,-9.706231343416703E-4
2016.03.14,22:00,8.428973403506199E-5,buy,1.110900,1.111440,1.110900,1.111340,1.1105739565036166,1.1114392174704144,-9.495507008329048E-4
2016.03.14,23:00,1.2866484257960018E-4,stall,1.110960,1.110960,1.110700,1.110730,1.110597963195368,1.1113866828429764,-9.173844901880048E-4
2016.03.15,00:00,1.689460994026197E-4,stall,1.110970,1.110970,1.110870,1.110900,1.1106444303960805,1.1113506322620152,-8.751479653373499E-4
2016.03.15,01:00,1.8310490783892005E-4,stall,1.110720,1.110780,1.110710,1.110740,1.1106591334120681,1.1113054002426068,-8.293717383776199E-4
2016.03.15,02:00,1.8483652354995953E-4,stall,1.110620,1.110700,1.110570,1.110660,1.1106592667332884,1.1112575928172286,-7.8316260749013E-4
2016.03.15,03:00,1.6997066533655947E-4,stall,1.110590,1.110690,1.110350,1.110450,1.110627071851244,1.1111977711270635,-7.406699411559902E-4
2016.03.15,04:00,2.472019894463253E-4,stall,1.111490,1.112040,1.111490,1.111840,1.110813676181822,1.11124534363617,-6.788694437944089E-4
2016.03.15,05:00,2.352326359376484E-4,stall,1.111060,1.111260,1.110950,1.111000,1.1108423413846185,1.1112271700334908,-6.200612848099969E-4
2016.03.15,06:00,3.4339403202161747E-6,stall,1.107400,1.107730,1.107360,1.107590,1.1103419811716002,1.11095775003101,-6.192027997299428E-4
2016.03.15,07:00,-7.257018668437747E-5,sell,1.108480,1.108600,1.108440,1.108590,1.1100724456067386,1.110782361139824,-6.373453464010371E-4
2016.03.15,08:00,-7.357905106477062E-5,stall,1.109680,1.109690,1.109150,1.109170,1.1099336078210864,1.1106629269813184,-6.557401091672298E-4
2016.03.15,09:00,1.0346446097305492E-4,buy,1.111560,1.111840,1.111560,1.111800,1.1102207450793808,1.1107471546123318,-6.29873993923966E-4
2016.03.15,10:00,1.1072777535178692E-4,stall,1.110020,1.110370,1.110010,1.110170,1.1102129381440915,1.1107044024188257,-6.021920500860193E-4
2016.03.15,11:00,2.8811970956232305E-5,stall,1.108770,1.108900,1.108730,1.108820,1.1099986399680775,1.1105648170544682,-5.949890573469613E-4
2016.03.15,12:00,1.2943974232625121E-4,stall,1.111160,1.111280,1.110850,1.111140,1.1101742338191425,1.1106074231985816,-5.626291217653985E-4
2016.03.15,13:00,1.0342501763166434E-4,stall,1.109630,1.109770,1.109630,1.109770,1.1101120440008128,1.1105453918505386,-5.367728673574824E-4
2016.03.15,14:00,1.6891622395180943E-4,stall,1.111090,1.111150,1.110890,1.111060,1.1102578833853032,1.110583510972721,-4.9454381136953E-4
2016.03.15,15:00,1.7817704180384203E-4,stall,1.110870,1.110890,1.110630,1.110630,1.1103151320952565,1.1105869546043712,-4.499995509185695E-4
2016.03.15,16:00,1.9980359713485287E-4,stall,1.110800,1.110980,1.110790,1.110960,1.11041434254214,1.11061458759664,-4.000486516348563E-4
2016.03.15,17:00,2.0206459904589168E-4,stall,1.110820,1.110890,1.110680,1.110890,1.11048752061258,1.1106349885154074,-3.4953250187338335E-4
2016.03.15,18:00,1.75015983102939E-4,stall,1.110510,1.110670,1.110510,1.110560,1.1104986712875677,1.1106294338105624,-3.057785060976486E-4
2016.03.15,19:00,1.663535945644549E-4,stall,1.110700,1.110790,1.110590,1.110790,1.1105434910894805,1.1106413276023726,-2.6419010745653486E-4
2016.03.15,20:00,1.488686279700285E-4,stall,1.110730,1.110730,1.110660,1.110700,1.1105675693834065,1.1106456737059005,-2.2697295046402772E-4
2016.03.15,21:00,1.3153654260271305E-4,stall,1.110690,1.110750,1.110660,1.110690,1.1105864048628824,1.110648957135093,-1.9408881481334947E-4
2016.03.15,22:00,9.831646580117271E-5,stall,1.110340,1.110420,1.110330,1.110420,1.1105608041147466,1.1106319973473084,-1.695096983630563E-4
2016.03.15,23:00,4.644464576620519E-5,stall,1.110120,1.110120,1.109990,1.109990,1.1104729880970932,1.1105844419882485,-1.57898536921505E-4
2016.03.16,00:00,2.059533929426685E-5,stall,1.110090,1.110150,1.110090,1.110110,1.1104171437744634,1.110549298137267,-1.5274970209793828E-4
2016.03.16,01:00,-1.6753234410008975E-6,sell,1.110040,1.110080,1.109980,1.110010,1.1103545062706999,1.110509350127099,-1.531685329581885E-4
2016.03.16,02:00,-2.9466151204469917E-5,stall,1.109630,1.109770,1.109630,1.109770,1.1102645822290538,1.1104545834510176,-1.6053507075930597E-4
2016.03.16,03:00,-8.791085974975014E-5,stall,1.109140,1.109140,1.108990,1.109080,1.1100823388091994,1.1103527624546459,-1.8251278569674352E-4
2016.03.16,04:00,-1.584756322464988E-4,stall,1.108710,1.108710,1.108450,1.108450,1.1098312097616303,1.1102118170876352,-2.2213169375836822E-4
2016.03.16,05:00,-1.7514080858813867E-4,stall,1.108730,1.108810,1.108650,1.108720,1.109660254413687,1.1101013121181806,-2.6591689590540286E-4
2016.03.16,06:00,-1.3186107596785998E-4,stall,1.109390,1.109430,1.109360,1.109380,1.1096171383500428,1.110047881590908,-2.988821648973679E-4
2016.03.16,07:00,-1.5061831841239247E-4,stall,1.108720,1.108720,1.108510,1.108510,1.1094468093731131,1.109933964436026,-3.36536744500466E-4
2016.03.16,08:00,-1.1248241726317715E-4,stall,1.109050,1.109180,1.109050,1.109120,1.1093965310080187,1.1098736707740982,-3.646573488162603E-4
2016.03.16,09:00,-1.0743831969420677E-4,stall,1.108480,1.108690,1.108480,1.108680,1.1092862954683236,1.1097852507167576,-3.9151692873981195E-4
2016.03.16,10:00,-2.3483598146205895E-4,stall,1.106350,1.106670,1.106350,1.106490,1.1088560961655045,1.109541158071072,-4.502259241053267E-4
2016.03.16,11:00,-2.918894873676183E-4,stall,1.106460,1.106700,1.106450,1.106590,1.1085074659861962,1.109322553769511,-5.231982959472312E-4
2016.03.16,12:00,-2.7184039957453814E-4,stall,1.107440,1.107540,1.107130,1.107150,1.108298625065243,1.1091616238606583,-5.911583958408658E-4
2016.03.16,13:00,-1.8985644079008365E-4,stall,1.107930,1.108040,1.107830,1.107930,1.108241913516744,1.1090703924635725,-6.386225060383867E-4
2016.03.16,14:00,2.7616470297749107E-4,buy,1.108830,1.114360,1.108830,1.114180,1.1091554652833988,1.1094488819107153,-5.695813302940139E-4
2016.03.16,15:00,9.169905757723584E-4,stall,1.119710,1.119980,1.119260,1.119790,1.1107915475474912,1.1102148906580698,-3.403336863509243E-4
2016.03.16,16:00,0.0014740678783849593,stall,1.123050,1.123050,1.122910,1.122930,1.1126590017709541,1.1111567506093238,2.8183283245315533E-5
2016.03.16,17:00,0.0017080507020491922,stall,1.122200,1.122810,1.122200,1.122340,1.1141483861138843,1.1119851394530775,4.551959587576136E-4
2016.03.16,18:00,0.0016952856343008193,stall,1.121260,1.121410,1.121180,1.121310,1.1152501728655944,1.1126758698639607,8.790173673328184E-4
2016.03.16,19:00,0.0016069938219043188,stall,1.121560,1.121610,1.121500,1.121570,1.1162224539631953,1.113334694318482,0.0012807658228088982
2016.03.16,20:00,0.0014480783356271196,stall,1.121620,1.121630,1.121430,1.121450,1.1170266918150114,1.1139358280726686,0.001642785406715678
2016.03.16,21:00,0.0012531183309035725,stall,1.121060,1.121450,1.121020,1.121380,1.117696431535779,1.1144872482154338,0.001956064989441571
2016.03.16,22:00,0.0010461212189547928,stall,1.121300,1.121380,1.121280,1.121360,1.1182600574533514,1.1149963409402164,0.0022175952941802693
2016.03.16,23:00,8.78336888473572E-4,stall,1.122050,1.122130,1.121940,1.121940,1.1188262024605282,1.115510686055756,0.002437179516298662
2016.03.17,00:00,7.195878118184387E-4,stall,1.122210,1.122210,1.122040,1.122170,1.119340632851216,1.1160039685701444,0.002617076469253272
2016.03.17,01:00,5.661637169374727E-4,stall,1.121800,1.122290,1.121730,1.122290,1.1197943816433367,1.1164696005279116,0.00275861739848764
2016.03.17,02:00,4.07513321095418E-4,stall,1.121930,1.122230,1.121930,1.122170,1.1201598613905157,1.1168918523406588,0.0028604957287614945
2016.03.17,03:00,3.2445087515388556E-4,stall,1.123300,1.123430,1.123130,1.123170,1.1206229596381287,1.117356900315425,0.002941608447549966
2016.03.17,04:00,3.798104727545616E-4,stall,1.125970,1.126030,1.125510,1.125540,1.1213794273861089,1.1179630558476157,0.0030365610657386065
2016.03.17,05:00,6.119745849001842E-4,stall,1.128960,1.129410,1.128900,1.129380,1.1226102847113228,1.118808755414459,0.003189554711963653
2016.03.17,06:00,8.099267137651515E-4,stall,1.129850,1.131460,1.129830,1.131160,1.1239256255249654,1.1197236624207954,0.0033920363904049408
2016.03.17,07:00,9.557053472914394E-4,stall,1.132460,1.132760,1.132440,1.132650,1.125267836982663,1.1206811689081437,0.0036309627272278007
2016.03.17,08:00,9.664268295094865E-4,stall,1.132640,1.132800,1.132530,1.132690,1.1264097082160995,1.1215707119519849,0.0038725694346051723
2016.03.17,09:00,7.26997342997175E-4,stall,1.130190,1.130200,1.129970,1.130180,1.1269897531059303,1.1222084369925787,0.004054318770354466
2016.03.17,10:00,6.920313651938093E-4,stall,1.132760,1.133400,1.132750,1.133160,1.127939021858864,1.1230196638820173,0.004227326611652918
2016.03.17,11:00,4.753210022491912E-4,stall,1.131540,1.131550,1.131180,1.131280,1.128453018495962,1.1236315406314976,0.004346156862215216
2016.03.17,12:00,3.043070756159642E-4,stall,1.131600,1.131790,1.131490,1.131740,1.1289587079581218,1.1242321672513866,0.0044222336311192075
2016.03.17,13:00,1.9062769763800343E-4,stall,1.132540,1.132690,1.132480,1.132520,1.1295065990414876,1.124846080788321,0.004469890555528709
2016.03.17,14:00,1.3110140460350153E-5,stall,1.131780,1.131780,1.131530,1.131650,1.129836353035105,1.1253500748040008,0.004473168090643796
2016.03.17,15:00,-1.3898452351010938E-4,sell,1.131840,1.131940,1.131550,1.131660,1.1301169141066274,1.1258174766703712,0.004438421959766269
2016.03.17,16:00,-2.6238754662173767E-4,stall,1.131800,1.131850,1.131590,1.131740,1.1303666196286848,1.1262561821021957,0.0043728250731108345
2016.03.17,17:00,-3.7414188981449523E-4,stall,1.131750,1.131820,1.131510,1.131610,1.1305579089165794,1.1266527612057367,0.004279289600657211
2016.03.17,18:00,-4.6550220734133986E-4,stall,1.131400,1.131660,1.131400,1.131580,1.1307151536986442,1.1270177418571636,0.0041629140488218756
2016.03.17,19:00,-5.273807093274033E-4,stall,1.131520,1.131770,1.131520,1.131720,1.1308697454373142,1.1273660572751516,0.004031068871490025
2016.03.17,20:00,-5.899473354642527E-4,stall,1.131500,1.131540,1.131210,1.131490,1.130965169216189,1.1276715345140294,0.0038835820376239617
2016.03.17,21:00,-6.151356240623731E-4,stall,1.131740,1.131990,1.131730,1.131780,1.1310905277983139,1.1279758652907679,0.0037297981316083686
2016.03.17,22:00,-5.73968336398533E-4,stall,1.132610,1.132760,1.132600,1.132700,1.1313381389062656,1.1283258011951554,0.0035863060475087353
2016.03.17,23:00,-5.909779052767831E-4,stall,1.132070,1.132130,1.132030,1.132070,1.1314507329206862,1.1286031492547735,0.0034385615711895394
2016.03.18,00:00,-6.051987278520906E-4,stall,1.131900,1.132030,1.131880,1.132020,1.1315383124713498,1.1288562493099754,0.0032872618892265167
2016.03.18,01:00,-6.710681364550152E-4,stall,1.131240,1.131240,1.131090,1.131100,1.1314708797834498,1.129022453064792,0.003119494855112763
2016.03.18,02:00,-7.024242610082646E-4,stall,1.131060,1.131260,1.131060,1.131150,1.131421513662919,1.1291800491340667,0.0029438887898606972
2016.03.18,03:00,-7.956954437055358E-4,stall,1.129570,1.129860,1.129480,1.129840,1.1311782038686238,1.129228934383395,0.002744964928934313
2016.03.18,04:00,-9.46597870491255E-4,stall,1.128270,1.128360,1.127970,1.128130,1.130709249427297,1.1291475318364768,0.002508315461311499
2016.03.18,05:00,-0.0011286598150839428,stall,1.126380,1.126600,1.126270,1.126340,1.1300370572077127,1.1289395665152562,0.0022261505075405136
2016.03.18,06:00,-0.001119662575303177,stall,1.127230,1.127760,1.127190,1.127660,1.1296713560988338,1.1288447838104223,0.0019462348637147193
2016.03.18,07:00,-0.0011215735936124598,stall,1.126610,1.126980,1.126500,1.126900,1.12924499362209,1.128700725750391,0.0016658414653116043
2016.03.18,08:00,-0.001040235025505727,stall,1.127550,1.127660,1.127490,1.127510,1.128978071526384,1.1286125238429545,0.0014057827089351727
2016.03.18,09:00,-9.035048124453357E-4,stall,1.128190,1.128340,1.128180,1.128200,1.1288583682146327,1.1285819665212542,0.0011799065058238386
2016.03.18,10:00,-7.77369671124586E-4,stall,1.129030,1.129520,1.127990,1.128260,1.1287663115662276,1.1285581171493095,9.85564088042692E-4
2016.03.18,11:00,-6.084707310746059E-4,stall,1.129720,1.129740,1.129150,1.129170,1.1288284174791157,1.1286034418049162,8.334464052740405E-4
2016.03.18,12:00,-4.929875408582604E-4,stall,1.129150,1.129190,1.128790,1.128940,1.1288455840207903,1.128628372041589,7.101995200594754E-4
2016.03.18,13:00,-5.154700646897153E-4,stall,1.127290,1.127310,1.127130,1.127150,1.1285847249406686,1.1285188630014713,5.813320038870467E-4
2016.03.18,14:00,-4.8422723980388E-4,stall,1.127490,1.127530,1.127420,1.127520,1.1284209211036427,1.1284448731495105,4.602751939360767E-4
2016.03.18,15:00,-4.906821626907738E-4,stall,1.126910,1.126910,1.126760,1.126780,1.1281684717030822,1.1283215492125096,3.376046532633832E-4
2016.03.18,16:00,-4.274111260298451E-4,stall,1.127460,1.127520,1.127460,1.127480,1.1280625529795312,1.128259212233805,2.307518717559219E-4
2016.03.20,17:00,-4.433952092357555E-4,stall,1.126370,1.126370,1.125760,1.126290,1.1277898525211418,1.1281133446609306,1.1990306944698303E-4
2016.03.20,18:00,-4.025453980608183E-4,stall,1.126790,1.127020,1.126740,1.126740,1.1276283367486586,1.1280116154267876,1.9266719931778446E-5
2016.03.20,19:00,-3.1517177903246977E-4,stall,1.127350,1.127380,1.127310,1.127380,1.1275901310950187,1.1279648290988775,-5.952622482633901E-5
2016.03.20,20:00,-2.3951411282189513E-4,stall,1.127460,1.127550,1.127290,1.127440,1.1275670340034774,1.127925952869331,-1.1940475303181278E-4
2016.03.20,21:00,-1.5866556167670287E-4,stall,1.127750,1.127950,1.127600,1.127750,1.127595182618327,1.1279129193234547,-1.590711434509885E-4
2016.03.20,22:00,-7.269645841225439E-5,stall,1.128210,1.128230,1.128120,1.128150,1.1276805391385845,1.1279304808550508,-1.772452580540521E-4
2016.03.20,23:00,-2.6149443088134132E-5,stall,1.128050,1.128050,1.127950,1.127950,1.1277219946557253,1.1279319267176395,-1.8378261882608563E-4
2016.03.21,00:00,-3.796255561135575E-5,stall,1.127220,1.127280,1.127210,1.127260,1.1276509185548445,1.1278821543681847,-1.9327325772892456E-4
2016.03.21,01:00,-6.139816617298051E-5,stall,1.126930,1.126950,1.126930,1.126950,1.1275430849310222,1.1278131058964673,-2.0862279927216969E-4
2016.03.21,02:00,-6.394664226509883E-5,stall,1.126890,1.127070,1.126890,1.127060,1.1274687641724033,1.1277573202745068,-2.2460945983844438E-4
2016.03.21,03:00,-1.0162554896323667E-4,stall,1.126440,1.126490,1.126370,1.126410,1.127305877376649,1.1276575187726914,-2.5001584707925355E-4
2016.03.21,04:00,-1.8783466196057837E-4,stall,1.124990,1.125310,1.124980,1.125310,1.1269988193187028,1.1274836284932328,-2.9697451256939815E-4
2016.03.21,05:00,-2.5675639597507496E-4,stall,1.124910,1.125050,1.124810,1.124880,1.1266728471158254,1.1272907671233636,-3.6116361156316687E-4
2016.03.21,06:00,-2.168325789956674E-4,stall,1.125980,1.126010,1.125890,1.125920,1.1265570244826215,1.1271892288179293,-4.153717563120837E-4
2016.03.21,07:00,-4.327659948243068E-5,stall,1.128230,1.128310,1.127960,1.128010,1.1267805591776028,1.127250026683268,-4.261909061826914E-4
2016.03.21,08:00,3.783569631022894E-5,buy,1.127400,1.127480,1.127250,1.127480,1.1268881654579717,1.1272670617437666,-4.1673198210513413E-4
2016.03.21,09:00,2.6035327663551718E-5,stall,1.126320,1.126500,1.126290,1.126470,1.1268238323105915,1.1272080201331172,-4.102231501892462E-4
2016.03.21,10:00,1.5270606721358654E-5,stall,1.126080,1.126510,1.126060,1.126380,1.1267555504166542,1.1271466853084418,-4.0640549850890655E-4
2016.03.21,11:00,-2.4947969277805252E-5,sell,1.125680,1.125870,1.125620,1.125810,1.1266100811217843,1.1270476715818905,-4.1264249082835784E-4
2016.03.21,12:00,-8.912058498843122E-5,stall,1.125940,1.126040,1.125070,1.125120,1.126380837872279,1.126904881094343,-4.3492263707546564E-4
2016.03.21,13:00,-1.6984538343257672E-4,stall,1.124230,1.124360,1.124100,1.124350,1.1260684012765438,1.12671563064291,-4.7738398293360984E-4
2016.03.21,14:00,-1.669812006894403E-4,stall,1.124830,1.125010,1.124830,1.124980,1.1259009549263064,1.1265870654101018,-5.191292831059699E-4
2016.03.21,15:00,-1.4148892717923925E-4,stall,1.125170,1.125220,1.125140,1.125140,1.1257838849376438,1.1264798753797238,-5.545015149007797E-4
2016.03.21,16:00,-1.6409262723610725E-4,stall,1.124350,1.124430,1.124330,1.124340,1.1255617487933909,1.1263213660923368,-5.955246717098065E-4
2016.03.21,17:00,-1.9741408228433573E-4,stall,1.124090,1.124120,1.123820,1.123820,1.1252937874405615,1.1261360797151267,-6.448781922808904E-4
2016.03.21,18:00,-1.822878451938377E-4,stall,1.123860,1.124400,1.123860,1.124130,1.1251147432189368,1.12598748121771,-6.904501535793499E-4
2016.03.21,19:00,-1.665291300858375E-4,stall,1.123970,1.123980,1.123920,1.123980,1.1249401673391004,1.125838778905287,-7.320824361008092E-4
2016.03.21,20:00,-1.7826212976429024E-4,stall,1.123480,1.123540,1.123340,1.123400,1.1247032185177004,1.1256581286160066,-7.766479685418818E-4
2016.03.21,21:00,-1.3153837831771553E-4,stall,1.123660,1.123990,1.123640,1.123990,1.1245934925919003,1.1255345635333394,-8.095325631213106E-4
2016.03.21,22:00,-1.0776049888391675E-4,stall,1.123790,1.123790,1.123580,1.123680,1.1244529552700695,1.1253971884567957,-8.364726878422899E-4
2016.03.21,23:00,-1.3211669094713289E-5,stall,1.124720,1.124730,1.124650,1.124720,1.1244940390746743,1.125347026348885,-8.397756051159681E-4
2016.03.22,00:00,1.2523596395743418E-4,buy,1.125890,1.125950,1.125800,1.125830,1.1246995715247243,1.1253828021748935,-8.084666141266096E-4
2016.03.22,01:00,1.50276507261908E-4,stall,1.125020,1.125050,1.124810,1.124850,1.1247227143670744,1.1253433353471236,-7.708974873111326E-4
2016.03.22,02:00,1.9447794245502133E-4,stall,1.125370,1.125370,1.125230,1.125310,1.1248130660029092,1.1253408660621516,-7.222780016973773E-4
2016.03.22,03:00,1.892164359214403E-4,stall,1.125390,1.125390,1.124820,1.124850,1.1248187481563077,1.1253045056131032,-6.749738927170172E-4
2016.03.22,04:00,1.5598795329573034E-4,stall,1.124000,1.124560,1.124000,1.124440,1.1247604792091834,1.1252404681602808,-6.359769043930846E-4
2016.03.22,05:00,-1.403576832405773E-4,sell,1.120170,1.120290,1.119840,1.120160,1.1240527131770013,1.124864137185445,-6.710663252032289E-4
2016.03.22,06:00,-2.8837490952466466E-4,stall,1.120700,1.120820,1.120360,1.120540,1.1235122957651549,1.124543830727264,-7.43160052584395E-4
2016.03.22,07:00,-3.133081838238071E-4,stall,1.121280,1.121280,1.121110,1.121260,1.1231657887243618,1.124300584006726,-8.214870985403468E-4
2016.03.22,08:00,-2.495010358126536E-4,stall,1.122010,1.122150,1.122010,1.122130,1.1230064366129215,1.1241398000062277,-8.838623574935102E-4
2016.03.22,09:00,-1.7560715784864186E-4,stall,1.122420,1.122560,1.122250,1.122330,1.1229023694417029,1.1240057407465072,-9.277641469556707E-4
2016.03.22,10:00,-1.026935677438586E-4,stall,1.122460,1.122600,1.122240,1.122470,1.1228358510660563,1.1238919821726918,-9.534375388916353E-4
2016.03.22,11:00,-1.5475472034614125E-5,stall,1.123170,1.123180,1.122840,1.122900,1.1228457201328168,1.1238185020117517,-9.573064069002889E-4
2016.03.22,12:00,2.1288374813282682E-5,buy,1.122720,1.122720,1.122340,1.122470,1.1227879170354604,1.1237186129738441,-9.519843131969682E-4
2016.03.22,13:00,-3.872675335713481E-5,sell,1.120980,1.121160,1.120960,1.121050,1.1225205451838511,1.1235209379387445,-9.616660015362518E-4
2016.03.22,14:00,-4.5161014012174826E-7,stall,1.122050,1.122150,1.121990,1.122070,1.1224512305401817,1.123413461054393,-9.617789040712823E-4
2016.03.22,15:00,3.612588228426531E-6,buy,1.121820,1.121860,1.121520,1.121620,1.1223233489186153,1.123280612087401,-9.608757570141757E-4
2016.03.22,16:00,3.323781455353452E-5,stall,1.121620,1.122030,1.121600,1.121910,1.1222597567772898,1.123179085266112,-9.52566303375792E-4
2016.03.22,17:00,4.789931362639299E-5,stall,1.121720,1.121740,1.121590,1.121740,1.1221797941961684,1.1230724863575112,-9.405914749691937E-4
2016.03.22,18:00,3.188243369811627E-5,stall,1.121600,1.121600,1.121230,1.121250,1.1220367489352194,1.122937487368066,-9.326208665446647E-4
2016.03.22,19:00,5.9945215489332266E-5,stall,1.121700,1.121770,1.121670,1.121740,1.121991095252878,1.122848784600061,-9.176345626723317E-4
2016.03.22,20:00,9.871231130016884E-5,stall,1.122080,1.122100,1.121990,1.121990,1.1219909267524353,1.1227851709259824,-8.929564848472895E-4
2016.03.22,21:00,8.76864289696259E-5,stall,1.121390,1.121440,1.121350,1.121390,1.12189847648283,1.1226818249314652,-8.71034877604883E-4
2016.03.22,22:00,8.858724721055758E-5,stall,1.121430,1.121530,1.121400,1.121460,1.1218310185623945,1.1225913193809862,-8.488880658022435E-4
2016.03.22,23:00,9.735253631277716E-5,stall,1.121500,1.121550,1.121500,1.121540,1.1217862464758723,1.1225134438712836,-8.245499317240492E-4
2016.03.23,00:00,7.27133246770954E-5,stall,1.121080,1.121080,1.120990,1.121030,1.1216699008641997,1.1224035591400774,-8.063716005547754E-4
2016.03.23,01:00,2.8900895582608505E-5,stall,1.120500,1.120530,1.120500,1.120530,1.1214945315004767,1.1222647769815532,-7.991463766591232E-4
2016.03.23,02:00,3.381686254312925E-6,stall,1.120460,1.120530,1.120450,1.120470,1.121336911269634,1.1221318305384753,-7.98300955095545E-4
2016.03.23,03:00,-6.741570982246126E-5,sell,1.119310,1.119570,1.119180,1.119500,1.1210543095358443,1.121936880128218,-8.151548825511603E-4
2016.03.23,04:00,-1.5570768262029486E-4,stall,1.118960,1.119020,1.118630,1.118640,1.1206828772995605,1.121692666785387,-8.54081803206234E-4
2016.03.23,05:00,-2.0020383898779735E-4,stall,1.118560,1.118610,1.118480,1.118560,1.1203562807919358,1.1214606173938768,-9.041327629531833E-4
2016.03.23,06:00,-1.8829551682834499E-4,stall,1.118890,1.118970,1.118870,1.118890,1.120130699131638,1.1212702012906266,-9.512066421602695E-4
2016.03.23,07:00,-1.3484728423692437E-4,stall,1.119510,1.119560,1.119310,1.119320,1.120005976188309,1.1211257419357654,-9.849184632195005E-4
2016.03.23,08:00,-1.0189132901642782E-4,stall,1.119160,1.119280,1.118990,1.119060,1.1198604413901077,1.1209727240145977,-0.0010103912954736074
2016.03.23,09:00,-2.0644300209914047E-4,stall,1.116920,1.116960,1.116750,1.116870,1.1194003734839373,1.1206688185320348,-0.0010620020459983924
2016.03.23,10:00,-1.4042707700631066E-4,stall,1.118380,1.118640,1.118280,1.118610,1.1192787775633315,1.1205163134555878,-0.00109710881524997
2016.03.23,11:00,-1.0976579510841395E-4,stall,1.118160,1.118350,1.118100,1.118170,1.119108196399742,1.1203425124588775,-0.0011245502640270734
2016.03.23,12:00,-1.2368108430381138E-4,stall,1.117490,1.117490,1.117360,1.117400,1.1188453969536278,1.1201245485730347,-0.0011554705351030261
2016.03.23,13:00,-1.4920850868972192E-4,stall,1.116880,1.116890,1.116790,1.116870,1.1185414897299928,1.119883470900958,-0.0011927726622754566
2016.03.23,14:00,-6.291142688282371E-5,stall,1.118400,1.118400,1.118130,1.118180,1.1184858759253784,1.1197572878712574,-0.0012085005189961626
2016.03.23,15:00,7.408031558705499E-6,buy,1.118190,1.118240,1.118160,1.118210,1.1184434334753202,1.119642673954868,-0.0012066485111064862
2016.03.23,16:00,1.423210082360086E-5,stall,1.117650,1.117660,1.117400,1.117460,1.1182921360175786,1.1194809944026556,-0.001203090485900586
2016.03.23,17:00,6.127857984929868E-5,stall,1.118020,1.118070,1.117840,1.117970,1.1182425766302588,1.1193690688913478,-0.0011877708409382614
2016.03.23,18:00,1.0923175992749181E-4,stall,1.118000,1.118140,1.118000,1.118140,1.118226795610219,1.1192780267512479,-0.0011604629009563884
2016.03.23,19:00,1.4541784687204917E-4,stall,1.118240,1.118240,1.118160,1.118160,1.1182165193624929,1.1191952099548592,-0.001124108439238376
2016.03.23,20:00,1.4519675784345422E-4,stall,1.117790,1.117800,1.117690,1.117760,1.118146285614417,1.1190888981063511,-0.0010878092497775126
2016.03.23,21:00,1.307714862442183E-4,stall,1.117930,1.117950,1.117300,1.117500,1.1180468570583528,1.118971201950325,-0.001055116378216458
2016.03.23,22:00,1.0279603698946493E-4,stall,1.117040,1.117160,1.117040,1.117160,1.117910417510914,1.1188370388428936,-0.0010294173689690917
2016.03.23,23:00,8.223788788422554E-5,stall,1.117070,1.117070,1.116950,1.117050,1.1177780455861581,1.118704665595272,-0.0010088578969980355
2016.03.24,00:00,1.1252955549159336E-4,stall,1.117620,1.117650,1.117610,1.117650,1.1177583462652108,1.1186265422178443,-9.80725508125137E-4
2016.03.24,01:00,9.371458306583721E-5,stall,1.117160,1.117210,1.117010,1.117010,1.117643216070563,1.1185067983498558,-9.572968623586777E-4
2016.03.24,02:00,1.22750787332124E-4,stall,1.117390,1.117590,1.117310,1.117590,1.117635028982784,1.1184388873609776,-9.266091655256467E-4
2016.03.24,03:00,6.638184084024857E-5,stall,1.116800,1.116800,1.116360,1.116390,1.1174434860623559,1.1182871179268312,-9.100137053155846E-4
2016.03.24,04:00,-3.9437390620323E-5,sell,1.116080,1.116080,1.115170,1.115210,1.1170998728219934,1.1180591832655844,-9.198730529706653E-4
2016.03.24,05:00,-1.4260721573071899E-5,stall,1.116550,1.116590,1.116310,1.116480,1.117004507772456,1.117942206727393,-9.234382333639333E-4
2016.03.24,06:00,6.748362832462347E-5,buy,1.116980,1.117420,1.116970,1.117370,1.1170607373459243,1.1178998210438824,-9.065673262827774E-4
2016.03.24,07:00,8.962343932299589E-5,stall,1.116780,1.116880,1.116610,1.116840,1.1170267777542435,1.1178213157813726,-8.841614664520284E-4
2016.03.24,08:00,-4.818145210324634E-6,sell,1.115170,1.115250,1.115060,1.115090,1.1167288119458985,1.1176189960938634,-8.853660027546095E-4
2016.03.24,09:00,2.1531360440214982E-5,buy,1.116320,1.116370,1.116240,1.116300,1.1166628408772987,1.117521292679503,-8.799831626445558E-4
2016.03.24,10:00,7.365859785177025E-5,stall,1.116010,1.116840,1.116010,1.116750,1.1166762499730989,1.1174641598884287,-8.615685131816133E-4
2016.03.24,11:00,3.501954734532581E-5,stall,1.115880,1.115970,1.115560,1.115570,1.1165060576695451,1.117323851748545,-8.528136263452819E-4
2016.03.24,12:00,6.715644997134487E-5,stall,1.116240,1.116400,1.116190,1.116360,1.1164835872588459,1.117252455322727,-8.360245138524456E-4
2016.03.24,13:00,1.3288214325503736E-4,stall,1.117200,1.117250,1.117010,1.117010,1.116564573834408,1.1172344956691918,-8.028039780386862E-4
2016.03.24,14:00,2.6313739629283696E-4,stall,1.118520,1.118520,1.118370,1.118400,1.116846947090653,1.1173208293233257,-7.370196289654769E-4
2016.03.24,15:00,3.0196614384039985E-4,stall,1.117700,1.117840,1.117700,1.117840,1.1169997244613217,1.1173592864104867,-6.615280930053769E-4
2016.03.24,16:00,3.088465920211068E-4,stall,1.117680,1.117760,1.117640,1.117720,1.1171105360826568,1.1173860059356358,-5.843164450001002E-4
2016.03.24,17:00,2.799597941024075E-4,stall,1.117440,1.117540,1.117300,1.117370,1.1171504536084018,1.117384820310774,-5.143264964744983E-4
2016.03.24,18:00,2.812232956270441E-4,stall,1.117830,1.117840,1.117820,1.117830,1.1172549992071092,1.11741779658405,-4.440206725677373E-4
2016.03.24,19:00,2.6876838921141273E-4,stall,1.117690,1.117790,1.117690,1.117790,1.1173373070214,1.1174453672074536,-3.7682857526488407E-4
2016.03.24,20:00,1.6096335692621132E-4,stall,1.116470,1.116710,1.116390,1.116390,1.1171915674796462,1.1173671918587533,-3.3658773603333124E-4
2016.03.24,21:00,8.419483238245631E-5,stall,1.116410,1.116690,1.116300,1.116330,1.1170590186366238,1.117290362832179,-3.155390279377172E-4
2016.03.24,22:00,-3.1115363526354597E-6,sell,1.115740,1.115770,1.115740,1.115740,1.116856092692528,1.1171755211409065,-3.16316912025876E-4
2016.03.24,23:00,-4.4575737875135056E-5,stall,1.115920,1.115920,1.115900,1.115900,1.1167090015090622,1.117081038093432,-3.2746084649465975E-4
2016.03.25,00:00,-6.077532775905026E-5,stall,1.115970,1.115970,1.115960,1.115970,1.1165953089692064,1.1169987389754,-3.426546784344223E-4
2016.03.25,01:00,-7.546805930526873E-5,stall,1.115880,1.115880,1.115800,1.115800,1.1164729537431746,1.1169099434957406,-3.615216932607395E-4
2016.03.25,02:00,-2.509460981957952E-5,stall,1.116530,1.116630,1.116520,1.116620,1.1164955762442246,1.1168884661997598,-3.6779534571563437E-4
2016.03.25,03:00,2.8377882527503174E-5,buy,1.116890,1.116890,1.116890,1.116890,1.1165562568220362,1.1168885798145924,-3.607008750837586E-4
2016.03.25,04:00,2.429273063495941E-6,stall,1.116260,1.116260,1.115910,1.115930,1.116459909618646,1.1168175739024004,-3.600935568178846E-4
2016.03.25,05:00,3.144040319265812E-5,stall,1.116570,1.116590,1.116530,1.116590,1.1164799235234697,1.1168007165762968,-3.5223345601972006E-4
2016.03.25,06:00,5.501616464279968E-5,stall,1.116640,1.116650,1.116640,1.116650,1.1165060891352436,1.1167895523854598,-3.384794148590201E-4
2016.03.25,07:00,1.1530535044646699E-4,stall,1.117370,1.117370,1.117300,1.117360,1.1166374600375137,1.1168318077643147,-3.0965307724740336E-4
2016.03.25,09:00,8.350162473638766E-5,stall,1.116380,1.116400,1.116320,1.116320,1.1165886200317423,1.1167938960780692,-2.887776710633064E-4
2016.03.25,10:00,9.373193526649473E-5,stall,1.116910,1.116960,1.116810,1.116820,1.1166242169499359,1.116795829701916,-2.653446872466827E-4
2016.03.25,11:00,7.403707403275583E-5,stall,1.116470,1.116470,1.116450,1.116450,1.1165974143422535,1.1167702126869592,-2.468354187384938E-4
2016.03.25,12:00,5.048927262630106E-5,stall,1.116320,1.116320,1.116300,1.116300,1.1165516582895991,1.1167353821175547,-2.3421310058191854E-4
2016.03.25,13:00,4.287663158955313E-5,stall,1.116400,1.116430,1.116380,1.116420,1.1165314031681224,1.1167120204792174,-2.2349394268453027E-4
2016.03.25,14:00,5.576400927395994E-5,stall,1.116700,1.116700,1.116700,1.116700,1.1165573411422574,1.1167111300733494,-2.095529403660403E-4
2016.03.25,15:00,5.5808837562113E-5,stall,1.116590,1.116590,1.116590,1.116590,1.1165623655819101,1.1167021574753235,-1.9560073097551204E-4
2016.03.25,16:00,7.57544271670896E-5,stall,1.116920,1.116930,1.116920,1.116920,1.1166173862616162,1.1167182939586329,-1.7666212418373964E-4
2016.03.27,17:00,2.9735814775721202E-5,stall,1.116040,1.116040,1.116040,1.116040,1.116528557605983,1.116668049961697,-1.6922817048980934E-4
2016.03.27,18:00,1.6830676392753235E-5,stall,1.116410,1.116410,1.116110,1.116290,1.1164918564358317,1.1166400462608306,-1.6502050139162103E-4
2016.03.27,19:00,-6.590261742225878E-6,sell,1.115990,1.116040,1.115930,1.116040,1.1164223400610884,1.1165955983896578,-1.666680668271775E-4
2016.03.27,20:00,-3.8550397810255266E-5,stall,1.115720,1.115740,1.115710,1.115740,1.1163173646670748,1.1165322207311648,-1.763056662797413E-4
2016.03.27,21:00,-4.474334505553124E-5,stall,1.115820,1.115940,1.115820,1.115900,1.1162531547182941,1.1164853895658933,-1.8749150254362412E-4
2016.03.27,22:00,-6.754447906363482E-5,stall,1.115520,1.115540,1.115490,1.115540,1.1161434386077873,1.1164153607091605,-2.0437762230953282E-4
2016.03.27,23:00,-6.303001375192709E-5,stall,1.115830,1.115840,1.115750,1.115750,1.1160829095912046,1.116366074730704,-2.2013512574751458E-4
2016.03.28,00:00,-1.9789651860217832E-5,stall,1.116310,1.116310,1.116280,1.116300,1.1161163081156347,1.1163611803062075,-2.2508253871256903E-4
2016.03.28,01:00,5.296596955434152E-6,buy,1.116280,1.116280,1.116190,1.116220,1.1161322607132294,1.1163507225057476,-2.237583894737105E-4
2016.03.28,02:00,3.426965735947807E-5,stall,1.116480,1.116490,1.116400,1.116400,1.1161734513727326,1.116354372690507,-2.15190975133841E-4
2016.03.28,03:00,7.237826907986644E-5,stall,1.116490,1.116740,1.116410,1.116710,1.1162559973153892,1.1163807154541732,-1.9709640786387439E-4
2016.03.28,04:00,9.490488712146004E-5,stall,1.116520,1.116730,1.116480,1.116720,1.116327382343791,1.116405847642753,-1.733701860835094E-4
2016.03.28,05:00,1.2477494592919074E-4,stall,1.117060,1.117060,1.116990,1.117020,1.1164339389062845,1.1164513404099565,-1.4217644960121172E-4
2016.03.28,06:00,1.1208696465112616E-4,stall,1.116640,1.116640,1.116610,1.116610,1.1164610252283946,1.116463092972182,-1.1415470843843017E-4
2016.03.28,07:00,7.823949751786716E-5,stall,1.116290,1.116320,1.116280,1.116280,1.116433175193257,1.1164495305297981,-9.459483405896338E-5
2016.03.28,08:00,7.612170249038311E-5,stall,1.116480,1.116680,1.116480,1.116630,1.116463455932756,1.116462898638702,-7.556440843636761E-5
2016.03.28,09:00,1.6275204971281048E-4,stall,1.118030,1.118140,1.117960,1.118060,1.1167090780969473,1.1165812024432427,-3.487639600816499E-5
2016.03.28,10:00,3.3009006436095906E-4,stall,1.120460,1.120460,1.119900,1.119960,1.1172092199281862,1.1168314837437432,4.7646120082074774E-5
2016.03.28,11:00,5.097716553982888E-4,stall,1.121550,1.121620,1.121400,1.121410,1.1178554937853884,1.1171706330960585,1.75089033931647E-4
2016.03.28,12:00,5.64078967820829E-4,stall,1.120830,1.121050,1.120830,1.120940,1.118330033203021,1.1174498454593134,3.161087758868543E-4
2016.03.28,13:00,4.6291944543391485E-4,stall,1.119300,1.119390,1.119180,1.119330,1.1184838742487102,1.117589116166031,4.31838637245333E-4
2016.03.28,14:00,4.0321945580336935E-4,stall,1.119780,1.119860,1.119730,1.119830,1.1186909705181394,1.1177551075611398,5.326435011961753E-4
2016.03.28,15:00,3.5512345891063795E-4,stall,1.120120,1.120170,1.119990,1.120070,1.118903128899964,1.1179265810751295,6.214243659238348E-4
2016.03.28,16:00,2.872945445765166E-4,stall,1.119960,1.120000,1.119830,1.119860,1.119050339838431,1.1180697972917866,6.93248002067964E-4
2016.03.28,17:00,1.985111417836863E-4,stall,1.119600,1.119600,1.119320,1.119470,1.119114902940211,1.1181735160109134,7.428757875138855E-4
2016.03.28,18:00,1.4482978524997157E-4,stall,1.119760,1.119780,1.119760,1.119770,1.1192156871032555,1.1182917740841791,7.790832338263785E-4
2016.03.28,19:00,9.77647344400838E-5,stall,1.119700,1.119790,1.119690,1.119790,1.119304042933524,1.1184027537816474,8.035244174363994E-4
2016.03.28,20:00,6.155829447524342E-5,stall,1.120070,1.120110,1.119870,1.119880,1.1193926517129817,1.1185121794274513,8.189139910552102E-4
2016.03.28,21:00,8.388453500932785E-6,stall,1.119620,1.119710,1.119540,1.119570,1.1194199360648307,1.1185905365068993,8.210111044304434E-4
2016.03.28,22:00,-5.264558664989927E-5,sell,1.119280,1.119420,1.119220,1.119260,1.1193953305163953,1.1186401263952772,8.078497077679686E-4
2016.03.28,23:00,-8.720948723016657E-5,stall,1.119440,1.119500,1.119330,1.119390,1.1193945104369498,1.1186956725882196,7.86047335960427E-4
2016.03.29,00:00,-1.0125722238035989E-4,stall,1.119500,1.119550,1.119500,1.119550,1.1194184319081883,1.1187589561002034,7.607330303653371E-4
2016.03.29,01:00,-1.455128193558438E-4,stall,1.119020,1.119060,1.119010,1.119020,1.119357134691544,1.1187782926853735,7.243548255263762E-4
2016.03.29,02:00,-1.9328698146445483E-4,stall,1.118740,1.118750,1.118620,1.118690,1.1192544985851527,1.1187717524864569,6.760330801602625E-4
2016.03.29,03:00,-2.4032157138316403E-4,stall,1.119360,1.119360,1.118350,1.118360,1.1191168834182061,1.1187412523022748,6.159526873144715E-4
2016.03.29,04:00,-2.9919547869964257E-4,stall,1.117630,1.117800,1.117550,1.117790,1.118912747507713,1.118670789168773,5.411538176395608E-4
2016.03.29,05:00,-3.0237141892180253E-4,stall,1.118060,1.118160,1.118040,1.118150,1.1187954017372956,1.1186322121933083,4.655609629091102E-4
2016.03.29,06:00,-2.0277275174804255E-4,stall,1.119670,1.119680,1.119300,1.119560,1.1189130322392502,1.1187009372160261,4.148677749720996E-4
2016.03.29,07:00,-7.287204368420223E-5,stall,1.120490,1.120580,1.120390,1.120510,1.1191587195870578,1.118834941866691,3.9664976405104905E-4
2016.03.29,08:00,-2.060502906056519E-5,stall,1.120030,1.120170,1.120000,1.120050,1.1192958396505874,1.118924946172862,3.914985067859077E-4
2016.03.29,09:00,1.3283394680898658E-4,buy,1.121420,1.122520,1.121230,1.121980,1.119708787396651,1.1191512464563538,4.247069934881544E-4
2016.03.29,10:00,1.1861562114196721E-4,stall,1.120210,1.120720,1.120070,1.120420,1.1198182047202432,1.1192452282003276,4.5436089877364617E-4
2016.03.29,11:00,-5.2542538265093074E-5,sell,1.118870,1.118890,1.118020,1.118040,1.1195446347632827,1.1191559520373404,4.412252642073729E-4
2016.03.29,12:00,-2.8348615789001964E-5,stall,1.120240,1.120380,1.120080,1.120120,1.1196331524920085,1.1192273629975373,4.341381102601224E-4
2016.03.29,13:00,4.125603173232729E-4,buy,1.126440,1.126840,1.126440,1.126830,1.1207403598009302,1.119790521294016,5.372781895909406E-4
2016.03.29,14:00,7.293966855263081E-4,stall,1.128240,1.128240,1.127800,1.127880,1.1218387659854026,1.1203897419389037,7.196273609725176E-4
2016.03.29,15:00,9.872094901868344E-4,stall,1.129520,1.129550,1.129420,1.129510,1.1230189558338022,1.1210653166100961,9.664297335192262E-4
2016.03.29,16:00,0.0010876014766786647,stall,1.129720,1.129730,1.129500,1.129500,1.1240160395516787,1.1216901079723112,0.0012383301026888925
2016.03.29,17:00,0.0010573328542533807,stall,1.129070,1.129420,1.128800,1.129110,1.1247997257744975,1.1222397296039919,0.0015026633162522377
2016.03.29,18:00,9.698726147551377E-4,stall,1.129020,1.129200,1.128990,1.129120,1.1254643833476516,1.1227493792629555,0.001745131469941022
2016.03.29,19:00,8.285183996413691E-4,stall,1.128810,1.128820,1.128800,1.128810,1.125979093601859,1.1231983141323663,0.0019522610698513643
2016.03.29,20:00,6.940058603197964E-4,stall,1.128910,1.129060,1.128910,1.129050,1.1264515407400346,1.1236317723447835,0.0021257625349313134
2016.03.29,21:00,5.986072660393617E-4,stall,1.129620,1.129760,1.129620,1.129750,1.1269589960107986,1.1240849743933181,0.002275414351441154
2016.03.29,22:00,4.3116740745967894E-4,stall,1.128870,1.128900,1.128850,1.128880,1.1272545350860603,1.1244401614752946,0.0023832062033060735
2016.03.29,23:00,3.214565555070539E-4,stall,1.129490,1.129510,1.129430,1.129500,1.1275999912266663,1.1248149643289764,0.0024635703421828367
2016.03.30,00:00,1.9487361207157694E-4,stall,1.129180,1.129220,1.129120,1.129210,1.1278476848841024,1.12514052252683,0.002512288745200731
2016.03.30,01:00,1.1304670038326083E-4,stall,1.129660,1.129750,1.129660,1.129690,1.1281311179788558,1.125477520858176,0.002540550420296546
2016.03.30,02:00,8.436367701181472E-5,stall,1.129720,1.130500,1.129700,1.130500,1.1284955613667242,1.125849556350163,0.0025616413395495
2016.03.30,03:00,7.753801010199849E-5,stall,1.130350,1.131270,1.130350,1.131110,1.1288977826949205,1.1262392188427435,0.002581025842075
2016.03.30,04:00,1.3181826992905796E-4,stall,1.132820,1.132920,1.132010,1.132460,1.129445816126471,1.1267000174469848,0.002613980409557264
2016.03.30,05:00,1.0318996133842429E-4,stall,1.131930,1.132110,1.131900,1.131960,1.1298326136454755,1.1270896457842452,0.00263977789989187
2016.03.30,06:00,4.6197903052931904E-5,stall,1.131990,1.132010,1.131800,1.131810,1.130136826930787,1.127439301652079,0.002651327375655103
2016.03.30,07:00,-2.1860620710881414E-5,sell,1.132270,1.132280,1.131620,1.131720,1.1303803920183582,1.1277563904185917,0.0026458622204773826
2016.03.30,08:00,3.503567868381671E-5,buy,1.133640,1.133780,1.133430,1.133640,1.13088187016938,1.1281922133505478,0.0026546211401483367
2016.03.30,09:00,-1.1743799159942558E-4,sell,1.131120,1.131520,1.131070,1.131100,1.13091542860486,1.1284076049542109,0.0026252616422484804
2016.03.30,10:00,-1.2420775134908135E-4,stall,1.132720,1.132770,1.132420,1.132770,1.1312007472810353,1.1287307453279731,0.00259420970441121
2016.03.30,11:00,7.57174843957209E-6,buy,1.135420,1.135640,1.135170,1.135170,1.1318114015454914,1.1292077271555307,0.002596102641521103
2016.03.30,12:00,-6.791360389843968E-5,sell,1.132950,1.133140,1.132890,1.133070,1.1320050320769544,1.1294938214403063,0.0025791242405464932
2016.03.30,13:00,-1.9261549783678323E-4,stall,1.131890,1.132200,1.131880,1.132170,1.132030411757423,1.1296920568891724,0.002530970366087297
2016.03.30,14:00,-3.048132091692892E-4,stall,1.131970,1.131990,1.131840,1.131840,1.1320011176408964,1.1298511637862707,0.002454767063794975
2016.03.30,15:00,-2.9155448566101257E-4,stall,1.133370,1.133370,1.133140,1.133250,1.132193253388451,1.1301029294317322,0.002381878442379722
2016.03.30,16:00,-2.737211218651462E-4,stall,1.133490,1.133530,1.133440,1.133500,1.1323942913286893,1.130354564288641,0.0023134481619134354
2016.03.30,17:00,-2.609895704142151E-4,stall,1.133620,1.133640,1.133620,1.133630,1.1325844003550447,1.130597189156149,0.0022482007693098815
2016.03.30,18:00,-2.6748271299813177E-4,stall,1.133380,1.133510,1.133370,1.133510,1.1327268003004225,1.1308129529223603,0.0021813300910603485
2016.03.30,19:00,-2.933717891825502E-4,stall,1.133240,1.133270,1.133190,1.133260,1.1328088310234343,1.1309942156688522,0.002107987143764711
2016.03.30,20:00,-3.15990349580195E-4,stall,1.133250,1.133430,1.133150,1.133220,1.13287208778906,1.1311590885822704,0.0020289895563696623
2016.03.30,21:00,-3.563511115050558E-4,stall,1.132940,1.132950,1.132820,1.132840,1.1328671512061277,1.1312836005391393,0.0019399017784933984
2016.03.30,22:00,-4.2277331339399477E-4,stall,1.132110,1.132220,1.132060,1.132180,1.132761435635954,1.1313500004992032,0.0018342084501448996
2016.03.30,23:00,-5.215064258996776E-4,stall,1.131280,1.131310,1.131170,1.131200,1.1325212147688843,1.131338889351114,0.00170383184366998
2016.03.31,00:00,-5.505258800719138E-4,stall,1.131440,1.131550,1.131380,1.131530,1.132368720189056,1.131353045695476,0.0015662003736520015
2016.03.31,01:00,-5.337123328361111E-4,stall,1.131760,1.131890,1.131710,1.131850,1.1322889170830475,1.1313898571254406,0.0014327722904429736
2016.03.31,02:00,-5.063436263215144E-4,stall,1.132080,1.132240,1.131880,1.131880,1.1322260067625787,1.1314261640050376,0.001306186383862595
2016.03.31,03:00,-4.2669108578259314E-4,stall,1.132360,1.132700,1.132030,1.132630,1.1322881595683358,1.1315153370417015,0.0011995136124169467
2016.03.31,04:00,-2.8045680846858516E-4,stall,1.134380,1.134450,1.133900,1.133960,1.1325453657885918,1.1316964231867606,0.0011293994102998003
2016.03.31,05:00,-1.1036601595588958E-4,stall,1.135320,1.135630,1.135020,1.135120,1.1329414633595776,1.1319500214692226,0.0011018079063108278
2016.03.31,06:00,9.153974970258524E-5,buy,1.136580,1.136690,1.136550,1.136680,1.1335166228427194,1.1323003902492803,0.0011246928437364742
2016.03.31,07:00,2.6494123104295244E-4,stall,1.137730,1.137780,1.137640,1.137650,1.1341525270207626,1.1326966576382225,0.0011909281514972123
2016.03.31,08:00,4.3886270442998693E-4,stall,1.138750,1.139360,1.138750,1.139060,1.1349075228637222,1.1331680163316875,0.001300643827604709
2016.03.31,09:00,5.008843287471437E-4,stall,1.138860,1.138900,1.138780,1.138870,1.135517134730842,1.1335903854923033,0.001425864909791495
2016.03.31,10:00,5.955900780050451E-4,stall,1.140110,1.140580,1.140070,1.140360,1.136262190926097,1.1340918384187992,0.0015747624292927562
2016.03.31,11:00,5.58317051303285E-4,stall,1.139760,1.139840,1.139440,1.139560,1.136769546168236,1.134496887424814,0.0017143416921185776
2016.03.31,12:00,4.434709173056228E-4,stall,1.138950,1.138970,1.138830,1.138830,1.1370865390654303,1.1348178587266797,0.0018252094214449832
2016.03.31,13:00,2.9586212953778375E-4,stall,1.138120,1.138410,1.138120,1.138270,1.137268609978441,1.1350735728950738,0.001899174953829429
2016.03.31,14:00,1.7690157015131627E-4,stall,1.138520,1.138600,1.138340,1.138370,1.1374380545971425,1.135317752680624,0.001943400346367258
2016.03.31,15:00,1.0534261555252347E-4,stall,1.138810,1.138860,1.138690,1.138840,1.1376537385052745,1.1355786598894666,0.001969736000255389
2016.03.31,16:00,-1.7234106210292817E-5,sell,1.137850,1.137990,1.137780,1.137990,1.1377054710429246,1.135757277675432,0.001965427473702816
2016.03.31,17:00,-1.1873592714865887E-4,stall,1.137820,1.137870,1.137820,1.137870,1.137730783190167,1.1359137756254,0.0019357434919156514
2016.03.31,18:00,-1.7527165000078612E-4,stall,1.138090,1.138190,1.138070,1.138160,1.137796816545526,1.1360801626161112,0.0018919255794154549
2016.03.31,19:00,-2.423799762729488E-4,stall,1.137820,1.137820,1.137760,1.137790,1.1377957678462143,1.13620681723714,0.0018313305853472177
2016.03.31,20:00,-2.8268851783879996E-4,stall,1.137820,1.137950,1.137660,1.137880,1.1378087266391044,1.1363307567010557,0.0017606584558875176
2016.03.31,21:00,-2.9450765594449583E-4,stall,1.138290,1.138470,1.138020,1.138110,1.1378550763869344,1.1364625525009775,0.0016870315419013936
2016.03.31,22:00,-3.561024435454721E-4,stall,1.137180,1.137330,1.137180,1.137260,1.13776352617356,1.1365216226860904,0.0015980059310150255
2016.03.31,23:00,-3.9380098283390034E-4,stall,1.137230,1.137270,1.137210,1.137210,1.1376783683007046,1.136572613598232,0.0014995556853065503