2016.03.02,09:00,7.606908715537881E-4,stall,1.402530,1.402530,1.402160,1.402300,1.397974139997587,1.3967933427791852,4.2010634684790874E-4
2016.03.02,10:00,8.331529306086654E-4,stall,1.402630,1.402630,1.402490,1.402590,1.3986842723056505,1.3972227247955418,6.283945795000751E-4
2016.03.02,11:00,0.001058271951732483,stall,1.406320,1.406520,1.406180,1.406180,1.3998374611817044,1.3978862266625387,8.929625674331959E-4
2016.03.02,12:00,0.001083424374865071,stall,1.405560,1.405870,1.405360,1.405360,1.4006870825383653,1.3984398395023507,0.0011638186611494636
2016.03.02,13:00,0.0010630548730872118,stall,1.406420,1.406430,1.405820,1.405850,1.4014813775324628,1.3989887402799543,0.0014295823794212665
2016.03.02,14:00,0.0010925700763063796,stall,1.407540,1.407620,1.407370,1.407590,1.4024211656043917,1.3996258706295874,0.0017027248984978615
2016.03.02,15:00,0.001014659351602732,stall,1.407420,1.407420,1.407200,1.407220,1.4031594478191007,1.4001883987310995,0.0019563897363985444
2016.03.02,16:00,9.26709099007726E-4,stall,1.407700,1.407720,1.407700,1.407720,1.4038610712315467,1.4007462951213885,0.0021880670111504756
2016.03.02,17:00,7.953976533430739E-4,stall,1.407580,1.407730,1.407410,1.407600,1.404436291042078,1.4012539769642487,0.002386916424486244
2016.03.02,18:00,6.445316492801529E-4,stall,1.407630,1.407640,1.407440,1.407520,1.4049107078048353,1.4017181268187489,0.0025480493368062822
2016.03.02,19:00,5.006123868345801E-4,stall,1.407830,1.407830,1.407600,1.407640,1.4053305989117837,1.4021567840914342,0.0026732024335149275
2016.03.02,20:00,3.3490368756674887E-4,stall,1.407360,1.407370,1.407220,1.407250,1.405625891386894,1.4025340593439206,0.002756928355406615
2016.03.02,21:00,2.910965296538874E-4,stall,1.408760,1.408890,1.408730,1.408860,1.4061234465581411,1.4030026475406672,0.0028297024878200868
2016.03.02,22:00,1.4025664689737947E-4,stall,1.407850,1.407850,1.407570,1.407570,1.406345993241504,1.4033409699450623,0.0028647666495444316
2016.03.02,23:00,2.5006647501739452E-5,stall,1.407820,1.407830,1.407740,1.407770,1.4065650712043496,1.403669046245428,0.0028710183114198664
2016.03.03,00:00,-7.471523505564546E-5,sell,1.407810,1.407810,1.407770,1.407770,1.4067504448652188,1.4039728205976185,0.002852339502655955
2016.03.03,01:00,-1.3952304202442594E-4,stall,1.408310,1.408340,1.408070,1.408080,1.4069549918090314,1.404277056108906,0.002817458742149848
2016.03.03,02:00,-1.653303398443033E-4,stall,1.408870,1.409060,1.408600,1.408600,1.4072080699922573,1.4045972741749129,0.0027761261571887723
2016.03.03,03:00,-1.2539624004454485E-4,stall,1.410090,1.410090,1.409070,1.409740,1.4075975976857562,1.4049782168286231,0.002744777097177636
2016.03.03,04:00,-3.683435162216628E-4,stall,1.405840,1.406460,1.405610,1.405830,1.4073256595802552,1.4050413118783547,0.0026526912181222204
2016.03.03,05:00,-3.8892326539116673E-4,stall,1.408100,1.408190,1.407810,1.407970,1.4074247888756006,1.4052582517392174,0.0025554604017744287
2016.03.03,06:00,-4.6663503182926575E-4,stall,1.407030,1.407100,1.406750,1.407000,1.4073594367408928,1.405387270128905,0.0024388016438171125
2016.03.03,07:00,-5.801241181283426E-4,stall,1.405420,1.405970,1.405280,1.405950,1.407142600319217,1.4054289538230602,0.002293770614285027
2016.03.03,08:00,-4.0690867988882936E-4,stall,1.409250,1.409720,1.409250,1.409630,1.4075252771931834,1.4057401424287594,0.0021920434443128195
2016.03.03,09:00,-3.129486311684018E-4,stall,1.408900,1.409400,1.408800,1.409380,1.407810619163463,1.4060097615081106,0.002113806286520719
2016.03.03,10:00,6.663337856129903E-5,buy,1.412990,1.414450,1.412390,1.414450,1.408832062369084,1.4066349643593616,0.0021304646311610435
2016.03.03,11:00,3.524695641889692E-4,stall,1.415570,1.415970,1.415490,1.415560,1.4098671296969172,1.40729607811052,0.0022185820222082858
2016.03.03,12:00,4.5654665360766056E-4,stall,1.415040,1.415140,1.414990,1.414990,1.4106552635896992,1.4078659982504813,0.0023327186856102007
2016.03.03,13:00,4.414805608774419E-4,stall,1.414320,1.414520,1.414320,1.414440,1.4112375307297453,1.4083529613430383,0.0024430888258295614
2016.03.03,14:00,5.05960142178268E-4,stall,1.416500,1.416500,1.416270,1.416310,1.4120179106174768,1.4089423716139244,0.0025695788613741286
2016.03.03,15:00,5.59604555037895E-4,stall,1.417250,1.417400,1.417180,1.417300,1.4128305397532497,1.4095614551980782,0.0027094800001336026
2016.03.03,16:00,6.259826491006306E-4,stall,1.418950,1.418970,1.418580,1.418660,1.4137273797912113,1.410235421479702,0.0028659756624087604
2016.03.03,17:00,5.320623580198349E-4,stall,1.417280,1.417460,1.417240,1.417460,1.414301629054102,1.4107705754441684,0.0029989912519137194
2016.03.03,18:00,3.930732314342926E-4,stall,1.417070,1.417070,1.417010,1.417070,1.4147275322765478,1.4112371994853412,0.0030972595597722925
2016.03.03,19:00,2.5647669041305166E-4,stall,1.417110,1.417150,1.416960,1.417060,1.4150863734647712,1.4116685180419826,0.0031613787323755554
2016.03.03,20:00,9.604699790067856E-5,stall,1.416840,1.416840,1.416540,1.416550,1.4153115467778834,1.412030109298132,0.003185390481850725
2016.03.03,21:00,-3.475370482303392E-5,sell,1.416420,1.416630,1.416420,1.416610,1.4155113088120552,1.4123693604612333,0.0031767020556449665
2016.03.03,22:00,-1.7259453960529912E-4,stall,1.416170,1.416220,1.416150,1.416160,1.4156111074563544,1.412650148575216,0.0031335534207436416
2016.03.03,23:00,-3.033997107441534E-4,stall,1.415590,1.415770,1.415520,1.415770,1.415635552463069,1.4128812486807556,0.003057703493057603
2016.03.04,00:00,-4.043775858171171E-4,stall,1.415690,1.415700,1.415620,1.415660,1.4156393136225969,1.4130870821118107,0.002956609096603324
2016.03.04,01:00,-4.702343779713924E-4,stall,1.415700,1.415720,1.415660,1.415710,1.4156501884498898,1.4132813723257507,0.002839050502110476
2016.03.04,02:00,-4.942376353104477E-4,stall,1.415780,1.416060,1.415780,1.416000,1.4157040056114452,1.4134827521534727,0.002715491093282864
2016.03.04,03:00,-5.138738621577954E-4,stall,1.414950,1.415970,1.414920,1.415910,1.4157356970558381,1.4136625482902525,0.002587022627743415
2016.03.04,04:00,-6.121734725609124E-4,stall,1.414050,1.414700,1.414050,1.414510,1.4155471282780168,1.4137253224909745,0.0024339792596031868
2016.03.04,05:00,-7.545058259064469E-4,stall,1.413810,1.413810,1.413090,1.413090,1.4151691085429372,1.413678261565717,0.002245352803126575
2016.03.04,06:00,-8.144241720869057E-4,stall,1.413420,1.413580,1.413210,1.413250,1.414873861074793,1.4136465384867751,0.0020417467601048485
2016.03.04,07:00,-7.009034342681832E-4,stall,1.414680,1.415250,1.414680,1.415240,1.4149301901402096,1.41376457267294,0.0018665209015378027
2016.03.04,08:00,-5.978996774997276E-4,stall,1.415560,1.415760,1.415200,1.415430,1.4150070839647928,1.4138879376601297,0.001717045982162871
2016.03.04,09:00,-3.644876164965384E-4,stall,1.416780,1.417830,1.416480,1.417830,1.41544137873944,1.4141799422778978,0.0016259240780387364
2016.03.04,10:00,6.306300605203835E-5,buy,1.421610,1.422230,1.421490,1.422170,1.4164765512410646,1.4147717984054609,0.001641689829551746
2016.03.04,11:00,2.9681619749017036E-4,stall,1.421520,1.422210,1.421330,1.421920,1.4173140048962856,1.415301294819871,0.0017158938789242886
2016.03.04,12:00,4.5105387176360865E-4,stall,1.422380,1.422540,1.422360,1.422530,1.4181164656814724,1.4158367544628436,0.0018286573468651907
2016.03.04,13:00,4.7677807002497147E-4,stall,1.422120,1.422190,1.422020,1.422050,1.4187216248073997,1.4162969948730033,0.0019478518643714336
2016.03.04,14:00,4.227082157885827E-4,stall,1.421600,1.421690,1.421590,1.421620,1.4191675286831844,1.4166912915490772,0.0020535289183185794
2016.03.04,15:00,3.1794328233799045E-4,stall,1.421240,1.421250,1.421080,1.421150,1.4194725242703867,1.4170215662491457,0.002133014738903077
2016.03.04,16:00,2.8827921134470195E-4,stall,1.422390,1.422390,1.422160,1.422280,1.419904443613404,1.4174110798603201,0.002205084541739253
2016.03.06,17:00,1.9362763402040522E-4,stall,1.421580,1.421640,1.421580,1.421640,1.420171452288265,1.4177243332040002,0.002253491450244354
2016.03.06,18:00,1.4317387869836442E-4,stall,1.422130,1.422280,1.422040,1.422260,1.4204927673208396,1.4180603085222223,0.002289284919918945
2016.03.06,19:00,2.5099983306045744E-5,stall,1.420980,1.421460,1.420980,1.421350,1.4206246492714796,1.418303989372428,0.002295559915745457
2016.03.06,20:00,-4.817605204878936E-5,sell,1.421400,1.421710,1.421400,1.421710,1.4207916263066365,1.418556286455952,0.0022835159027332595
2016.03.06,21:00,-1.8068186204606975E-4,stall,1.420620,1.420650,1.420560,1.420640,1.4207682991825386,1.4187106356073629,0.002238345437221742
2016.03.06,22:00,-2.791360994729942E-4,stall,1.420560,1.420610,1.420510,1.420570,1.4207377916159942,1.4188483663031137,0.0021685614123534936
2016.03.06,23:00,-3.115213545246986E-4,stall,1.420880,1.421130,1.420880,1.421110,1.4207950544443029,1.4190158947251053,0.002090681073722319
2016.03.07,00:00,-3.4731321385244197E-4,stall,1.420940,1.421040,1.420900,1.420910,1.4208127383759486,1.4191561988195418,0.0020038527702592084
2016.03.07,01:00,-3.608743955678597E-4,stall,1.421050,1.421070,1.421030,1.421050,1.420849240164264,1.4192964803884647,0.0019136341713672435
2016.03.07,02:00,-4.6490573587351603E-4,stall,1.419570,1.419940,1.419470,1.419530,1.4206462801389927,1.4193137781374674,0.0017974077373988646
2016.03.07,03:00,-6.401887389700486E-4,stall,1.418390,1.418390,1.417590,1.417680,1.4201899293483784,1.419192757534692,0.0016373605526563526
2016.03.07,04:00,-8.986227607725359E-4,stall,1.415010,1.415130,1.414960,1.415060,1.4194007094486278,1.4188866273469372,0.0014127048624632186
2016.03.07,05:00,-0.0010672195743285753,stall,1.414750,1.414750,1.414400,1.414420,1.4186344464565313,1.4185557660619788,0.0011458999688810747
2016.03.07,06:00,-0.0011178216789301614,stall,1.414330,1.414670,1.414330,1.414570,1.4180091470016802,1.4182605241314619,8.664445491485343E-4
2016.03.07,07:00,-0.0010267252876972565,stall,1.415230,1.415810,1.415230,1.415700,1.4176538936168064,1.4180708556772794,6.097632272242203E-4
2016.03.07,08:00,-9.558258317494203E-4,stall,1.414860,1.415240,1.414860,1.415160,1.4172702176757592,1.4178552367382218,3.708067692868652E-4
2016.03.07,09:00,-8.384967891540255E-4,stall,1.415510,1.415660,1.415400,1.415570,1.4170086457256423,1.417685959942798,1.6118257199835884E-4
2016.03.07,10:00,-7.135368288660664E-4,stall,1.416140,1.416200,1.415640,1.415710,1.4168088540755435,1.4175395925396277,-1.720163521815775E-5
2016.03.07,11:00,-3.200459053696643E-4,stall,1.420490,1.420520,1.419990,1.420060,1.4173090303716138,1.417726289388544,-9.721311156057384E-5
2016.03.07,12:00,2.8312198575543713E-4,buy,1.425250,1.425790,1.425250,1.425370,1.4185491795452116,1.418292490174578,-2.6432615121714558E-5
2016.03.07,13:00,8.003757631857378E-4,stall,1.427600,1.427820,1.427570,1.427780,1.4199693057690252,1.4189952686801648,1.736613256747199E-4
2016.03.07,14:00,9.853136570599236E-4,stall,1.426570,1.426580,1.426280,1.426280,1.4209401818045597,1.41953487840756,4.199897399397007E-4
2016.03.07,15:00,0.0010285176405205,stall,1.426180,1.426270,1.425990,1.426010,1.4217201538346274,1.420014517044037,6.771191500698258E-4
2016.03.07,16:00,0.0010261397786843506,stall,1.426590,1.426660,1.426360,1.426490,1.4224539763216077,1.4204941824481825,9.336540947409135E-4
2016.03.07,17:00,9.451147227444573E-4,stall,1.426230,1.426230,1.425880,1.426220,1.4230333645798219,1.4209183170816504,0.0011699327754270278
2016.03.07,18:00,8.149739589648256E-4,stall,1.426070,1.426100,1.425820,1.425920,1.4234774623367723,1.4212888121126392,0.001373676265168234
2016.03.07,19:00,6.807111301186536E-4,stall,1.425920,1.426000,1.425910,1.425960,1.4238593912080382,1.4216348260302216,0.0015438540476978974
2016.03.07,20:00,5.193571697397767E-4,stall,1.426040,1.426170,1.425510,1.425530,1.424116407945263,1.4219233574353904,0.0016736933401328416
2016.03.07,21:00,3.6297579681954305E-4,stall,1.425120,1.425340,1.425120,1.425330,1.4243031144152225,1.4221757013290652,0.0017644372893377274
2016.03.07,22:00,2.0750897052384024E-4,stall,1.424960,1.424990,1.424950,1.424980,1.4244072506590344,1.4223834271565419,0.0018163145319686875
2016.03.07,23:00,8.709565615067343E-5,stall,1.425080,1.425080,1.425050,1.425050,1.424506135173029,1.422580951070872,0.0018380884460063559
2016.03.08,00:00,-1.403979924894565E-6,sell,1.425250,1.425270,1.425180,1.425180,1.4246098066848707,1.4227734732137705,0.0018377374510251323
2016.03.08,01:00,-9.589072223061207E-5,stall,1.424830,1.424830,1.424790,1.424830,1.424643682579506,1.422925808531269,0.0018137647704674791
2016.03.08,02:00,-1.8193841819550598E-4,stall,1.424570,1.424660,1.424560,1.424590,1.4246354237211203,1.4230490819733972,0.0017682801659186028
2016.03.08,03:00,-1.722555770230119E-4,stall,1.425310,1.425810,1.425250,1.425690,1.4247976662255633,1.4232447055309234,0.0017252162716628497
2016.03.08,04:00,-3.1966573199190525E-4,stall,1.423080,1.423520,1.423080,1.423390,1.4245811021908612,1.4232554680841882,0.0016452998386648735
2016.03.08,05:00,-3.7201144170208897E-4,stall,1.423620,1.424090,1.423550,1.423990,1.424490163392267,1.4233098778557298,0.0015522969782393512
2016.03.08,06:00,-5.456137093354289E-4,stall,1.422020,1.422130,1.421700,1.421700,1.4240609074857644,1.4231906276441944,0.001415893550905494
2016.03.08,07:00,-6.374543531827241E-4,stall,1.421830,1.422080,1.421670,1.421720,1.42370076787257,1.4230816922631429,0.001256529962609813
2016.03.08,08:00,-7.63040328761629E-4,stall,1.420300,1.420370,1.420280,1.420310,1.42317911127679,1.4228763817251322,0.0010657698804194056
2016.03.08,09:00,-7.444632239054508E-4,stall,1.421540,1.421670,1.421340,1.421360,1.4228992480034377,1.4227640571529,8.796540744430429E-4
2016.03.08,10:00,-8.907133853015783E-4,stall,1.418370,1.418930,1.418360,1.418400,1.4222070560029088,1.4224407936600927,6.569757281176483E-4
2016.03.08,11:00,-7.891527914200404E-4,stall,1.421110,1.421140,1.420530,1.420790,1.4219890473870767,1.422318512648234,4.596875302626381E-4
2016.03.08,12:00,-5.504726150119198E-4,stall,1.422330,1.423190,1.422330,1.422950,1.4221368862506034,1.4223652894891057,3.2206937650965816E-4
2016.03.08,13:00,-4.0175548418239237E-4,stall,1.422590,1.422590,1.422430,1.422530,1.4221973652889721,1.4223774902676904,2.2163050546406004E-4
2016.03.08,14:00,-4.3819750106572914E-4,stall,1.420110,1.420230,1.420110,1.420200,1.4218900783214379,1.422216194692306,1.1208113019762774E-4
2016.03.08,15:00,-3.5676465010082487E-4,stall,1.421590,1.421590,1.421490,1.421490,1.4218285278104474,1.4221624024928758,2.2889967672421526E-5
2016.03.08,16:00,-3.133958498798677E-4,stall,1.421010,1.421120,1.420970,1.421080,1.4217133696857631,1.4220822245304405,-5.5458994797545416E-5
2016.03.08,17:00,-2.5651525594881837E-4,stall,1.421230,1.421370,1.421230,1.421280,1.421646697426415,1.4220228004911486,-1.1958780878475001E-4
2016.03.08,18:00,-2.261098646028873E-4,stall,1.420940,1.421070,1.420930,1.420970,1.4215425901300436,1.421944815269582,-1.7611527493547184E-4
2016.03.08,19:00,-2.2422617091481751E-4,stall,1.420460,1.420500,1.420430,1.420490,1.42138065318696,1.421837051175539,-2.321718176641762E-4
2016.03.08,20:00,-2.493796638698749E-4,stall,1.419900,1.420030,1.419850,1.419860,1.4211467065428123,1.4216906029403138,-2.9451673363164495E-4
2016.03.08,21:00,-3.1511963277959656E-4,stall,1.418780,1.418920,1.418780,1.418830,1.4207902901516103,1.4214787064262164,-3.7329664182654407E-4
2016.03.08,22:00,-2.7768955489678837E-4,stall,1.419430,1.419850,1.419320,1.419750,1.420630245512901,1.4213506540983485,-4.4271903055074114E-4
2016.03.08,23:00,-3.613567747199751E-4,stall,1.417770,1.417820,1.417770,1.417780,1.4201917462032239,1.4210861612021746,-5.330582242307349E-4
2016.03.09,00:00,-3.555335194170944E-4,stall,1.418200,1.418320,1.418200,1.418320,1.4199037852488818,1.420881260372384,-6.219416040850085E-4
2016.03.09,01:00,-3.243849551522877E-4,stall,1.418370,1.418380,1.418370,1.418370,1.4196678182875153,1.4206952410855407,-7.030378428730804E-4
2016.03.09,02:00,-2.7251290839939166E-4,stall,1.418390,1.418620,1.418370,1.418510,1.4194896923971283,1.4205333713755006,-7.711660699729283E-4
2016.03.09,03:00,-1.357214006384933E-4,stall,1.419680,1.419890,1.419490,1.419810,1.4195389704898778,1.4204797883106488,-8.050964201325516E-4
2016.03.09,04:00,8.508690142297582E-5,buy,1.421610,1.421730,1.421500,1.421700,1.419871436568358,1.4205701743617118,-7.838246947768077E-4
2016.03.09,05:00,2.9700845837627983E-4,stall,1.422920,1.422960,1.422780,1.422810,1.420323523250149,1.4207360873719554,-7.095725801827378E-4
2016.03.09,06:00,3.907418462743982E-4,stall,1.422760,1.422760,1.422070,1.422340,1.4206337504424338,1.4208548957147735,-6.118871186141382E-4
2016.03.09,07:00,4.2182370993736377E-4,stall,1.421850,1.422350,1.421850,1.422140,1.420865481143598,1.4209500886247903,-5.064311911297973E-4
2016.03.09,08:00,3.9572978844048233E-4,stall,1.421710,1.421920,1.421700,1.421700,1.4209938686599675,1.4210056376155467,-4.0749874401967677E-4
2016.03.09,09:00,2.544930509598518E-4,stall,1.419870,1.420010,1.419770,1.420010,1.4208425042507418,1.4209318866810616,-3.4387548127971383E-4
2016.03.09,10:00,1.4810458132078158E-4,stall,1.420190,1.420640,1.419890,1.419890,1.420695965135243,1.4208547098898718,-3.068493359495184E-4
2016.03.09,11:00,2.2834198946351152E-4,stall,1.422190,1.422560,1.421780,1.422270,1.4209381243452057,1.4209595461943259,-2.4976383858364053E-4
2016.03.09,12:00,3.2892883125493243E-4,stall,1.423370,1.423480,1.423170,1.423210,1.4212876436767126,1.4211262464762275,-1.675316307699074E-4
2016.03.09,13:00,3.532847170596878E-4,stall,1.422430,1.422870,1.422390,1.422850,1.4215280061879876,1.4212539319224329,-7.921045150498544E-5
2016.03.09,14:00,2.920406416408918E-4,stall,1.421900,1.421960,1.421770,1.421930,1.4215898513898357,1.4213040110392896,-6.200291094762486E-6
2016.03.09,15:00,1.9947254059555082E-4,stall,1.422860,1.422860,1.421290,1.421320,1.4215483357913994,1.4213051954067497,4.366784405412522E-5
2016.03.09,16:00,1.7207933809451403E-4,stall,1.421970,1.422030,1.421960,1.421970,1.4216132072081071,1.4213544401914349,8.668767857775373E-5
2016.03.09,17:00,1.2084809894183745E-4,stall,1.421390,1.421590,1.421200,1.421590,1.4216096368683984,1.4213718890661433,1.168997033132131E-4
2016.03.09,18:00,6.53821254809536E-5,stall,1.421030,1.421340,1.421030,1.421340,1.42156815427326,1.4213695269130957,1.3324523468345148E-4
2016.03.09,19:00,-3.720456973615541E-5,sell,1.420540,1.420610,1.420250,1.420350,1.4213807459235277,1.4212940064010144,1.2394409224941264E-4
2016.03.09,20:00,-1.2301975480685974E-4,stall,1.420110,1.420180,1.420000,1.420000,1.4211683234737542,1.4211981540750134,9.31891535476977E-5
2016.03.09,21:00,-1.884385084207422E-4,stall,1.419680,1.419730,1.419670,1.419730,1.4209470429393305,1.4210894019213087,4.6079526442512146E-5
2016.03.09,22:00,-2.1934537943140713E-4,stall,1.419750,1.419760,1.419670,1.419740,1.4207613440255873,1.420989446223434,-8.756818415339651E-6
2016.03.09,23:00,-2.373497521431967E-4,stall,1.419540,1.419580,1.419540,1.419580,1.4205795987908816,1.420885042799476,-6.809425645113882E-5
2016.03.10,00:00,-2.2536064939827942E-4,stall,1.419740,1.419750,1.419740,1.419740,1.4204504297461307,1.4208002248143297,-1.2443441880070867E-4
2016.03.10,01:00,-2.163850690765415E-4,stall,1.420120,1.420170,1.419550,1.419560,1.4203134405544182,1.4207083563095646,-1.7853068606984404E-4
2016.03.10,02:00,-1.8566310002452927E-4,stall,1.419570,1.419760,1.419170,1.419750,1.4202267573922,1.4206373669533006,-2.2494646107597635E-4
2016.03.10,03:00,-1.8334155328004461E-4,stall,1.420060,1.420110,1.419030,1.419300,1.4200841793318615,1.4205383027345375,-2.707818493959875E-4
2016.03.10,04:00,-4.280956814560298E-5,stall,1.421470,1.421620,1.421290,1.421290,1.4202696902038827,1.4205939840134607,-2.8148424143238827E-4
2016.03.10,05:00,5.411179307758562E-6,buy,1.420630,1.420690,1.420460,1.420590,1.4203189686340547,1.4205936889013524,-2.801314466054486E-4
2016.03.10,06:00,1.67455109135527E-4,stall,1.422930,1.422930,1.422620,1.422620,1.4206729734595847,1.4207437860197707,-2.3826766932156688E-4
2016.03.10,07:00,1.245689185253776E-4,stall,1.420610,1.420610,1.420460,1.420460,1.4206402083119563,1.420722764833121,-2.071254396902225E-4
2016.03.10,08:00,-2.3497589238082451E-4,sell,1.415480,1.416030,1.414810,1.415320,1.4198217147255014,1.4203225600306677,-2.658694127854286E-4
2016.03.10,09:00,-2.388206783028457E-4,stall,1.417620,1.419040,1.417620,1.418560,1.419627604767732,1.420192000028396,-3.2557458236114E-4
2016.03.10,10:00,4.000650020496565E-6,buy,1.421260,1.422770,1.421200,1.422160,1.420017204034235,1.4203377778040704,-3.245744198560159E-4
2016.03.10,11:00,6.777833235655259E-4,stall,1.430560,1.430910,1.430100,1.430290,1.4215976341828143,1.4210749794482134,-1.5512858896463442E-4
2016.03.10,12:00,0.0010800208919728572,stall,1.429990,1.430560,1.429990,1.430510,1.4229687673854583,1.4217738698594569,1.1487663402857994E-4
2016.03.10,13:00,0.0011576854942760503,stall,1.428580,1.428700,1.428350,1.428680,1.4238474185569263,1.4222854350550527,4.042980075975925E-4
2016.03.10,14:00,0.0011573067073463235,stall,1.428610,1.428970,1.428610,1.428920,1.4246278157020145,1.422776884310234,6.936246844341735E-4
2016.03.10,15:00,0.0010568925320474205,stall,1.428400,1.428610,1.428340,1.428400,1.4252081517478583,1.4231934113983649,9.578478174460286E-4
2016.03.10,16:00,8.787641725851755E-4,stall,1.427690,1.427700,1.427450,1.427600,1.4255761284020338,1.4235198253688564,0.0011775388605923223
2016.03.10,17:00,7.345658130093716E-4,stall,1.427860,1.427990,1.427710,1.427980,1.425945954801721,1.423850208674867,0.0013611803138446651
2016.03.10,18:00,6.194335421536776E-4,stall,1.428600,1.428630,1.428170,1.428390,1.4263219617553025,1.4241864895137657,0.0015160386993830846
2016.03.10,19:00,4.939577569629864E-4,stall,1.428280,1.428420,1.428220,1.428280,1.4266231984083328,1.424489712512746,0.001639528138623831
2016.03.10,20:00,3.061857184624855E-4,stall,1.426920,1.427260,1.426830,1.427210,1.4267134755762816,1.4246912152895796,0.0017160745682394524
2016.03.10,21:00,1.5871248681534984E-4,stall,1.427260,1.427270,1.427220,1.427240,1.4267944793337768,1.4248800141570181,0.0017557526899432897
2016.03.10,22:00,6.365029499886795E-5,stall,1.427460,1.427590,1.427420,1.427580,1.426915328667042,1.42508001310835,0.0017716652636930066
2016.03.10,23:00,-1.414507956366785E-5,sell,1.427570,1.427600,1.427510,1.427600,1.4270206627182662,1.4252666788040278,0.0017681289938020896
2016.03.11,00:00,-1.0062008161481023E-4,stall,1.427250,1.427260,1.427250,1.427250,1.4270559453769944,1.4254135914852109,0.001742973973398387
2016.03.11,01:00,-1.1884973308039703E-4,stall,1.427570,1.428020,1.427570,1.427980,1.4271981076266875,1.4256036958196396,0.0017132615401282878
2016.03.11,02:00,-1.7093555975317533E-4,stall,1.427300,1.427510,1.427270,1.427490,1.4272430141456587,1.4257434220552219,0.001670527650189994
2016.03.11,03:00,-2.908995371011555E-4,stall,1.426020,1.426320,1.425700,1.426220,1.427085627354019,1.4257787241252053,0.001597802765914705
2016.03.11,04:00,-3.2328840429443314E-4,stall,1.426440,1.426890,1.426430,1.426880,1.4270539923764776,1.425860300115931,0.001516980664841097
2016.03.11,05:00,-2.4921257030865204E-4,stall,1.427790,1.428310,1.427790,1.428310,1.4272472243185579,1.4260417593666026,0.0014546775222639338
2016.03.11,06:00,-1.6724326347309824E-4,stall,1.428660,1.428900,1.428620,1.428870,1.4274968821157028,1.4262512586727802,0.0014128667063956592
2016.03.11,07:00,-3.7655371475273005E-5,stall,1.430030,1.430160,1.429830,1.430160,1.4279065925594407,1.4265407950673892,0.001403452863526841
2016.03.11,08:00,-6.182021300300475E-6,stall,1.429070,1.429620,1.429040,1.429550,1.4281594244733729,1.4267636991364714,0.001401907358201766
2016.03.11,09:00,-7.294047519160597E-5,stall,1.428900,1.428920,1.428230,1.428390,1.4281948976313155,1.4268841658671032,0.0013836722394038644
2016.03.11,10:00,2.5294982031096253E-4,buy,1.434160,1.434640,1.433990,1.434290,1.4291326056880362,1.4274327461732437,0.0014469096944816052
2016.03.11,11:00,7.836719778451036E-4,stall,1.439380,1.439850,1.438810,1.439820,1.4307768201975692,1.4283503205307813,0.001642827688942881
2016.03.11,12:00,0.0012134220110659847,stall,1.442370,1.442480,1.442210,1.442220,1.4325373093979432,1.4293777041951679,0.001946183191709377
2016.03.11,13:00,0.0012974056466543132,stall,1.440210,1.440710,1.440210,1.440590,1.4337761848751827,1.4302082446251554,0.002270534603372955
2016.03.11,14:00,0.0011349738096178437,stall,1.438740,1.438740,1.438550,1.438610,1.434519848740539,1.4308305968751438,0.002554278055777416
2016.03.11,15:00,9.388934334826249E-4,stall,1.438670,1.438670,1.438420,1.438430,1.4351214104727639,1.4313935156251332,0.0027890014141480723
2016.03.11,16:00,6.698731302030502E-4,stall,1.437230,1.437380,1.437070,1.437310,1.4354581165538771,1.4318317737269752,0.0029564696966988347
2016.03.13,17:00,4.0983086425807E-4,stall,1.436850,1.436900,1.436850,1.436850,1.4356722524686651,1.4322034941916437,0.003058927412763352
2016.03.13,18:00,2.4405663596446412E-4,stall,1.437230,1.437750,1.437200,1.437580,1.4359657520888705,1.4326017538811515,0.003119941571754468
2016.03.13,19:00,1.0721109363982188E-4,stall,1.437680,1.437710,1.437610,1.437710,1.436234097921352,1.4329801424825477,0.003146744345164424
2016.03.13,20:00,-2.7547554049383357E-5,sell,1.437780,1.437780,1.437390,1.437480,1.4364257751642209,1.4333134652616182,0.003139857456652078
2016.03.13,21:00,-1.1494234424432124E-4,stall,1.437850,1.437890,1.437840,1.437860,1.4366464251389561,1.4336502456126095,0.0031111218705909974
2016.03.13,22:00,-1.6206344024049038E-4,stall,1.438240,1.438360,1.438230,1.438330,1.4369054366560399,1.4339968940857495,0.003070606010530875
2016.03.13,23:00,-1.868458136093402E-4,stall,1.438730,1.438730,1.438690,1.438710,1.4371830617858798,1.4343460130423606,0.0030238945571285395
2016.03.14,00:00,-2.661011462405513E-4,stall,1.437990,1.438000,1.437990,1.437990,1.4373072061265137,1.434615938002186,0.0029573692705684015
2016.03.14,01:00,-2.9241309425721493E-4,stall,1.438530,1.438560,1.438510,1.438560,1.4374999436455116,1.4349080907427647,0.0028842659970040978
2016.03.14,02:00,-3.7986004246165234E-4,stall,1.437520,1.437670,1.437460,1.437620,1.4375184138538943,1.4351089729099673,0.002789300986388685
2016.03.14,03:00,-5.008135096414602E-4,stall,1.436110,1.436910,1.436080,1.436670,1.4373878886456029,1.435224604546266,0.00266409760897832
2016.03.14,04:00,-5.535995681909241E-4,stall,1.436990,1.437330,1.436820,1.437000,1.4373282134693564,1.4353561153206167,0.002525697716930589
2016.03.14,05:00,-7.249184671092681E-4,stall,1.434330,1.434750,1.434330,1.434740,1.436930026781763,1.435310477148719,0.002344468100153272
2016.03.14,06:00,-6.714425579576206E-4,stall,1.437200,1.437310,1.436990,1.437000,1.436940791892261,1.4354356269895547,0.002176607460663867
2016.03.14,07:00,-7.176587995368481E-4,stall,1.435500,1.435600,1.435420,1.435510,1.4367206700626824,1.4354411361014396,0.001997192760779655
2016.03.14,08:00,-7.78905717116506E-4,stall,1.434480,1.434740,1.434470,1.434700,1.4364097977453467,1.4353862371309627,0.0018024663315005286
2016.03.14,09:00,-6.786616969838102E-4,stall,1.436640,1.436750,1.436400,1.436490,1.4364221365537548,1.435467997343484,0.001632800907254576
2016.03.14,10:00,-8.580688287487554E-4,stall,1.432270,1.432590,1.432160,1.432370,1.4357987309301001,1.4352385160587815,0.001418283700067387
2016.03.14,11:00,-9.308084594597213E-4,stall,1.432710,1.432830,1.432410,1.432490,1.4352896954023924,1.4350349222766496,0.0011855815852024568
2016.03.14,12:00,-9.275654514113019E-4,stall,1.432120,1.432790,1.432120,1.432660,1.4348851268789473,1.434859002108009,9.536902223496313E-4
2016.03.14,13:00,-9.213407865533591E-4,stall,1.432200,1.432310,1.432040,1.432100,1.4344566458206478,1.4346546315814899,7.233550257112915E-4
2016.03.14,14:00,-9.44658847353876E-4,stall,1.430950,1.431020,1.430830,1.431020,1.4339279310790096,1.4343853996124907,4.8719031387282246E-4
2016.03.14,15:00,-9.824800997446485E-4,stall,1.429900,1.429980,1.429900,1.429950,1.433315941682239,1.434056851493047,2.4157028893666033E-4
2016.03.14,16:00,-9.587993778508034E-4,stall,1.429370,1.429920,1.429370,1.429920,1.4327934891157408,1.4337504180491176,1.87044447395949E-6
2016.03.14,17:00,-8.969028480878445E-4,stall,1.429790,1.429880,1.429790,1.429870,1.432343721559473,1.4334629796751088,-2.2235526754800164E-4
2016.03.14,18:00,-7.982139996297293E-4,stall,1.429960,1.430190,1.429960,1.430040,1.4319893028580155,1.4332094256251007,-4.21908767455434E-4
2016.03.14,19:00,-6.919439360690593E-4,stall,1.429820,1.430060,1.429820,1.430020,1.4316863331875516,1.4329731718750933,-5.948947514726988E-4
2016.03.14,20:00,-7.176566266337917E-4,stall,1.427940,1.427980,1.427900,1.427920,1.4311068973125436,1.4325988628473085,-7.743089081311468E-4
2016.03.14,21:00,-7.261071152040286E-4,stall,1.427350,1.427370,1.427320,1.427340,1.4305273746490754,1.4322093174512116,-9.55835686932154E-4
2016.03.14,22:00,-6.252753840575538E-4,stall,1.428170,1.428360,1.428170,1.428270,1.4301800862415253,1.4319175161585294,-0.0011121545329465425
2016.03.14,23:00,-5.772328130480529E-4,stall,1.427380,1.427380,1.427300,1.427360,1.429746226819752,1.4315799223690087,-0.0012564627362085558
2016.03.15,00:00,-4.8179369584553104E-4,stall,1.427790,1.427820,1.427720,1.427730,1.4294360380782518,1.4312947429342673,-0.0013769111601699385
2016.03.15,01:00,-4.307517428522778E-4,stall,1.426990,1.427010,1.426990,1.427000,1.42906126298929,1.4309766138280253,-0.001484599095883008
2016.03.15,02:00,-3.990201792230348E-4,stall,1.426380,1.426590,1.426380,1.426430,1.4286564532986301,1.430639827618542,-0.0015843541406887667
2016.03.15,03:00,-3.163283030227803E-4,stall,1.427370,1.427620,1.426820,1.426860,1.4283800758680716,1.4303598403875388,-0.0016634362164444617
2016.03.15,04:00,-2.863577918194933E-4,stall,1.425370,1.426050,1.425370,1.426020,1.4280169872729838,1.4300383707292026,-0.0017350256643993349
2016.03.15,05:00,-4.205384813914584E-4,stall,1.423350,1.423580,1.423120,1.423140,1.4272666815386785,1.4295273803048172,-0.0018401602847471995
2016.03.15,06:00,-9.329639250867539E-4,stall,1.415450,1.415960,1.415440,1.415820,1.425505653609651,1.4285120188007567,-0.0020734012660188882
2016.03.15,07:00,-0.0011895228348876366,stall,1.415900,1.415980,1.415750,1.415770,1.4240078607466278,1.4275681655562562,-0.0023707819747407974
2016.03.15,08:00,-0.0012880562755573977,stall,1.415930,1.415940,1.415430,1.415430,1.4226881898625312,1.4266690421817187,-0.0026927960436301467
2016.03.15,09:00,-0.0010662903899091572,stall,1.417880,1.418470,1.417880,1.418430,1.422033083729834,1.4260587427608507,-0.002959368641107436
2016.03.15,10:00,-9.87366692847868E-4,stall,1.416130,1.416350,1.416060,1.416190,1.4211341477713981,1.4253277247785654,-0.0032062103143194027
2016.03.15,11:00,-8.594617540795286E-4,stall,1.416100,1.416230,1.416010,1.416150,1.4203673558065677,1.4246478933134865,-0.003421075752839285
2016.03.15,12:00,-7.126223660077992E-4,stall,1.416510,1.416540,1.415950,1.416000,1.4196954549132497,1.4240073086235987,-0.003599231344341235
2016.03.15,13:00,-6.442279010158113E-4,stall,1.414360,1.414530,1.414320,1.414530,1.4189007695419804,1.4233052857625914,-0.0037602883195951876
2016.03.15,14:00,-4.7395582608808755E-4,stall,1.415610,1.415630,1.415300,1.415460,1.4183714203816757,1.422724153483881,-0.0038787772761172097
2016.03.15,15:00,-2.8787966948484907E-4,stall,1.415770,1.415950,1.415680,1.415760,1.4179696633998795,1.4222082902628528,-0.0039507471934884224
2016.03.15,16:00,-1.4375393902801414E-4,stall,1.414950,1.415390,1.414950,1.415390,1.4175727921075902,1.4217032317248637,-0.003986685678245426
2016.03.15,17:00,-3.314958760622551E-5,stall,1.414960,1.415170,1.414790,1.415020,1.4171800548602687,1.4212081775230219,-0.003994973075146983
2016.03.15,18:00,9.028865616917802E-5,buy,1.415140,1.415390,1.415140,1.415270,1.4168862002663811,1.4207683125213166,-0.003972400911104688
2016.03.15,19:00,2.1764701876923667E-4,stall,1.415850,1.415860,1.415560,1.415560,1.4166821694561686,1.4203825115938118,-0.003917989156412379
2016.03.15,20:00,3.2369744591232916E-4,stall,1.415510,1.415610,1.415500,1.415590,1.416514143385989,1.4200275107350109,-0.0038370647949342966
2016.03.15,21:00,3.201124553439431E-4,stall,1.414300,1.414320,1.414120,1.414210,1.4161596597881445,1.4195965840138989,-0.0037570366810983106
2016.03.15,22:00,3.28316872084968E-4,stall,1.413980,1.414110,1.413980,1.414100,1.4158427890515068,1.419189429642499,-0.0036749574630770684
2016.03.15,23:00,3.159288524795848E-4,stall,1.413650,1.413650,1.413570,1.413570,1.4154931291974289,1.4187731755949065,-0.003595975249957172
2016.03.16,00:00,3.020504068986167E-4,stall,1.413020,1.413220,1.413010,1.413220,1.4151434170132091,1.418361829254543,-0.003520462648232518
2016.03.16,01:00,3.33225606213666E-4,stall,1.413550,1.413640,1.413550,1.413590,1.4149044297804076,1.418008360420873,-0.0034371562466791014
2016.03.16,02:00,3.047301437759083E-4,stall,1.412510,1.412620,1.412510,1.412620,1.4145529790449602,1.4176092226119195,-0.003360973710735124
2016.03.16,03:00,1.9623749275754282E-4,stall,1.410590,1.410970,1.410560,1.410970,1.4140017514995817,1.41711742834437,-0.0033119143375457383
2016.03.16,04:00,1.0028015027714176E-4,stall,1.410030,1.410350,1.409800,1.410220,1.413419943576569,1.4166065077262684,-0.003286844299976453
2016.03.16,05:00,1.5227482734033381E-4,stall,1.411720,1.411840,1.411450,1.411590,1.4131384137955585,1.4162349145613595,-0.0032487755931413695
2016.03.16,06:00,2.0011828611214266E-4,stall,1.411670,1.411910,1.411380,1.411490,1.412884811673165,1.4158834394086661,-0.003198746021613334
2016.03.16,07:00,2.3473757880297565E-4,stall,1.411420,1.411470,1.411150,1.411270,1.4126363791080627,1.4155417031561723,-0.00314006162691259
2016.03.16,08:00,1.9553891825622094E-4,stall,1.409700,1.410200,1.409700,1.410060,1.4122400130914377,1.41513565107053,-0.0030911768973485346
2016.03.16,09:00,-4.2756965916597705E-5,sell,1.406460,1.406640,1.406330,1.406430,1.4113461649235242,1.4144907880282684,-0.003101866138827684
2016.03.16,10:00,-1.7882646648912075E-4,stall,1.406560,1.406590,1.406110,1.406160,1.410548293396828,1.4138736926187672,-0.003146572755449964
2016.03.16,11:00,-1.0862660986539398E-4,stall,1.408010,1.408200,1.408000,1.408000,1.4101562482588545,1.4134386042766363,-0.003173729407916313
2016.03.16,12:00,7.019570404937035E-5,buy,1.409940,1.410010,1.409520,1.409570,1.4100660562190308,1.4131520409968854,-0.0031561804819039705
2016.03.16,13:00,2.4502500789220843E-4,stall,1.410160,1.410320,1.409990,1.410160,1.4100805091084108,1.4129304083304495,-0.0030949242299309183
2016.03.16,14:00,8.741353903308638E-4,stall,1.411760,1.418060,1.411640,1.418060,1.4113081230917321,1.4133103780837495,-0.002876390382348202
2016.03.16,15:00,0.0015800631458234523,stall,1.422600,1.423270,1.422240,1.423250,1.4131453349237733,1.4140466463738421,-0.002481374595892339
2016.03.16,16:00,0.0022182265162853116,stall,1.427080,1.427270,1.426930,1.427260,1.4153168218585774,1.4150254133091131,-0.0019268179668210112
2016.03.16,17:00,0.002405264667555486,stall,1.425590,1.425740,1.425370,1.425470,1.4168788492649502,1.4157990863973269,-0.0013255017999321398
2016.03.16,18:00,0.0024135983688550956,stall,1.424990,1.425550,1.424990,1.425550,1.4182128724549579,1.4165213762938211,-7.221022077183659E-4
2016.03.16,19:00,0.0022465497402616996,stall,1.424820,1.424870,1.424710,1.424730,1.4192155074618875,1.4171294224942788,-1.604647726529409E-4
2016.03.16,20:00,0.0020249037965610617,stall,1.425030,1.425030,1.424720,1.424720,1.420062352467751,1.4176916874947025,3.457611764873245E-4
2016.03.16,21:00,0.0019336708243797853,stall,1.426770,1.427210,1.426770,1.427180,1.42115737516502,1.4183945254580579,8.291788825822708E-4
2016.03.16,22:00,0.001682684586565664,stall,1.426260,1.426370,1.425840,1.425850,1.4218793174473245,1.4189467828315352,0.0012498500292236867
2016.03.16,23:00,0.0014487418834164957,stall,1.426230,1.426290,1.426200,1.426210,1.4225455763015824,1.419484798918088,0.0016120355000778107
2016.03.17,00:00,0.001185942000373885,stall,1.425760,1.425880,1.425720,1.425810,1.4230477953321081,1.419953332331563,0.0019085210001712819
2016.03.17,01:00,7.821113044286405E-4,stall,1.422960,1.423310,1.422870,1.423310,1.4230881345117838,1.4202019743810768,0.0021040488262784422
2016.03.17,02:00,5.160413404583647E-4,stall,1.423900,1.424130,1.423890,1.424050,1.4232361138176632,1.4204870133158118,0.0022330591613930334
2016.03.17,03:00,2.8910019500455464E-4,stall,1.423780,1.423870,1.423750,1.423850,1.4233305578457152,1.4207361234405664,0.002305334210144172
2016.03.17,04:00,2.0705015209725435E-4,stall,1.425570,1.425710,1.425050,1.425360,1.423642779715605,1.4210786328153393,0.002357096748168486
2016.03.17,05:00,4.289662722332466E-4,stall,1.429870,1.430180,1.429710,1.430150,1.424643890528589,1.421750585940129,0.0024643383162267973
2016.03.17,06:00,5.384212135691796E-4,stall,1.428810,1.430580,1.428800,1.430390,1.4255279073703446,1.4223905425371564,0.0025989436196190924
2016.03.17,07:00,8.00804453402209E-4,stall,1.434560,1.434590,1.434150,1.434240,1.4268682293133685,1.4232682801269967,0.0027991447329696446
2016.03.17,08:00,0.001105169831394161,stall,1.436240,1.438520,1.436160,1.437490,1.4285023478805425,1.4243217408583302,0.003075437190818185
2016.03.17,09:00,0.0014205654417929836,stall,1.440660,1.440930,1.440300,1.440790,1.4303927558989207,1.4255416119058613,0.003430578551266431
2016.03.17,10:00,0.0020658041278177,stall,1.447340,1.449630,1.447340,1.449460,1.4333261780683175,1.427313344357279,0.0039470295832208565
2016.03.17,11:00,0.0021530041856732086,stall,1.446960,1.447050,1.446630,1.446750,1.4353913814424226,1.4287530966271103,0.004485280629639159
2016.03.17,12:00,0.002217915404182943,stall,1.448920,1.449380,1.448620,1.449320,1.437534245835896,1.4302765709510281,0.005039759480684894
2016.03.17,13:00,0.0020612874677073,stall,1.448350,1.448880,1.448340,1.448770,1.4392628233996043,1.4316464545842853,0.005555081347611719
2016.03.17,14:00,0.0017163470239955582,stall,1.447310,1.447440,1.447250,1.447390,1.4405131582612036,1.4328126431335975,0.005984168103610609
2016.03.17,15:00,0.001404754372173197,stall,1.447700,1.448190,1.447690,1.448160,1.4416895954517877,1.4339494843829605,0.006335356696653908
2016.03.17,16:00,0.0011176233030044513,stall,1.449040,1.449040,1.448460,1.448780,1.4427804269207434,1.435048041095334,0.00661476252240502
2016.03.17,17:00,7.326080777507165E-4,stall,1.447810,1.447950,1.447430,1.447430,1.4434957458560136,1.4359652232364202,0.0067979145418427
2016.03.17,18:00,4.138825372368409E-4,stall,1.447410,1.447860,1.447410,1.447790,1.4441564003397038,1.436841132626315,0.00690138517615191
2016.03.17,19:00,1.0333128321437894E-4,stall,1.447430,1.447460,1.447370,1.447380,1.4446523387489802,1.4376217894688104,0.006927217996955505
2016.03.17,20:00,-1.6818344352724935E-4,sell,1.447390,1.447390,1.447250,1.447250,1.4450519789414449,1.4383349902488984,0.006885172136073693
2016.03.17,21:00,-3.144604103584225E-4,stall,1.448170,1.448530,1.448170,1.448470,1.4455778283350686,1.439085731711943,0.0068065570334840874
2016.03.17,22:00,-4.415026999863448E-4,stall,1.448390,1.448640,1.448390,1.448630,1.4460473932065965,1.4397927145480953,0.006696181358487501
2016.03.17,23:00,-6.630566441047439E-4,stall,1.447030,1.447100,1.446980,1.447000,1.4461939480978894,1.4403265875445328,0.006530417197461315
2016.03.18,00:00,-9.064724859462912E-4,stall,1.445750,1.445910,1.445740,1.445750,1.4461256483905218,1.4407283218004934,0.006303799075974742
2016.03.18,01:00,-0.001044103678273402,stall,1.446190,1.446200,1.446060,1.446140,1.4461278563304416,1.4411291868523086,0.006042773156406391
2016.03.18,02:00,-0.00110200746383531,stall,1.446220,1.446590,1.446210,1.446590,1.4461989553565275,1.4415336915299153,0.005767271290447564
2016.03.18,03:00,-0.0012473441123211169,stall,1.444980,1.445060,1.444370,1.444800,1.4459837314555233,1.4417756403054771,0.005455435262367284
2016.03.18,04:00,-0.0013572481688445782,stall,1.445190,1.445190,1.444220,1.444260,1.4457185420008274,1.4419596669495158,0.005116123220156139
2016.03.18,05:00,-0.0015477698794796402,stall,1.441640,1.442020,1.441640,1.441970,1.4451418432314693,1.4419604323606627,0.004729180750286229
2016.03.18,06:00,-0.0014887647198164773,stall,1.444080,1.444360,1.444020,1.444170,1.4449923288881663,1.4421241040376507,0.00435698957033211
2016.03.18,07:00,-0.001390485405441991,stall,1.444120,1.444590,1.444110,1.444530,1.44492120136691,1.4423023185533803,0.004009368218971613
2016.03.18,08:00,-0.001147042663784366,stall,1.446730,1.446870,1.446610,1.446810,1.4452117857720006,1.4426362208827594,0.0037226075530255214
2016.03.18,09:00,-8.074453874066614E-4,stall,1.449000,1.449420,1.448990,1.449330,1.4458453571916927,1.4431320563729255,0.003520746206173856
2016.03.18,10:00,-6.417986407636651E-4,stall,1.449120,1.449120,1.448240,1.448430,1.446242994546817,1.4435244966415977,0.00336029654598294
2016.03.18,11:00,-4.998657908936955E-4,stall,1.449270,1.449270,1.448570,1.448980,1.446664072308845,1.4439286080014793,0.0032353300982595158
2016.03.18,12:00,-2.674164996987658E-4,stall,1.451390,1.451410,1.450830,1.451280,1.4473742150305613,1.4444731555569252,0.0031684759733348242
2016.03.18,13:00,-2.808176833380008E-4,stall,1.448900,1.449060,1.448790,1.449020,1.4476274127181672,1.4448099588490049,0.003098271552500324
2016.03.18,14:00,-2.9572276594526164E-4,stall,1.449010,1.449130,1.448940,1.449130,1.4478585799922954,1.4451299618972266,0.0030243408610140083
2016.03.18,15:00,-3.943544184679222E-4,stall,1.447820,1.448180,1.447820,1.447920,1.44786802922425,1.445336631386321,0.002925752256397028
2016.03.18,16:00,-4.979135337832194E-4,stall,1.447020,1.447370,1.447020,1.447360,1.4477898708820578,1.4454865105428898,0.002801273872951223
2016.03.20,17:00,-7.345673022765157E-4,stall,1.443890,1.444660,1.443840,1.444660,1.4473083522848182,1.4454252875397127,0.002617632047382094
2016.03.20,18:00,-7.776334369154489E-4,stall,1.445460,1.446220,1.445460,1.446080,1.447119375010231,1.4454737847589931,0.002423223688153232
2016.03.20,19:00,-7.687229246175161E-4,stall,1.446280,1.446360,1.446260,1.446350,1.4470010096240415,1.4455386895916602,0.002231042956998853
2016.03.20,20:00,-7.584964942583391E-4,stall,1.446100,1.446160,1.446050,1.446110,1.4468639312203428,1.445581008881167,0.0020414188334342684
2016.03.20,21:00,-7.864577195961224E-4,stall,1.445180,1.445320,1.445160,1.445240,1.4466140956479825,1.4455557489640434,0.0018448044035352378
2016.03.20,22:00,-8.133979521463435E-4,stall,1.444800,1.444820,1.444670,1.444710,1.4463211578559851,1.4454931008926328,0.0016414549154986518
2016.03.20,23:00,-7.892070249985745E-4,stall,1.444970,1.445010,1.444920,1.444920,1.4461055951089106,1.4454506489746601,0.0014441531592490082
2016.03.21,00:00,-7.758334548478199E-4,stall,1.444390,1.444450,1.444370,1.444450,1.4458508881690781,1.445376526828389,0.0012501947955370532
2016.03.21,01:00,-7.490274786180616E-4,stall,1.444260,1.444290,1.444260,1.444280,1.445609213066143,1.4452953026188786,0.0010629379258825376
2016.03.21,02:00,-7.849761423949112E-4,stall,1.442830,1.443110,1.442680,1.442990,1.4452062572098134,1.4451245394619245,8.666938902838099E-4
2016.03.21,03:00,-8.57222767636481E-4,stall,1.441330,1.441690,1.441330,1.441690,1.4446652945621499,1.4448701291314117,6.523881983746896E-4
2016.03.21,04:00,-0.0010613509752245352,stall,1.438370,1.438700,1.438330,1.438590,1.4437306338602807,1.4444049343809366,3.8705045456855576E-4
2016.03.21,05:00,-0.0010810259301529841,stall,1.439810,1.439840,1.439410,1.439470,1.4430751517279299,1.4440393836860526,1.1679397203030972E-4
2016.03.21,06:00,-9.477705275317346E-4,stall,1.440670,1.441100,1.440630,1.440880,1.4427374360774792,1.4438053552648635,-1.2014865985262395E-4
2016.03.21,07:00,-7.930479007659589E-4,stall,1.442020,1.442030,1.441100,1.441200,1.4425009074501747,1.4436123659859847,-3.184106350441137E-4
2016.03.21,08:00,-7.588086606101155E-4,stall,1.439220,1.439520,1.439010,1.439520,1.442042306303994,1.4433092277648008,-5.081128001966426E-4
2016.03.21,09:00,-7.037867997836182E-4,stall,1.439200,1.439490,1.439180,1.439350,1.4416281053341486,1.4430159516340748,-6.840595001425472E-4
2016.03.21,10:00,-6.229791732927085E-4,stall,1.438920,1.439440,1.438920,1.439400,1.4412853198981257,1.4427481033648841,-8.398042934657243E-4
2016.03.21,11:00,-6.7879721216546E-4,stall,1.437100,1.437210,1.437020,1.437100,1.4406414245291832,1.4423297253378558,-0.0010095035965070893
2016.03.21,12:00,-5.132806547275765E-4,stall,1.440190,1.440200,1.439530,1.439540,1.4404719746016166,1.4421230790165331,-0.0011378237601889834
2016.03.21,13:00,-4.5458252733176574E-4,stall,1.437800,1.438260,1.437790,1.438250,1.440130132355214,1.4418361842745677,-0.0012514693920219248
2016.03.21,14:00,-2.855494544415434E-4,stall,1.439660,1.439790,1.439600,1.439770,1.4400747273774888,1.4416831335875626,-0.0013228567556323105
2016.03.21,15:00,-1.825678942832423E-4,stall,1.439340,1.439350,1.439260,1.439300,1.4399555385501828,1.4415066051736691,-0.0013684987292031212
2016.03.21,16:00,-2.4084029193819603E-4,stall,1.437020,1.437160,1.436940,1.437030,1.4395054556963085,1.4411750047904344,-0.0014287088021876701
2016.03.21,17:00,-2.593719100164658E-4,stall,1.436670,1.436990,1.436670,1.436910,1.4391061548199533,1.4408590785096616,-0.0014935517796917865
2016.03.21,18:00,-2.495176283578589E-4,stall,1.436840,1.437220,1.436820,1.436820,1.4387544386938067,1.4405598875089458,-0.0015559311867812513
2016.03.21,19:00,-1.9693060236264577E-4,stall,1.437020,1.437120,1.437020,1.437120,1.438502986587067,1.4403050810268017,-0.0016051638373719126
2016.03.21,20:00,-1.6390156224290907E-4,stall,1.436550,1.436730,1.436510,1.436730,1.438230219419826,1.4400402602100015,-0.0016461392279326398
2016.03.21,21:00,-6.471688104341079E-5,stall,1.437390,1.437590,1.437390,1.437590,1.4381317241244682,1.4398587594537051,-0.0016623184481934926
2016.03.21,22:00,-1.399654056116707E-5,stall,1.437130,1.437140,1.437120,1.437120,1.4379760742591654,1.4396558883830604,-0.0016658175833337845
2016.03.21,23:00,8.221607345348979E-5,buy,1.437860,1.438000,1.437860,1.437880,1.4379612936039092,1.4395243410954262,-0.0016452635649704121
2016.03.22,00:00,1.3789368809611377E-4,stall,1.437630,1.437670,1.437590,1.437640,1.4379118638186925,1.4393847602735428,-0.0016107901429463836
2016.03.22,01:00,1.7578075310432017E-4,stall,1.437960,1.437960,1.437540,1.437570,1.4378592693850476,1.4392503335866136,-0.0015668449546703037
2016.03.22,02:00,3.0862033230550203E-4,stall,1.439200,1.439270,1.439070,1.439200,1.438065535633502,1.4392466051727903,-0.0014896898715939283
2016.03.22,03:00,4.0013344027958514E-4,stall,1.439610,1.439610,1.439370,1.439370,1.438266222459117,1.4392557455303614,-0.001389656511524032
2016.03.22,04:00,1.37755461048992E-4,stall,1.434480,1.434540,1.434120,1.434490,1.4376852651577143,1.4389027273429271,-0.001355217646261784
2016.03.22,05:00,-5.767777567458959E-4,sell,1.425630,1.425820,1.425380,1.425790,1.4358552243642198,1.437931414206414,-0.001499412085448258
2016.03.22,06:00,-7.975711428351686E-4,stall,1.429350,1.429640,1.428430,1.428660,1.4347482667697244,1.4372446427837167,-0.00169880487115705
2016.03.22,07:00,-9.718362719626096E-4,stall,1.427860,1.427860,1.427200,1.427200,1.4335869949589977,1.436500595170108,-0.0019417639391477025
2016.03.22,08:00,-9.134969454629776E-4,stall,1.429280,1.429310,1.428610,1.428750,1.4328428418883827,1.4359264770093592,-0.002170138175513447
2016.03.22,09:00,-0.0010843133620213321,stall,1.424200,1.424620,1.424110,1.424440,1.4315500969824777,1.4350756268605178,-0.00244121651601878
2016.03.22,10:00,-0.0013305365897430693,stall,1.421440,1.421600,1.421000,1.421020,1.4299300820620966,1.4340344693152942,-0.0027738506634545474
2016.03.22,11:00,-0.001252618967875509,stall,1.423340,1.423500,1.423000,1.423170,1.4288900694371587,1.4332296938104576,-0.0030870054054234247
2016.03.22,12:00,-0.0011948512097071451,stall,1.421610,1.421880,1.421550,1.421840,1.4278054433699034,1.4323860127874608,-0.0033857182078502112
2016.03.22,13:00,-0.0011704396218986954,stall,1.420450,1.420450,1.420190,1.420190,1.4266338366976106,1.4314826044328341,-0.003678328113324885
2016.03.22,14:00,-9.677123047377783E-4,stall,1.421740,1.421760,1.421600,1.421640,1.4258655541287475,1.4307535226229946,-0.00392025618950933
2016.03.22,15:00,-8.282059343988563E-4,stall,1.420340,1.420490,1.420300,1.420480,1.4250370073397094,1.4299925209472173,-0.0041273076731090435
2016.03.22,16:00,-6.246225292094679E-4,stall,1.420750,1.421090,1.420740,1.421030,1.4244205446720617,1.4293286305066826,-0.004283463305411411
2016.03.22,17:00,-4.6287755411977393E-4,stall,1.420620,1.420690,1.420380,1.420440,1.4238081531840523,1.4286702134321134,-0.004399182693941355
2016.03.22,18:00,-2.492643742447922E-4,stall,1.421240,1.421350,1.421060,1.421190,1.4234053603865058,1.4281161235482531,-0.004461498787502552
2016.03.22,19:00,-3.7383576015163726E-5,stall,1.421610,1.421620,1.421560,1.421570,1.4231229972501203,1.4276312255076418,-0.004470844681506343
2016.03.22,20:00,1.7068575842925978E-4,buy,1.422220,1.422230,1.422080,1.422080,1.4229625361347171,1.427220023618187,-0.004428173241899028
2016.03.22,21:00,3.5358259602692906E-4,stall,1.422500,1.422500,1.422250,1.422410,1.42287753057553,1.4268637255723953,-0.0043397775928922955
2016.03.22,22:00,3.9735089460758537E-4,stall,1.420990,1.420990,1.420970,1.420970,1.4225840643331407,1.4264271533077735,-0.004240439869240399
2016.03.22,23:00,4.1070467468903166E-4,stall,1.420500,1.420500,1.420430,1.420470,1.4222588236665037,1.4259858826923828,-0.004137763700568141
2016.03.23,00:00,4.0016823436254696E-4,stall,1.420120,1.420130,1.419920,1.419920,1.4218990046408877,1.4255365580485027,-0.004037721641977504
2016.03.23,01:00,4.042924419701199E-4,stall,1.419800,1.419840,1.419800,1.419840,1.4215822346961358,1.4251145907856506,-0.003936648531484974
2016.03.23,02:00,3.7243380961153247E-4,stall,1.419280,1.419290,1.419040,1.419070,1.4211957370505763,1.424666843320047,-0.003843540079082091
2016.03.23,03:00,3.4181741940469707E-4,stall,1.418500,1.418680,1.418460,1.418660,1.42080562365818,1.4242218919630063,-0.003758085724230917
2016.03.23,04:00,2.1963174406258506E-4,stall,1.417170,1.417510,1.416760,1.416790,1.4201878354030755,1.4236713814472282,-0.0037031777882152706
2016.03.23,05:00,1.6146677613182274E-4,stall,1.416680,1.416750,1.416470,1.416730,1.4196558607256793,1.4231572050437298,-0.003662811094182315
2016.03.23,06:00,1.3845171594883835E-4,stall,1.417150,1.417150,1.416550,1.416550,1.4191780359986517,1.422667782447898,-0.0036281981651951054
2016.03.23,07:00,2.883303749657163E-4,stall,1.418920,1.419090,1.418650,1.418720,1.4191075689219361,1.422375354118424,-0.0035561155714536764
2016.03.23,08:00,3.1725230064377904E-4,stall,1.417420,1.417480,1.417210,1.417430,1.4188494813954844,1.4220090315911333,-0.0034768024962927315
2016.03.23,09:00,1.5707893684164913E-4,stall,1.414750,1.414900,1.414400,1.414400,1.4181649457961791,1.4214453996214198,-0.003437532762082319
2016.03.23,10:00,-1.161298598411865E-4,sell,1.411440,1.411900,1.411270,1.411330,1.41711341567369,1.4206961107605738,-0.003466565227042616
2016.03.23,11:00,-1.8330973768338702E-4,stall,1.412940,1.412970,1.412250,1.412370,1.4163836594161991,1.420079361815346,-0.0035123926614634626
2016.03.23,12:00,-2.6930124034785837E-4,stall,1.411120,1.411350,1.411020,1.411030,1.4155600195060147,1.419409038717913,-0.0035797179715504274
2016.03.23,13:00,-3.5047471685736766E-4,stall,1.409890,1.409950,1.409830,1.409870,1.4146846318897048,1.418702443257327,-0.0036673366507647695
2016.03.23,14:00,-2.7105008084451435E-4,stall,1.411190,1.411240,1.411040,1.411100,1.4141331500605194,1.4181392993123398,-0.003735099170975898
2016.03.23,15:00,-1.4109834649255826E-4,stall,1.411530,1.411600,1.411470,1.411600,1.4137434346665934,1.417654906770685,-0.0037703737575990374
2016.03.23,16:00,-5.999638877982223E-5,stall,1.410940,1.410980,1.410880,1.410940,1.413312137025579,1.4171575062691528,-0.003785372854793993
2016.03.23,17:00,8.1461039669438E-5,buy,1.411550,1.411770,1.411270,1.411770,1.41307488517549,1.4167584317306972,-0.0037650075948766335
2016.03.23,18:00,2.0400740842303365E-4,stall,1.411730,1.411860,1.411710,1.411830,1.4128833643792607,1.4163933627136085,-0.003714005742770875
2016.03.23,19:00,2.7717915539660857E-4,stall,1.411440,1.411490,1.411400,1.411410,1.4126566929362976,1.4160242247348227,-0.0036447109539217227
2016.03.23,20:00,3.334434372410716E-4,stall,1.411340,1.411400,1.411270,1.411280,1.412444894023021,1.4156728006803914,-0.0035613500946114545
2016.03.23,21:00,3.24346864771923E-4,stall,1.410360,1.410450,1.410300,1.410350,1.4121226026348639,1.4152785191485104,-0.0034802633784184736
2016.03.23,22:00,2.8295545325012156E-4,stall,1.409530,1.409570,1.409530,1.409560,1.411728356075654,1.4148549251375098,-0.0034095245151059433
2016.03.23,23:00,2.758158167082488E-4,stall,1.409600,1.409600,1.409520,1.409600,1.4114009166793995,1.4144656714236201,-0.003340570560928881
2016.03.24,00:00,2.9882463359814405E-4,stall,1.409750,1.409780,1.409740,1.409780,1.4111515448825689,1.4141185846515,-0.003265864402529345
2016.03.24,01:00,2.9736119355727297E-4,stall,1.409490,1.409510,1.409310,1.409310,1.4108682302852507,1.4137623931958334,-0.0031915241041400267
2016.03.24,02:00,3.3739388404949383E-4,stall,1.409810,1.409850,1.409660,1.409740,1.410694656395212,1.4134644381442902,-0.0031071756331276534
2016.03.24,03:00,3.0292695090927864E-4,stall,1.408590,1.408680,1.408450,1.408640,1.4103785554113333,1.4131070723558243,-0.0030314438954003337
2016.03.24,04:00,2.2096694885158797E-4,stall,1.408290,1.408290,1.407510,1.407510,1.409937239194205,1.412692474403541,-0.002976202158187437
2016.03.24,05:00,1.1749929812396092E-4,stall,1.406490,1.406520,1.406390,1.406450,1.4094007408566351,1.4122300688921676,-0.0029468273336564466
2016.03.24,06:00,2.482143329449052E-4,stall,1.408730,1.409190,1.408700,1.409190,1.4093683191863835,1.4120048786038588,-0.00288477375042022
2016.03.24,07:00,6.178480649557177E-4,stall,1.413760,1.413760,1.413210,1.413490,1.41000242392694,1.4121148875961655,-0.0027303117341812904
2016.03.24,08:00,7.546002421538406E-4,stall,1.412090,1.412280,1.412030,1.412120,1.4103282048612569,1.4121152662927459,-0.0025416616736428305
2016.03.24,09:00,8.858314441014987E-4,stall,1.413060,1.413110,1.412700,1.413090,1.4107530964210635,1.4121874687895795,-0.002320203812617456
2016.03.24,10:00,8.572850568007301E-4,stall,1.410850,1.411840,1.410730,1.411750,1.4109064662024384,1.412155063694055,-0.0021058825484172733
2016.03.24,11:00,8.864035009706339E-4,stall,1.413210,1.413240,1.412810,1.412890,1.4112116252482172,1.4122095034204212,-0.0018842816731746148
2016.03.24,12:00,9.596055940010561E-4,stall,1.414190,1.414280,1.413890,1.414210,1.4116729136715684,1.4123576883522417,-0.0016443802746743507
2016.03.24,13:00,0.0010607957205424157,stall,1.415160,1.415680,1.415120,1.415630,1.4122816961836349,1.4126000818076312,-0.0013791813445387469
2016.03.24,14:00,0.0012292417800399207,stall,1.418080,1.418220,1.417890,1.417950,1.4131537429246142,1.412996372044103,-0.0010718708995287667
2016.03.24,15:00,0.0011761308718211852,stall,1.416280,1.416320,1.416280,1.416320,1.4136408593977505,1.4132425667075028,-7.778381815734704E-4
2016.03.24,16:00,0.0010040393456998277,stall,1.414790,1.415040,1.414790,1.415000,1.4138499579519428,1.4133727469513915,-5.268283451485135E-4
2016.03.24,17:00,8.891886077991736E-4,stall,1.414970,1.415840,1.414920,1.415640,1.4141253490362593,1.4135406916216589,-3.0453119319872007E-4
2016.03.24,18:00,7.478389414077655E-4,stall,1.415180,1.415320,1.415180,1.415240,1.4142968337999118,1.4136665663163508,-1.1757145784677871E-4
2016.03.24,19:00,5.879274472114841E-4,stall,1.414530,1.414720,1.414530,1.414720,1.414361936292233,1.4137445984410655,2.941040395609235E-5
2016.03.24,20:00,3.6726503397917416E-4,stall,1.413170,1.413400,1.413170,1.413320,1.4142016384011202,1.4137131467046902,1.212266624508859E-4
2016.03.24,21:00,1.1287377228065435E-4,stall,1.412070,1.412320,1.411630,1.411820,1.4138352324932555,1.4135729136154538,1.4944510552104948E-4
2016.03.24,22:00,-8.959112607057713E-5,sell,1.411240,1.411290,1.411240,1.411260,1.4134390428789085,1.4134015866809757,1.270473240034052E-4
2016.03.24,23:00,-1.8997959431675226E-4,stall,1.411620,1.411650,1.411620,1.411620,1.4131591901283072,1.4132696172971997,7.955242542421714E-5
2016.03.25,00:00,-2.6791807363311964E-4,stall,1.411270,1.411270,1.411230,1.411240,1.4128639301085677,1.4131192752751849,1.2572907015937225E-5
2016.03.25,01:00,-2.7348219385315865E-4,stall,1.411370,1.411700,1.411370,1.411700,1.4126848639380187,1.4130141437733192,-5.5797641447352436E-5
2016.03.25,02:00,-2.238339933657498E-4,stall,1.412410,1.412410,1.412290,1.412300,1.4126256541014004,1.412961244234555,-1.1175613978878988E-4
2016.03.25,03:00,-1.3656684455526873E-4,stall,1.412960,1.413000,1.412880,1.412980,1.412680168855031,1.4129626335505139,-1.4589785092760705E-4
2016.03.25,04:00,-1.314543778854245E-4,stall,1.412080,1.412220,1.412030,1.412070,1.4125862967234877,1.412896512546772,-1.7876144539896317E-4
2016.03.25,05:00,-8.080041821099438E-5,stall,1.412660,1.412680,1.412650,1.412680,1.4126007126121818,1.4128804745803445,-1.9896154995171177E-4
2016.03.25,06:00,1.1526589456202626E-4,buy,1.415330,1.415330,1.415160,1.415160,1.4129944491333846,1.4130493283151337,-1.701450763112052E-4
2016.03.25,07:00,8.943729226659308E-5,stall,1.412900,1.413390,1.412900,1.412900,1.4129799184974792,1.4130382669584571,-1.4778575324455695E-4
2016.03.25,08:00,1.7775916043675984E-4,stall,1.414670,1.414670,1.414460,1.414590,1.4132276233440209,1.4131532101467195,-1.0334596313536699E-4
2016.03.25,09:00,1.673054553865121E-4,stall,1.413920,1.414200,1.413690,1.413690,1.4132987582141714,1.4131929723580736,-6.151959928873896E-5
2016.03.25,10:00,1.423328833852983E-4,stall,1.413770,1.413770,1.413530,1.413530,1.4133343338735296,1.4132179373685867,-2.5936378442414386E-5
2016.03.25,11:00,1.1754116121000592E-4,stall,1.413400,1.413530,1.413340,1.413500,1.4133598209699096,1.4132388308968395,3.4489118600870974E-6
2016.03.25,12:00,4.220220746999069E-5,stall,1.412640,1.412660,1.412630,1.412660,1.4132521562053082,1.4131959545341106,1.3999463727584772E-5
2016.03.25,13:00,9.375672300859688E-7,stall,1.412890,1.412890,1.412790,1.412790,1.4131810552506454,1.4131658838278802,1.4233855535106264E-5
2016.03.25,14:00,-9.788986694472265E-6,sell,1.413020,1.413100,1.412990,1.413030,1.4131578159813154,1.4131558183591484,1.1786608861488198E-5
2016.03.25,15:00,1.899323080810688E-5,buy,1.413650,1.413650,1.413580,1.413580,1.4132227673688054,1.4131872392214337,1.653491656351492E-5
2016.03.25,16:00,5.184138086703739E-5,stall,1.413480,1.413830,1.413480,1.413830,1.4133161877736045,1.4132348511309571,2.949526178027427E-5
2016.03.27,18:00,5.540356538936236E-5,stall,1.412650,1.413720,1.412650,1.413610,1.4133613896545885,1.4132626399360715,4.3346153127614865E-5
2016.03.27,19:00,3.008603633452531E-5,stall,1.413320,1.413340,1.413230,1.413230,1.4133411758615748,1.413260222163029,5.086766221124619E-5
2016.03.27,20:00,-1.5903182980952235E-5,sell,1.412860,1.412870,1.412690,1.412790,1.4132563795751787,1.4132253908916936,4.689186646600814E-5
2016.03.27,21:00,-7.495464638616435E-5,stall,1.412230,1.412340,1.412220,1.412310,1.413110782717459,1.4131575841589756,2.815320486946705E-5
2016.03.27,22:00,-1.1467614698784293E-4,stall,1.412210,1.412210,1.412210,1.412210,1.4129722007609269,1.4130873927397922,-5.158318774936827E-7
2016.03.27,23:00,-1.3036571498150338E-4,stall,1.412210,1.412290,1.412210,1.412260,1.412862631413092,1.4130261043886965,-3.3107260622869525E-5
2016.03.28,00:00,-5.5844440249257395E-5,stall,1.413470,1.413480,1.413420,1.413470,1.4129560727341548,1.4130589855450892,-4.706837068518387E-5
2016.03.28,01:00,-1.599020398761822E-5,stall,1.413290,1.413310,1.413290,1.413310,1.4130105230827463,1.413077579208416,-5.1065921682088425E-5
2016.03.28,02:00,-3.746435667689175E-6,stall,1.412880,1.413100,1.412850,1.413090,1.4130227503007853,1.413078499267052,-5.200253059901072E-5
2016.03.28,03:00,8.628482229422962E-5,buy,1.414360,1.414400,1.414130,1.414370,1.4132300194852798,1.413174165988011,-3.0431325025453316E-5
2016.03.28,04:00,3.280073757459018E-4,stall,1.417130,1.417340,1.417110,1.417340,1.4138623241798522,1.4134827462851953,5.157051891102213E-5
2016.03.28,05:00,4.5100053923601593E-4,stall,1.417230,1.417260,1.417170,1.417170,1.4143711973829518,1.4137558761899958,1.643206537200261E-4
2016.03.28,06:00,4.927391715835608E-4,stall,1.417070,1.417070,1.417000,1.417010,1.4147771670163438,1.4139969223981443,2.875054466159163E-4
2016.03.28,07:00,4.3811831953287795E-4,stall,1.416160,1.416200,1.416160,1.416190,1.4149945259369063,1.4141593725908743,3.970350264991358E-4
2016.03.28,08:00,4.0346169099895535E-4,stall,1.416690,1.416790,1.416600,1.416600,1.415241521946613,1.4143401598063652,4.979004492488747E-4
2016.03.28,09:00,7.000274037358106E-4,stall,1.422430,1.422430,1.421560,1.421990,1.416279749339442,1.4149068146355233,6.729073001828273E-4
2016.03.28,10:00,0.0010964338117493947,stall,1.426310,1.426410,1.425740,1.425960,1.4177690186718355,1.415725569106966,9.47015753120176E-4
2016.03.28,11:00,0.0012628286186348679,stall,1.425790,1.426000,1.425590,1.425710,1.4189907081069377,1.416465156580524,0.0012627229077788928
2016.03.28,12:00,0.0012236778996233947,stall,1.424770,1.424880,1.424580,1.424680,1.4198659837827934,1.4170736635004852,0.0015686423826847414
2016.03.28,13:00,0.0010460240900504003,stall,1.423570,1.423590,1.423430,1.423510,1.4204266016623637,1.417550429167116,0.0018301484051973416
2016.03.28,14:00,9.116561234987133E-4,stall,1.424220,1.424280,1.424220,1.424270,1.4210178937143076,1.418048175154737,0.00205806243607202
2016.03.28,15:00,8.285301260368234E-4,stall,1.425010,1.425330,1.425000,1.425330,1.4216812946813373,1.4185875695877193,0.002265194967581226
2016.03.28,16:00,7.040477965296909E-4,stall,1.425400,1.425470,1.425100,1.425200,1.4222226339611315,1.4190773792478881,0.0024412069167136486
2016.03.28,17:00,5.726049074093595E-4,stall,1.425270,1.426580,1.424690,1.425290,1.4226945364286496,1.4195375733776743,0.0025843581435659882
2016.03.28,18:00,4.3217381919818856E-4,stall,1.425290,1.425440,1.425030,1.425220,1.4230830692857805,1.4199584938682168,0.0026924015983655356
2016.03.28,19:00,3.237563753391453E-4,stall,1.425650,1.425660,1.425570,1.425640,1.4234764432418143,1.4203793461742749,0.002773340692200322
2016.03.28,20:00,2.0525026374279727E-4,stall,1.425860,1.425880,1.425450,1.425510,1.423789298127689,1.4207593946058101,0.002824653258136021
2016.03.28,21:00,4.659829841506969E-5,stall,1.424590,1.424760,1.424580,1.424760,1.4239386368772753,1.4210557357461204,0.0028363028327397883
2016.03.28,22:00,-1.3155842559552013E-4,sell,1.424000,1.424040,1.423920,1.423970,1.423943461973079,1.4212716071723337,0.002803413226340908
2016.03.28,23:00,-2.644379884892403E-4,stall,1.423990,1.423990,1.423850,1.423930,1.4239413909002976,1.4214685251595682,0.002737303729218598
2016.03.29,00:00,-3.5179758046051043E-4,stall,1.423790,1.424050,1.423790,1.424040,1.423956561531021,1.421659004777378,0.00264935433410347
2016.03.29,01:00,-4.49278972546771E-4,stall,1.423420,1.423480,1.423420,1.423460,1.4238801674493256,1.4217924118309055,0.0025370345909667773
2016.03.29,02:00,-5.686683852397746E-4,stall,1.422600,1.422690,1.422480,1.422540,1.423673987841737,1.42184778873232,0.002394867494656834
2016.03.29,03:00,-7.274198054306479E-4,stall,1.422660,1.422660,1.420920,1.421100,1.423277989712239,1.4217923969743704,0.002213012543299172
2016.03.29,04:00,-6.800535038938424E-4,stall,1.422950,1.423350,1.422950,1.423120,1.4232536836026637,1.4218907379392318,0.0020429991673257116
2016.03.29,05:00,-4.986860580980072E-4,stall,1.425030,1.425390,1.424930,1.425230,1.423557732279177,1.4221380906844738,0.0019183276528012098
2016.03.29,06:00,-3.827373029553355E-4,stall,1.425850,1.425880,1.424190,1.425130,1.423799619620842,1.422359713596735,0.001822643327062376
2016.03.29,07:00,-2.4279817515137085E-4,stall,1.426240,1.426240,1.426020,1.426130,1.424158139679174,1.4226389940710509,0.0017619437832745333
2016.03.29,08:00,2.0266994173931885E-5,buy,1.428890,1.428930,1.428820,1.428930,1.4248922720362243,1.4231049945102323,0.0017670105318180163
2016.03.29,09:00,2.503040051622632E-4,stall,1.430150,1.430640,1.429890,1.430220,1.4257119224921897,1.4236320319539189,0.0018295865331085823
2016.03.29,10:00,1.9046318412671874E-4,stall,1.427060,1.427710,1.426970,1.427490,1.4259854728780066,1.4239178073647396,0.001877202329140262
2016.03.29,11:00,6.076360957114847E-5,stall,1.426520,1.426640,1.426110,1.426470,1.4260600155121594,1.4241068586710552,0.0018923932315330493
2016.03.29,12:00,4.391000512887723E-5,stall,1.427990,1.428010,1.427710,1.427800,1.4263277054333656,1.4243804246954215,0.0019033707328152687
2016.03.29,13:00,6.167689127736238E-4,stall,1.436500,1.437340,1.436500,1.437250,1.428008058443617,1.4253337265698347,0.0020575629610086747
2016.03.29,14:00,0.0010287581156557474,stall,1.439180,1.439180,1.438870,1.438880,1.4296806648369067,1.4263371542313283,0.002314752489922612
2016.03.29,15:00,0.0011175024670467331,stall,1.437620,1.437620,1.437400,1.437400,1.430868254861998,1.427156624288267,0.0025941281066842953
2016.03.29,16:00,0.0011687517604113177,stall,1.438530,1.438730,1.438410,1.438620,1.4320608310370753,1.4280057632298768,0.002886316046787125
2016.03.29,17:00,0.001104995637331289,stall,1.438020,1.438490,1.437950,1.438490,1.4330499339544482,1.428782373360997,0.003162564956119947
2016.03.29,18:00,9.96145282163002E-4,stall,1.438590,1.438770,1.438590,1.438770,1.4339299441153024,1.4295221975564787,0.0034116012766606976
2016.03.29,19:00,8.222613066241587E-4,stall,1.438410,1.438430,1.438380,1.438420,1.4346207219437175,1.4301812940337766,0.0036171666033167375
2016.03.29,20:00,6.384692388432959E-4,stall,1.438380,1.438450,1.438370,1.438440,1.4352083031831455,1.4307930500312747,0.0037767839130275612
2016.03.29,21:00,4.566464541476364E-4,stall,1.438420,1.438540,1.438390,1.438460,1.4357085642318923,1.4313609722511802,0.0038909455265644702
2016.03.29,22:00,2.1115832573072747E-4,stall,1.437360,1.437460,1.437290,1.437330,1.4359580158885243,1.4318031224547965,0.003943735107997152
2016.03.29,23:00,3.3880109802645296E-5,stall,1.437710,1.437720,1.437690,1.437700,1.436226013444136,1.4322399281988856,0.003952205135447814
2016.03.30,00:00,-1.3610182170174616E-4,sell,1.437400,1.437400,1.437330,1.437370,1.4364020113758074,1.4326199335174867,0.003918179680022378
2016.03.30,01:00,-2.6165716753564355E-4,stall,1.437400,1.437520,1.437390,1.437520,1.4365740096256832,1.4329829014050803,0.003852765388138467
2016.03.30,02:00,-2.858182314753933E-4,stall,1.438050,1.438720,1.438030,1.438710,1.4369026235294242,1.43340713093063,0.0037813108302696186
2016.03.30,03:00,-6.007627496385382E-5,stall,1.441810,1.443280,1.441810,1.442790,1.4378083737556666,1.4341021582691018,0.003766291761528655
2016.03.30,04:00,9.362315596206025E-5,buy,1.443620,1.443810,1.443190,1.443470,1.4386793931778719,1.4347960724713906,0.00378969755051917
2016.03.30,05:00,-1.3795468856123974E-4,sell,1.439030,1.439330,1.438900,1.438950,1.4387210249966609,1.4351037708068433,0.00375520887837886
2016.03.30,06:00,-3.0436331516082256E-4,stall,1.439380,1.439420,1.438940,1.439040,1.4387700980740976,1.4353953433396698,0.0036791180495886542
2016.03.30,07:00,-3.5732853057846535E-4,stall,1.440580,1.440620,1.440100,1.440120,1.4389777752934672,1.4357453179071016,0.003589785916944038
2016.03.30,08:00,-2.80715474633912E-4,stall,1.442310,1.442330,1.441830,1.442060,1.4394519637098568,1.4362130721362052,0.0035196070482855597
2016.03.30,09:00,-3.464325843588545E-4,stall,1.440330,1.440740,1.440330,1.440550,1.4396208923698788,1.4365343260520418,0.0034329989021958463
2016.03.30,10:00,-2.3802518001217552E-4,stall,1.442710,1.443120,1.442490,1.443100,1.4401561396975897,1.437020672270409,0.0033734926071928026
2016.03.30,11:00,-8.688524860052177E-5,stall,1.444710,1.445030,1.444620,1.444690,1.4408536566671912,1.437588770620749,0.003351771295042672
2016.03.30,12:00,-3.8957526187482876E-4,stall,1.438830,1.439010,1.438780,1.438870,1.4405484787183926,1.4376836765006935,0.003254377479573965
2016.03.30,13:00,-5.649303218080424E-4,stall,1.439140,1.439320,1.438930,1.439240,1.4403471743001783,1.4377989597228644,0.0031131448991219544
2016.03.30,14:00,-8.350655324667489E-4,stall,1.436900,1.436920,1.436710,1.436710,1.4397876090232278,1.4377182960396893,0.002904378516005267
2016.03.30,15:00,-8.830614065371014E-4,stall,1.438630,1.438640,1.438280,1.438340,1.4395648999427313,1.4377643481848974,0.0026836131643709917
2016.03.30,16:00,-9.238657499593748E-4,stall,1.437780,1.437830,1.437740,1.437830,1.4392979922592342,1.4377692112823124,0.002452646726881148
2016.03.30,17:00,-9.393252806707162E-4,stall,1.437750,1.437750,1.437440,1.437580,1.4390336857578134,1.4377551956317707,0.002217815406713469
2016.03.30,18:00,-9.008481322194803E-4,stall,1.437860,1.437880,1.437790,1.437880,1.4388561956412267,1.4377644403997876,0.0019926033736585988
2016.03.30,19:00,-8.853260595801265E-4,stall,1.437350,1.437390,1.437270,1.437290,1.4386152424656533,1.4377292966664699,0.0017712718587635672
2016.03.30,20:00,-8.60013280295648E-4,stall,1.437030,1.437180,1.436940,1.437060,1.4383759743940143,1.4376797191356203,0.0015562685386896554
2016.03.30,21:00,-8.496286749501817E-4,stall,1.436760,1.436760,1.436490,1.436490,1.438085824487243,1.437591591792241,0.00134386136995211
2016.03.30,22:00,-8.899664971403578E-4,stall,1.435130,1.435330,1.435130,1.435250,1.437649543796898,1.4374181405483712,0.0011213697456670204
2016.03.30,23:00,-0.0010026255299625825,stall,1.433430,1.433550,1.433290,1.433310,1.4369819216742983,1.4371138338410845,8.707133631763748E-4
2016.03.31,00:00,-0.0010005370975743292,stall,1.433720,1.433870,1.433710,1.433750,1.4364847029551755,1.436864660963967,6.205790887827925E-4
2016.03.31,01:00,-9.243562296635777E-4,stall,1.434310,1.434320,1.434170,1.434190,1.4361316717313024,1.436666537929599,3.894900313668981E-4
2016.03.31,02:00,-8.572292283365508E-4,stall,1.434160,1.434240,1.433710,1.433790,1.4357714145418712,1.436453461045925,1.7518272428276039E-4
2016.03.31,03:00,-7.718150591752227E-4,stall,1.434280,1.434280,1.433540,1.433790,1.4354665815354295,1.4362561676351158,-1.7771040511045314E-5
2016.03.31,04:00,-6.610646841496983E-4,stall,1.434470,1.434570,1.433990,1.434050,1.4352486459145941,1.4360927478102923,-1.8303721154846992E-4
2016.03.31,05:00,-3.1473308366283283E-4,stall,1.438480,1.438580,1.437750,1.437820,1.4356442388508104,1.4362206924169374,-2.617204824641781E-4
2016.03.31,06:00,-8.0688791952195E-5,stall,1.437480,1.437840,1.437420,1.437790,1.4359743559506857,1.43633693742309,-2.8189268045222685E-4
2016.03.31,07:00,2.259678306281144E-4,buy,1.440360,1.440400,1.440190,1.440190,1.436622916573657,1.4366223494658241,-2.2540072279519826E-4
2016.03.31,08:00,3.101043867451905E-4,stall,1.439300,1.439360,1.438290,1.438650,1.4369347755623252,1.436772545801689,-1.478746261089006E-4
2016.03.31,09:00,3.6197139652635645E-4,stall,1.438910,1.439090,1.438670,1.438870,1.4372325023988906,1.4369279127793415,-5.7381776977311495E-5
2016.03.31,10:00,2.573277786975362E-4,stall,1.436330,1.437050,1.436330,1.437010,1.4371982712605997,1.4369339933142051,6.950167697072557E-6
2016.03.31,11:00,2.1583869725306598E-4,stall,1.437780,1.437940,1.437280,1.437600,1.437260075682046,1.4369833271427825,6.090984201033905E-5
2016.03.31,12:00,1.786023968493995E-4,stall,1.437890,1.437900,1.437530,1.437610,1.4373139101925003,1.4370297473544282,1.0556044122268893E-4
2016.03.31,13:00,2.5917201621482506E-4,stall,1.439380,1.439750,1.439320,1.439400,1.437634847085962,1.4372053216244707,1.7035344527639522E-4
2016.03.31,14:00,1.5604785706154912E-4,stall,1.437450,1.437460,1.437050,1.437230,1.437572562918891,1.4372071496522876,2.093654095417825E-4
2016.03.31,15:00,9.025707388700914E-5,stall,1.437120,1.437380,1.437000,1.437370,1.4375413993929076,1.437219212641007,2.3192967801353477E-4
2016.03.31,16:00,-3.121551137662135E-5,sell,1.436270,1.436360,1.436220,1.436220,1.4373381071786142,1.4371451968898215,2.2412580016937942E-4
2016.03.31,17:00,-1.0967364787005553E-4,stall,1.435870,1.436190,1.435760,1.436190,1.4371614753049813,1.4370744415646495,1.9670738820186552E-4
2016.03.31,18:00,-1.3957751838286205E-4,stall,1.436530,1.436650,1.436430,1.436430,1.4370489406426765,1.4370267051524532,1.6181300860615002E-4
2016.03.31,19:00,-1.3588642665094073E-4,stall,1.436770,1.436820,1.436620,1.436690,1.4369937190053417,1.4370017640300492,1.2784140194341484E-4
2016.03.31,20:00,-1.3782586270456762E-4,stall,1.436480,1.436590,1.436450,1.436530,1.4369223776199045,1.4369668185463418,9.338493626727292E-5
2016.03.31,21:00,-1.1352247767361018E-4,stall,1.436760,1.436940,1.436700,1.436830,1.4369081656783806,1.4369566838392054,6.500431684887037E-5
2016.03.31,22:00,-2.2886280678449932E-4,stall,1.434770,1.434820,1.434690,1.434700,1.4365684478817067,1.4367895220733384,7.788615152745529E-6
2016.03.31,23:00,-3.1794748008373775E-4,stall,1.434180,1.434280,1.434180,1.434250,1.4362117635922134,1.4366014093271653,-7.169825486818892E-5