2016.03.02,09:00,1.538734061765511E-4,stall,0.999380,0.999460,0.999110,0.999390,0.9987006761980088,0.9985413520561072,5.450735725122237E-6
2016.03.02,10:00,1.1680502412375738E-4,stall,0.998930,0.998970,0.998590,0.998750,0.9987082644752383,0.9985568074593585,3.465199175606158E-5
2016.03.02,11:00,2.071094603940181E-4,stall,1.000590,1.000640,1.000390,1.000630,0.9990039160944324,0.9987103772771838,8.642935685456612E-5
2016.03.02,12:00,8.677780217832244E-5,stall,0.998110,0.998140,0.997880,0.998040,0.9988556213106736,0.9986607197010962,1.0812380739914672E-4
2016.03.02,13:00,-4.4594484292424224E-5,sell,0.997080,0.997250,0.997080,0.997250,0.9986086026474931,0.9985562219454595,9.697518632604067E-5
2016.03.02,14:00,-2.0206367263660163E-4,stall,0.995820,0.996050,0.995790,0.996050,0.9982149714709557,0.9983705758754254,4.645926816689026E-5
2016.03.02,15:00,-2.6698082225863346E-4,stall,0.996360,0.996570,0.996360,0.996420,0.9979388220138856,0.998226088773542,-2.028593739776812E-5
2016.03.02,16:00,-2.8327828889001877E-4,stall,0.996580,0.996620,0.996560,0.996580,0.9977297724732879,0.9981041562717982,-9.110550962027281E-5
2016.03.02,17:00,-2.822799541679615E-4,stall,0.996260,0.996510,0.996180,0.996510,0.9975421151697051,0.9979860706220354,-1.616754981622632E-4
2016.03.02,18:00,-2.590009046247829E-4,stall,0.996380,0.996610,0.996370,0.996610,0.9973987128359043,0.9978841394648476,-2.2642572431845893E-4
2016.03.02,19:00,-2.2238674547253254E-4,stall,0.996610,0.996710,0.996560,0.996710,0.997292757014996,0.9977971661711551,-2.820224106865921E-4
2016.03.02,20:00,-2.024394439216399E-4,stall,0.996410,0.996440,0.996410,0.996440,0.9971615636280735,0.9976966353436622,-3.3263227166700207E-4
2016.03.02,21:00,-1.8841746278576606E-4,stall,0.996290,0.996290,0.996240,0.996250,0.9970213230699083,0.9975894771700575,-3.797366373634436E-4
2016.03.02,22:00,-1.4778249297170561E-4,stall,0.996550,0.996550,0.996510,0.996540,0.9969472733668455,0.9975117381204236,-4.1668226060636996E-4
2016.03.02,23:00,-6.800963125175422E-5,stall,0.997260,0.997270,0.997210,0.997210,0.9969876928488693,0.9974893871485404,-4.336846684193085E-4
2016.03.03,00:00,1.3760162857500357E-5,buy,0.997650,0.997660,0.997590,0.997590,0.9970803554875048,0.9974968399523523,-4.302446277049334E-4
2016.03.03,01:00,8.09765460943083E-5,stall,0.997780,0.997790,0.997760,0.997790,0.9971895315663503,0.9975185555114373,-4.100004911813563E-4
2016.03.03,02:00,7.792708009929622E-5,stall,0.997380,0.997380,0.997070,0.997090,0.997174219017681,0.9974868106587382,-3.9051872115653224E-4
2016.03.03,03:00,1.0101801774875719E-4,stall,0.997840,0.997920,0.997490,0.997490,0.9972228007072685,0.9974870469062391,-3.6526421671934296E-4
2016.03.03,04:00,4.1411522733982226E-5,stall,0.996270,0.996500,0.996080,0.996360,0.9970900621369195,0.9974035619502214,-3.549113360358474E-4
2016.03.03,05:00,9.509903086437303E-5,stall,0.997640,0.997770,0.997530,0.997770,0.9971946679620088,0.9974307055094642,-3.311365783197541E-4
2016.03.03,06:00,7.253796725007887E-5,stall,0.996910,0.996960,0.996870,0.996920,0.997152411352469,0.9973928754717262,-3.1300208650723437E-4
2016.03.03,07:00,5.361908999737758E-5,stall,0.996990,0.997010,0.996810,0.996860,0.9971074249905507,0.9973534032145612,-2.9959731400789E-4
2016.03.03,08:00,-1.3445507765712342E-4,sell,0.994490,0.994490,0.994000,0.994100,0.9966447442227737,0.997112410383853,-3.3321108342217084E-4
2016.03.03,09:00,-3.3733846223874626E-4,stall,0.993140,0.993340,0.992500,0.992610,0.996024014342347,0.9967788985035676,-4.175456989818574E-4
2016.03.03,10:00,-5.310796892074971E-4,stall,0.991920,0.992390,0.991230,0.991230,0.9952864736742936,0.9963678689847848,-5.503156212837317E-4
2016.03.03,11:00,-5.201001839756222E-4,stall,0.993100,0.993200,0.992650,0.992790,0.9949024008013253,0.9961028416525786,-6.803406672776372E-4
2016.03.03,12:00,-5.352727632591649E-4,stall,0.992200,0.992200,0.991870,0.991920,0.9944435699088138,0.9957930015301654,-8.141588580924284E-4
2016.03.03,13:00,-5.520580631238926E-4,stall,0.991340,0.991400,0.991120,0.991250,0.993952251461304,0.9954564828983012,-9.521733738734016E-4
2016.03.03,14:00,-6.232373873755997E-4,stall,0.989420,0.989710,0.989420,0.989710,0.9932995973903341,0.995030817498427,-0.0011079827207173016
2016.03.03,15:00,-5.293523124507459E-4,stall,0.991250,0.991330,0.991130,0.991210,0.9929781208687443,0.994747793980025,-0.001240320798829988
2016.03.03,16:00,-4.6591121390704687E-4,stall,0.990800,0.990830,0.990670,0.990670,0.992623025350476,0.9944457351666898,-0.0013567986023067498
2016.03.03,17:00,-3.1915462261684836E-4,stall,0.991790,0.991810,0.991580,0.991770,0.992491790681172,0.9942475325617498,-0.0014365872579609619
2016.03.03,18:00,-1.960663765614096E-4,stall,0.991720,0.991910,0.991570,0.991790,0.9923838228840686,0.9940654931127313,-0.0014856038521013143
2016.03.03,19:00,-5.1698946966966626E-5,stall,0.992490,0.992560,0.992470,0.992470,0.9923970809019041,0.9939473084377142,-0.001498528588843056
2016.03.03,20:00,1.2401869612176965E-5,buy,0.991800,0.991820,0.991790,0.991800,0.9923052223016112,0.9937882485534391,-0.0014954281214400117
2016.03.03,21:00,1.2363649991177852E-4,stall,0.992860,0.992870,0.992700,0.992710,0.992367495793671,0.9937083782902213,-0.001464518996462067
2016.03.03,22:00,2.1873384423144737E-4,stall,0.993100,0.993100,0.993000,0.993000,0.9924648041331062,0.993655905824279,-0.0014098355354042053
2016.03.03,23:00,2.3122440471513568E-4,stall,0.992170,0.992250,0.992170,0.992240,0.9924302188818591,0.9935510239113694,-0.0013520294342254213
2016.03.04,00:00,2.405346282169684E-4,stall,0.992200,0.992290,0.992180,0.992260,0.9924040313615731,0.9934553925105273,-0.0012918957771711791
2016.03.04,01:00,2.32775307698965E-4,stall,0.992060,0.992060,0.992060,0.992060,0.9923511034597926,0.9933520301023401,-0.0012337019502464378
2016.03.04,02:00,1.982389261182525E-4,stall,0.991920,0.991920,0.991590,0.991610,0.9922370875429014,0.9932229908355,-0.0011841422187168747
2016.03.04,03:00,2.3315532187764094E-4,stall,0.992470,0.992800,0.992420,0.992490,0.9922759971516858,0.9931686952180556,-0.0011258533882474646
2016.03.04,04:00,3.475321879372103E-4,stall,0.994180,0.994210,0.993920,0.993970,0.9925366129745034,0.9932280511278293,-0.001038970341263162
2016.03.04,05:00,3.1985419183207383E-4,stall,0.992700,0.992700,0.992510,0.992550,0.9925386725168874,0.9931778251183605,-9.590067933051436E-4
2016.03.04,06:00,2.064135806233336E-4,stall,0.991290,0.991290,0.991100,0.991170,0.9923281075142893,0.9930290973318153,-9.074033981493102E-4
2016.03.04,07:00,1.901991832577918E-4,stall,0.992090,0.992090,0.991960,0.992070,0.9922883986659371,0.9929580530850142,-8.598536023348622E-4
2016.03.04,08:00,2.70440491335038E-4,stall,0.993370,0.993530,0.993310,0.993520,0.9924778757942545,0.9929996787824206,-7.922434795011027E-4
2016.03.04,09:00,1.7338112344560325E-4,stall,0.992540,0.993190,0.991320,0.991320,0.9922997410566768,0.9928752581318709,-7.488981986397018E-4
2016.03.04,10:00,-4.798297732767464E-5,sell,0.989330,0.989330,0.988800,0.988840,0.9917674732018035,0.9925763501221028,-7.608939429716205E-4
2016.03.04,11:00,1.0607299198914038E-4,buy,0.993350,0.993500,0.993080,0.993280,0.9920001696322952,0.9926284723352804,-7.343756949743355E-4
2016.03.04,12:00,1.5909456583826766E-4,stall,0.992580,0.992670,0.992570,0.992580,0.9920893743042498,0.9926248817919263,-6.946020535147686E-4
2016.03.04,13:00,2.592430923528598E-4,stall,0.993530,0.993760,0.993530,0.993660,0.9923310090266729,0.9927015572147466,-6.297912804265536E-4
2016.03.04,14:00,3.620292320431087E-4,stall,0.994290,0.994430,0.994280,0.994410,0.9926508537918002,0.9928281085321728,-5.392839724157764E-4
2016.03.04,15:00,4.360045071827428E-4,stall,0.994840,0.994850,0.994620,0.994780,0.9929784147469078,0.9929726930853452,-4.302828456200907E-4
2016.03.04,16:00,3.7090189380536336E-4,stall,0.993410,0.993470,0.993330,0.993330,0.9930325047858451,0.9929991602642085,-3.3755737216874986E-4
2016.03.06,17:00,2.735258647508846E-4,stall,0.992700,0.992700,0.992700,0.992700,0.9929813502034074,0.9929770002446375,-2.691759059810287E-4
2016.03.06,18:00,2.8931435647670453E-4,stall,0.994070,0.994130,0.994050,0.994090,0.9931519117105755,0.9930594446709606,-1.968473168618526E-4
2016.03.06,19:00,2.858385599936535E-4,stall,0.994300,0.994400,0.994080,0.994090,0.9932962329858716,0.9931357821027413,-1.253876768634392E-4
2016.03.06,20:00,2.2387028602165006E-4,stall,0.993380,0.993610,0.993350,0.993370,0.993307581757276,0.9931531315766123,-6.942010535802669E-5
2016.03.06,21:00,2.0838855041053063E-4,stall,0.993910,0.993960,0.993910,0.993910,0.9934002614869258,0.9932091959042707,-1.7322967755394018E-5
2016.03.06,22:00,1.9366234623617083E-4,stall,0.994020,0.994020,0.994000,0.994000,0.9934925289504757,0.9932677739854359,3.109261880364869E-5
2016.03.06,23:00,2.0590551299040793E-4,stall,0.994600,0.994610,0.994500,0.994500,0.9936475244965564,0.9933590499865147,8.256899705125066E-5
2016.03.07,00:00,1.8544002711105135E-4,stall,0.994230,0.994240,0.994230,0.994240,0.9937386745740092,0.9934243055430692,1.289290038290135E-4
2016.03.07,01:00,1.3555092111515164E-4,stall,0.993850,0.993850,0.993830,0.993830,0.9937527246395462,0.9934543569843233,1.628167341078014E-4
2016.03.07,02:00,1.071784031186106E-4,stall,0.993930,0.994010,0.993820,0.994010,0.9937923054642314,0.9934955157262253,1.8961133488745407E-4
2016.03.07,03:00,2.2882856594413063E-4,stall,0.996630,0.996640,0.996310,0.996310,0.9941796430851189,0.9937039960428012,2.468184763734867E-4
2016.03.07,04:00,4.848364607699039E-4,stall,0.999230,0.999360,0.999230,0.999350,0.9949750826104852,0.9941222185581493,3.680275915659627E-4
2016.03.07,05:00,6.503494456431669E-4,stall,0.999530,0.999890,0.999510,0.999880,0.9957296852857952,0.9945487208871753,5.306149529767545E-4
2016.03.07,06:00,6.730402120897017E-4,stall,0.999200,0.999280,0.999200,0.999220,0.9962666567802883,0.9948947415621994,6.9887500599918E-4
2016.03.07,07:00,7.011303223364145E-4,stall,1.000100,1.000230,1.000090,1.000090,0.9968548634294747,0.995279575520555,8.741575865832835E-4
2016.03.07,08:00,7.2187596919172E-4,stall,1.000860,1.001080,1.000810,1.000840,0.9974679613634017,0.9956914588153287,0.0010546265788812135
2016.03.07,09:00,6.593424062932033E-4,stall,1.000080,1.000400,0.999960,1.000400,0.9979190442305707,0.9960402396438229,0.0012194621804545143
2016.03.07,10:00,5.323465000512749E-4,stall,0.999700,0.999770,0.999580,0.999740,0.9981991912720213,0.9963142959665027,0.001352548805467333
2016.03.07,11:00,3.563509697046834E-4,stall,0.998500,0.998870,0.998480,0.998860,0.9983008541532488,0.9965028666356506,0.001441636547893504
2016.03.07,12:00,6.998882875859408E-5,stall,0.996990,0.996990,0.996560,0.996600,0.9980391842835182,0.9965100616996765,0.0014591337550831525
2016.03.07,13:00,-2.828222637586994E-4,sell,0.994310,0.994450,0.994120,0.994150,0.9974408482399001,0.9963352423145153,0.0013884281891434777
2016.03.07,14:00,-3.7160141163874614E-4,stall,0.996220,0.996220,0.996170,0.996190,0.9972484100491462,0.9963244836245512,0.0012955278362337913
2016.03.07,15:00,-4.789280088906636E-4,stall,0.994810,0.995350,0.994810,0.995260,0.996942500810816,0.9962456329856956,0.0011757958340111254
2016.03.07,16:00,-5.005408940777453E-4,stall,0.995570,0.995750,0.995570,0.995750,0.9967590391476135,0.9962089194311996,0.001050660610491689
2016.03.07,17:00,-5.427374645725586E-4,stall,0.994990,0.995040,0.994800,0.995040,0.9964945715864423,0.9961223328066663,9.149762443485494E-4
2016.03.07,18:00,-5.203579777995208E-4,stall,0.995500,0.995500,0.995460,0.995490,0.996340022111605,0.9960754933395058,7.848867498986693E-4
2016.03.07,19:00,-4.728068772812731E-4,stall,0.995780,0.995780,0.995690,0.995700,0.9962415571713581,0.996047679018061,6.66685030578351E-4
2016.03.07,20:00,-4.702442090244662E-4,stall,0.994860,0.994980,0.994850,0.994980,0.9960474714526876,0.9959685916833898,5.491239783222345E-4
2016.03.07,21:00,-4.930274462554287E-4,stall,0.994490,0.994490,0.994290,0.994290,0.9957770912291972,0.9958442515586943,4.2586711675837735E-4
2016.03.07,22:00,-5.236353720483812E-4,stall,0.993910,0.993910,0.993660,0.993690,0.9954560002708592,0.9956846773691613,2.9495827374628205E-4
2016.03.07,23:00,-5.033810110932358E-4,stall,0.993920,0.993930,0.993920,0.993920,0.9952196925368809,0.9955539605270012,1.691130209729731E-4
2016.03.08,00:00,-4.345690215002983E-4,stall,0.994370,0.994420,0.994320,0.994410,0.9950951244542838,0.9954692227101862,6.047076559789852E-5
2016.03.08,01:00,-4.253690179215405E-4,stall,0.993550,0.993550,0.993450,0.993530,0.9948543360767017,0.9953255765835057,-4.58714888824866E-5
2016.03.08,02:00,-4.5878901939875824E-4,stall,0.993020,0.993020,0.992560,0.992560,0.9945013612956707,0.9951207190588016,-1.6056874373217614E-4
2016.03.08,03:00,-4.8613050768401016E-4,stall,0.992480,0.992480,0.992040,0.992060,0.9941257672501829,0.9948939991285201,-2.821013706531787E-4
2016.03.08,04:00,-5.543458971291738E-4,stall,0.991020,0.991090,0.990820,0.990820,0.9936171876732317,0.9945922214152964,-4.2068784493547217E-4
2016.03.08,05:00,-5.188963816504906E-4,stall,0.991800,0.991860,0.991390,0.991530,0.9932960818773499,0.9943653901993484,-5.504119403480949E-4
2016.03.08,06:00,-3.27888105192384E-4,stall,0.993380,0.993780,0.993380,0.993670,0.9933536077423729,0.9943138798142115,-6.323839666461909E-4
2016.03.08,07:00,-1.8840494094851906E-4,stall,0.993550,0.993770,0.993550,0.993620,0.9933945911666232,0.994262481309455,-6.794852018833207E-4
2016.03.08,08:00,-8.490836062620324E-5,stall,0.993660,0.993740,0.993600,0.993620,0.9934292694486812,0.9942148901013472,-7.007122920398715E-4
2016.03.08,09:00,-9.982049498248255E-5,stall,0.992150,0.992220,0.992020,0.992200,0.993240151071961,0.9940656389827289,-7.256674157854921E-4
2016.03.08,10:00,-6.540977338761187E-5,stall,0.993090,0.993210,0.992690,0.992700,0.9931570509070439,0.9939644805395639,-7.420198591323951E-4
2016.03.08,11:00,-7.895859922679043E-5,stall,0.991780,0.992000,0.991700,0.991990,0.9929775046136525,0.9938182227218184,-7.617595089390928E-4
2016.03.08,12:00,2.9570537439221737E-5,buy,0.994000,0.994000,0.993570,0.993650,0.9930809654423214,0.9938057617794614,-7.543668745792874E-4
2016.03.08,13:00,2.050300422149797E-4,stall,0.995000,0.995250,0.995000,0.995250,0.9934146630665797,0.9939127423883902,-7.031093640255425E-4
2016.03.08,14:00,3.878861340634003E-4,stall,0.996830,0.996860,0.996410,0.996460,0.993883176440952,0.9941014281373983,-6.061378305096925E-4
2016.03.08,15:00,4.8641284744663547E-4,stall,0.996390,0.996610,0.996360,0.996440,0.9942765339115748,0.9942746556827762,-4.845346186480336E-4
2016.03.08,16:00,4.945393184750538E-4,stall,0.995970,0.995990,0.995760,0.995930,0.994530913309794,0.9943972737803483,-3.608997890292701E-4
2016.03.08,17:00,4.042463825525309E-4,stall,0.994980,0.994980,0.994650,0.994790,0.9945707728005949,0.9944263646114335,-2.598381933911374E-4
2016.03.08,18:00,3.8179881240133705E-4,stall,0.995630,0.995740,0.995530,0.995620,0.9947321923697342,0.9945147820476237,-1.6438849029080314E-4
2016.03.08,19:00,3.9899106193835355E-4,stall,0.996390,0.996450,0.996390,0.996400,0.9949887781590059,0.9946544278218737,-6.464072480621475E-5
2016.03.08,20:00,4.0986202968151407E-4,stall,0.996740,0.996750,0.996710,0.996720,0.9952551199806973,0.9948074331684016,3.782478261416378E-5
2016.03.08,21:00,4.395176201459318E-4,stall,0.997410,0.997500,0.997410,0.997420,0.9955881784452054,0.9950009566374088,1.4770418765064672E-4
2016.03.08,22:00,4.5031093151628196E-4,stall,0.997720,0.997720,0.997670,0.997680,0.9959099971459431,0.9951994042938971,2.6028192052971724E-4
2016.03.08,23:00,4.508804620457931E-4,stall,0.997990,0.998010,0.997970,0.997990,0.9962299975850287,0.9954061150869418,3.730020360411655E-4
2016.03.09,00:00,4.210100623293426E-4,stall,0.997950,0.997950,0.997940,0.997940,0.9964930748796397,0.9955938102656868,4.782545516235011E-4
2016.03.09,01:00,4.001083881137569E-4,stall,0.998160,0.998320,0.998160,0.998320,0.996774140282772,0.9957957502460063,5.782816486519404E-4
2016.03.09,02:00,3.4225407488185154E-4,stall,0.998030,0.998170,0.998030,0.998030,0.9969673494700378,0.9959612502277836,6.638451673724032E-4
2016.03.09,03:00,2.4051695686350182E-4,stall,0.997000,0.997400,0.996990,0.997380,0.9970308341669551,0.9960663428035034,7.239744065882786E-4
2016.03.09,04:00,1.971084210475653E-4,stall,0.997810,0.998030,0.997790,0.998000,0.9971799366028082,0.9962095766699105,7.7325151185017E-4
2016.03.09,05:00,1.927235843959533E-4,stall,0.998210,0.998710,0.998200,0.998630,0.9974030232792993,0.9963888672869542,8.214324079491583E-4
2016.03.09,06:00,3.9574534587256624E-4,stall,1.002000,1.002200,1.002000,1.002130,0.9981302504670994,0.9968141363768095,9.203687444172998E-4
2016.03.09,07:00,4.2621227800557497E-4,stall,1.000910,1.001370,1.000700,1.001070,0.9985825196260071,0.9971293855340828,0.0010269218139186936
2016.03.09,08:00,3.4978569495554236E-4,stall,1.000300,1.000460,1.000060,1.000070,0.9988113627604676,0.9973472088278544,0.001114368237657579
2016.03.09,09:00,4.0229884760872815E-4,stall,1.002090,1.002220,1.002070,1.002090,0.9993157684896263,0.9976985266924578,0.0012149429495597612
2016.03.09,10:00,2.722212901988372E-4,stall,0.999950,1.000080,0.999560,1.000040,0.9994271887219915,0.9978719691596832,0.0012829982721094704
2016.03.09,11:00,-6.055229624152519E-5,sell,0.996700,0.996810,0.996200,0.996510,0.9989783904570698,0.9977710825552623,0.001267860198049089
2016.03.09,12:00,-3.177180495173035E-4,stall,0.995850,0.995910,0.995760,0.995880,0.998501715002136,0.9976310023659836,0.0011884306856697632
2016.03.09,13:00,-5.132890802970651E-4,stall,0.994980,0.995260,0.994930,0.995250,0.9980014511556535,0.9974546318203551,0.001060108415595497
2016.03.09,14:00,-5.586379538696929E-4,stall,0.996120,0.996290,0.996100,0.996190,0.997722766362476,0.9973609553892177,9.204489271280737E-4
2016.03.09,15:00,-4.564022000280171E-4,stall,0.997490,0.997920,0.997490,0.997910,0.9977515715374797,0.9974016253603867,8.063483771210694E-4
2016.03.09,16:00,-4.274410845896086E-4,stall,0.997090,0.997110,0.997070,0.997100,0.9976513297624828,0.9973792827410988,6.994881059736673E-4
2016.03.09,17:00,-3.8751516033379155E-4,stall,0.997300,0.997340,0.996660,0.997190,0.9975803559528701,0.9973652617973137,6.026093158902194E-4
2016.03.09,18:00,-3.304392843350146E-4,stall,0.997260,0.997500,0.997260,0.997460,0.9975618396524285,0.997372279441957,5.199994948064657E-4
2016.03.09,19:00,-2.3932595906974634E-4,stall,0.998160,0.998180,0.998100,0.998130,0.9976492489366703,0.997428406890701,4.6016800503902915E-4
2016.03.09,20:00,-1.694000571064784E-4,stall,0.998200,0.998210,0.998200,0.998200,0.9977339798694902,0.9974855619358343,4.178179907624095E-4
2016.03.09,21:00,-1.5240962430796345E-4,stall,0.997730,0.997740,0.997700,0.997700,0.997728752197261,0.9975014462368835,3.7971558468541866E-4
2016.03.09,22:00,-1.6275964586940744E-4,stall,0.997290,0.997330,0.997250,0.997300,0.9976627903207593,0.9974865242934107,3.390256732180668E-4
2016.03.09,23:00,-1.4146935929913647E-4,stall,0.997580,0.997660,0.997580,0.997650,0.997660822579104,0.9974986336050099,3.036583333932827E-4
2016.03.10,00:00,-1.534716596132906E-4,stall,0.997150,0.997180,0.997150,0.997180,0.9975868498746265,0.9974750311157499,2.652904184899601E-4
2016.03.10,01:00,-1.2792623759458392E-4,stall,0.997560,0.997640,0.997340,0.997610,0.9975904114323763,0.9974850288108795,2.333088590913141E-4
2016.03.10,02:00,-1.5711356731891216E-4,stall,0.997160,0.997460,0.996810,0.996830,0.9974734250581645,0.9974365081582218,1.9403046726158604E-4
2016.03.10,03:00,-1.2554439465764882E-4,stall,0.997330,0.997540,0.997330,0.997510,0.997479051972293,0.9974419519983535,1.6264436859717384E-4
2016.03.10,04:00,-1.3448236369566788E-4,stall,0.996900,0.997010,0.996810,0.996980,0.9974022747457864,0.9974077333318088,1.2902377767325687E-4
2016.03.10,05:00,-1.386782434247659E-4,stall,0.996920,0.997000,0.996760,0.996910,0.9973265401695115,0.9973708641961192,9.435421681706538E-5
2016.03.10,06:00,-7.937723873870629E-5,stall,0.997590,0.997880,0.997520,0.997780,0.9973963032203559,0.9974011705519622,7.450990713238882E-5
2016.03.10,07:00,-2.2772308479772466E-5,stall,0.998020,0.998080,0.998020,0.998030,0.9974937950326088,0.9974477505110761,6.881683001244571E-5
2016.03.10,08:00,6.559168119674173E-4,buy,1.007110,1.008370,1.007000,1.008100,0.9991255188737459,0.9982368060287742,2.3279603300430007E-4
2016.03.10,09:00,5.693578086983571E-4,stall,1.000640,1.000680,0.999490,1.000650,0.9993600544316311,0.9984155611377539,3.751354851788894E-4
2016.03.10,10:00,4.149570627152662E-5,stall,0.994350,0.994570,0.992970,0.993750,0.9984969691344571,0.9980699640164388,3.8550941174677104E-4
2016.03.10,11:00,-6.390251303293541E-4,sell,0.988100,0.988430,0.987820,0.988360,0.9969374354214636,0.9973507074226285,2.257531291644325E-4
2016.03.10,12:00,-0.0012045149641396976,stall,0.985960,0.985960,0.985630,0.985690,0.9952070607412384,0.9964869513172486,-7.537561187049202E-5
2016.03.10,13:00,-0.0016610491126870259,stall,0.983160,0.983180,0.983020,0.983090,0.9933428975502787,0.995494584553008,-4.906378900422485E-4
2016.03.10,14:00,-0.0019015965991794352,stall,0.982240,0.982400,0.981710,0.982370,0.9916547594656204,0.994522393104637,-9.660370398371072E-4
2016.03.10,15:00,-0.0019272824996806838,stall,0.982410,0.982730,0.982370,0.982630,0.9902663349324481,0.993641475096886,-0.0014478576647572782
2016.03.10,16:00,-0.0016823701224411645,stall,0.984780,0.984930,0.984760,0.984930,0.9894453603274561,0.9929961806452648,-0.0018684501953675694
2016.03.10,17:00,-0.0014261895701027931,stall,0.984930,0.984940,0.984680,0.984890,0.9887445356616936,0.9923957228196897,-0.0022249975878932677
2016.03.10,18:00,-0.0012235411316822158,stall,0.984540,0.984540,0.983960,0.984060,0.988023837867587,0.991778261870083,-0.0025308828708138216
2016.03.10,19:00,-9.959096830723271E-4,stall,0.984580,0.984580,0.984030,0.984270,0.9874463243494966,0.9912220943241509,-0.0027798602915819035
2016.03.10,20:00,-8.235472620018139E-4,stall,0.983920,0.983920,0.983510,0.983520,0.9868422744495741,0.9906515688186582,-0.002985747107082357
2016.03.10,21:00,-5.972583930587945E-4,stall,0.984120,0.984360,0.984010,0.984270,0.9864465399188703,0.9901788600172762,-0.0031350617053470557
2016.03.10,22:00,-3.674541108454202E-4,stall,0.984710,0.984710,0.984700,0.984710,0.9861793799313519,0.9897737592752557,-0.0032269252330584105
2016.03.10,23:00,-1.3070123770505615E-4,stall,0.985440,0.985440,0.985400,0.985400,0.9860594753265285,0.9894497771067182,-0.0032596005424846745
2016.03.11,00:00,3.958154463286432E-5,buy,0.985280,0.985280,0.985150,0.985170,0.985922632968601,0.9891327565802946,-0.003249705156326458
2016.03.11,01:00,1.2919114062525175E-4,stall,0.984650,0.984650,0.984470,0.984470,0.9856991509734316,0.9887873672039765,-0.0032174073711701452
2016.03.11,02:00,2.3535837059264486E-4,stall,0.986230,0.986230,0.984900,0.984900,0.9855762046698268,0.9884994140777561,-0.003158567778521984
2016.03.11,03:00,3.5026895026560876E-4,stall,0.985970,0.986150,0.985070,0.985400,0.9855490962590842,0.9882698278497741,-0.003071000540955582
2016.03.11,04:00,5.787093507619457E-4,stall,0.987730,0.988090,0.987700,0.987700,0.9858800045269174,0.9882276183794205,-0.0029263232032650955
2016.03.11,05:00,6.703699499232343E-4,stall,0.987100,0.987220,0.986950,0.986950,0.9860446192150839,0.988132979980945,-0.002758730715784287
2016.03.11,06:00,7.976020383204051E-4,stall,0.988030,0.988220,0.988030,0.988200,0.9863762162589171,0.9881379444268009,-0.0025593302062041855
2016.03.11,07:00,7.465508662467934E-4,stall,0.986440,0.986510,0.986400,0.986440,0.9863860291421607,0.9880121707655564,-0.002372692489642487
2016.03.11,08:00,6.747127527759176E-4,stall,0.986580,0.986600,0.986080,0.986090,0.9863404861972129,0.9878697877458855,-0.002204014301448508
2016.03.11,09:00,5.697376705820368E-4,stall,0.985220,0.985630,0.985140,0.985390,0.9861942575514878,0.9876860997647088,-0.0020615798838029987
2016.03.11,10:00,3.594908455302097E-4,stall,0.983510,0.983940,0.983270,0.983300,0.9857489871589512,0.9873612034858414,-0.0019717071724204465
2016.03.11,11:00,2.600279677028284E-4,stall,0.983660,0.984060,0.983630,0.983820,0.985452219903728,0.9870988921165199,-0.0019067001804947393
2016.03.11,12:00,5.5934215138251937E-5,stall,0.981450,0.981540,0.981430,0.981540,0.9848503399185391,0.986687122330111,-0.0018927166267101764
2016.03.11,13:00,-5.5749892888120765E-5,sell,0.981610,0.981640,0.981540,0.981570,0.9843456722387639,0.9863080762315842,-0.0019066540999322066
2016.03.11,14:00,-1.245915242753322E-4,stall,0.980720,0.981280,0.980720,0.981270,0.9838724918943387,0.985934885399615,-0.0019378019810010398
2016.03.11,15:00,-1.237587850141447E-4,stall,0.981580,0.981620,0.981480,0.981580,0.9835198008336712,0.9856123012959399,-0.0019687416772545758
2016.03.11,16:00,-2.987748117098607E-5,stall,0.982670,0.982670,0.982550,0.982660,0.9833875237823372,0.9853936123110555,-0.0019762110475473223
2016.03.13,17:00,8.620088877534784E-5,buy,0.983290,0.983300,0.983080,0.983250,0.9833663662773622,0.9852348262139403,-0.001954660825353485
2016.03.13,18:00,1.6140903600006637E-4,stall,0.982890,0.983230,0.982880,0.983080,0.9833223099269988,0.9850752094573522,-0.0019143085663534687
2016.03.13,19:00,1.492542027788932E-4,stall,0.982190,0.982330,0.982010,0.982010,0.9831204160920759,0.9848481569049558,-0.0018769950156587454
2016.03.13,20:00,2.083597395604827E-4,stall,0.982870,0.983050,0.982870,0.982910,0.9830880443856027,0.9847045897268109,-0.0018249050807686248
2016.03.13,21:00,2.4410075136247107E-4,stall,0.982800,0.982860,0.982790,0.982800,0.9830437298647408,0.9845635090063063,-0.001763879892928007
2016.03.13,22:00,2.9084714574636604E-4,stall,0.983280,0.983280,0.983110,0.983130,0.9830570021932422,0.9844573231539873,-0.0016911681064914156
2016.03.13,23:00,3.458453144742546E-4,stall,0.983640,0.983640,0.983500,0.983530,0.9831297710865896,0.9843886325499882,-0.0016047067778728519
2016.03.14,00:00,3.710735339129173E-4,stall,0.983440,0.983440,0.983440,0.983440,0.9831774986117296,0.9843183634722114,-0.0015119383943946224
2016.03.14,01:00,3.805796823875638E-4,stall,0.983320,0.983480,0.983320,0.983430,0.9832163449791559,0.984252558770566,-0.0014167934737977315
2016.03.14,02:00,4.0247833089076114E-4,stall,0.984030,0.984030,0.983710,0.983790,0.9833045995977473,0.9842182951579316,-0.0013161738910750411
2016.03.14,03:00,4.377371851179623E-4,stall,0.984240,0.984290,0.984150,0.984270,0.9834531227365554,0.984222125146233,-0.0012067395947955506
2016.03.14,04:00,5.263871863349693E-4,stall,0.984930,0.985500,0.984930,0.985500,0.9837680269309315,0.9843167825428083,-0.0010751427982118081
2016.03.14,05:00,6.713727504189342E-4,stall,0.987210,0.987270,0.987170,0.987180,0.9842929458646343,0.9845288727248225,-9.072996106070745E-4
2016.03.14,06:00,7.423440445633774E-4,stall,0.987200,0.987290,0.987010,0.987290,0.9847540311162291,0.9847334006711319,-7.217135994662301E-4
2016.03.14,07:00,7.532159471563087E-4,stall,0.987250,0.987420,0.987250,0.987270,0.9851411032521938,0.9849212969177147,-5.33409612677153E-4
2016.03.14,08:00,7.368955936045771E-4,stall,0.987550,0.987550,0.987360,0.987450,0.9854963181364718,0.9851086082571432,-3.491857142760088E-4
2016.03.14,09:00,5.795395753195602E-4,stall,0.985650,0.985850,0.985580,0.985700,0.9855276538077838,0.9851524150529104,-2.0430082044611874E-4
2016.03.14,10:00,5.481205166780305E-4,stall,0.987250,0.987430,0.987180,0.987200,0.9857849378373555,0.9853040880119541,-6.727069127661112E-5
2016.03.14,11:00,4.881822141256189E-4,stall,0.986790,0.987030,0.986600,0.987010,0.9859734089393009,0.9854304518629204,5.4774862254793635E-5
2016.03.14,12:00,3.39007687457123E-4,stall,0.985950,0.986300,0.985660,0.985670,0.9859267306409469,0.9854481961693707,1.395267841190744E-4
2016.03.14,13:00,2.641170235668136E-4,stall,0.986380,0.986500,0.986220,0.986260,0.985978002850032,0.9855083297864544,2.055560400107778E-4
2016.03.14,14:00,2.7229514716364036E-4,stall,0.987360,0.987570,0.987300,0.987370,0.9861921562577194,0.9856462312837541,2.736298268016879E-4
2016.03.14,15:00,2.6256677405171394E-4,stall,0.987610,0.987610,0.987240,0.987400,0.9863779783719164,0.9857761400775501,3.3927152031461636E-4
2016.03.14,16:00,2.504609632477312E-4,stall,0.987560,0.987570,0.987430,0.987570,0.9865613663146985,0.9859090185903242,4.0188676112654916E-4
2016.03.14,17:00,1.9417094120723234E-4,stall,0.987140,0.987140,0.986740,0.987070,0.9866396176508987,0.9859950172132631,4.5042949642835726E-4
2016.03.14,18:00,1.5481503079214497E-4,stall,0.987190,0.987470,0.987100,0.987230,0.9867304457046066,0.986086497419688,4.891332541263935E-4
2016.03.14,19:00,1.2203975081754518E-4,stall,0.987290,0.987300,0.987290,0.987300,0.9868180694423594,0.9861763864997111,5.196431918307799E-4
2016.03.14,20:00,7.568376442637702E-5,stall,0.987090,0.987090,0.987040,0.987070,0.9868568279896888,0.986242580092325,5.385641329373741E-4
2016.03.14,21:00,2.6902272982210493E-5,stall,0.986900,0.986930,0.986840,0.986900,0.986863469837429,0.9862912778632639,5.452897011829266E-4
2016.03.14,22:00,-5.600330247188933E-5,sell,0.986400,0.986400,0.986150,0.986180,0.9867583206316707,0.9862830350585776,5.312888755649543E-4
2016.03.14,23:00,-9.838760513919062E-5,stall,0.986380,0.986480,0.986310,0.986360,0.9866970405344906,0.9862887361653496,5.066919742801566E-4
2016.03.15,00:00,-1.346258643128512E-4,stall,0.986190,0.986260,0.986130,0.986200,0.9866205727599535,0.9862821631160644,4.7303550820194387E-4
2016.03.15,01:00,-1.303438550281988E-4,stall,0.986550,0.986580,0.986550,0.986580,0.9866143307968838,0.9863042251074671,4.4044954444489415E-4
2016.03.15,02:00,-9.548650336750874E-5,stall,0.987130,0.987130,0.987010,0.987040,0.9866798183665939,0.9863587269513584,4.1657791860301696E-4
2016.03.15,03:00,-5.137106266156694E-5,stall,0.987190,0.987380,0.986910,0.987370,0.9867860001563487,0.9864336360660726,4.0373515293762525E-4
2016.03.15,04:00,-1.3702726773599127E-4,stall,0.986130,0.986150,0.985580,0.985610,0.9866050770553719,0.9863726259871043,3.6947833600362744E-4
2016.03.15,05:00,-1.237206981213048E-4,stall,0.986570,0.986600,0.986410,0.986600,0.98660429596993,0.986389468506578,3.3854816147330124E-4
2016.03.15,06:00,2.9055803428490294E-5,buy,0.988830,0.988880,0.988520,0.988810,0.9869436350514793,0.9865687671357204,3.458121123304238E-4
2016.03.15,07:00,1.0482105926437043E-4,stall,0.988590,0.988620,0.988510,0.988570,0.9871938450435594,0.9867170066071486,3.720173771465164E-4
2016.03.15,08:00,8.279596862783114E-5,stall,0.987300,0.987680,0.987250,0.987620,0.9872594073445503,0.986783895006619,3.927163693034742E-4
2016.03.15,09:00,-6.209764431968886E-5,sell,0.985920,0.985920,0.985610,0.985690,0.9870179600607734,0.9867028657468695,3.7719195822355197E-4
2016.03.15,10:00,-1.2055067126923483E-4,stall,0.986120,0.986450,0.985850,0.986200,0.9868921200514236,0.9866656164322866,3.470542904062433E-4
2016.03.15,11:00,-9.723473767049546E-5,stall,0.987100,0.987150,0.987060,0.987090,0.9869225631204354,0.9866970522521172,3.227456059886194E-4
2016.03.15,12:00,-1.9087052506169247E-4,stall,0.985230,0.985600,0.985140,0.985360,0.9866821687942146,0.986598011344553,2.750279747231963E-4
2016.03.15,13:00,-1.5207834581391729E-4,stall,0.986860,0.986860,0.986770,0.986770,0.9866956812874124,0.9866107512449566,2.37008388269717E-4
2016.03.15,14:00,-1.5832878981670705E-4,stall,0.986100,0.986270,0.986100,0.986200,0.9866194226278104,0.9865803252268116,1.9742619081554024E-4
2016.03.15,15:00,-9.192882331704116E-5,stall,0.987000,0.987200,0.986960,0.987200,0.9867087422235319,0.9866262270618626,1.7444398498627994E-4
2016.03.15,16:00,-7.260898791243425E-5,stall,0.986910,0.986940,0.986750,0.986800,0.98672278188145,0.9866390991313543,1.5629173800817136E-4
2016.03.15,17:00,-3.705845912337362E-5,stall,0.987080,0.987130,0.986910,0.987130,0.9867854308227654,0.9866754621586614,1.4702712322732796E-4
2016.03.15,18:00,-2.502283180953139E-5,stall,0.986990,0.986990,0.986910,0.986960,0.986812287619263,0.9866965390357976,1.407714152749451E-4
2016.03.15,19:00,-2.8937961195680406E-5,stall,0.986790,0.986850,0.986750,0.986780,0.9868073202932225,0.9867027213294421,1.3353692497602502E-4
2016.03.15,20:00,-4.927101192416238E-6,stall,0.987190,0.987210,0.987180,0.987190,0.9868661940942652,0.9867388160457797,1.3230514967792095E-4
2016.03.15,21:00,4.06911357583395E-6,buy,0.987130,0.987140,0.987110,0.987110,0.9869037026951475,0.9867663111534998,1.3332242807187944E-4
2016.03.15,22:00,2.2957044599776933E-5,stall,0.987410,0.987410,0.987340,0.987340,0.9869708253574325,0.9868088066236109,1.3906168922182366E-4
2016.03.15,23:00,5.466057109294967E-5,stall,0.987660,0.987690,0.987640,0.987690,0.9870814676101352,0.9868740802070471,1.5272683199506106E-4
2016.03.16,00:00,5.8148592340868303E-5,stall,0.987500,0.987500,0.987480,0.987500,0.987145857208576,0.9869204446361548,1.6726398008027813E-4
2016.03.16,01:00,6.341977706795515E-5,stall,0.987770,0.987770,0.987620,0.987620,0.9872188022534104,0.9869722635519952,1.831189243472669E-4
2016.03.16,02:00,6.109144710787054E-5,stall,0.987640,0.987650,0.987610,0.987610,0.9872789865221165,0.9870195032888844,1.9839178612423455E-4
2016.03.16,03:00,6.164082336539958E-5,stall,0.987890,0.988000,0.987720,0.987720,0.9873468347494833,0.9870713919341523,2.1380199196558444E-4
2016.03.16,04:00,1.416821488709317E-4,stall,0.988830,0.989060,0.988820,0.989050,0.9876088601726397,0.9872179554945855,2.492225291833174E-4
2016.03.16,05:00,1.7513123143103457E-4,stall,0.988930,0.989020,0.988870,0.988940,0.9878136509153105,0.9873455143468384,2.9300533704107603E-4
2016.03.16,06:00,1.5488840073687332E-4,stall,0.988530,0.988530,0.988330,0.988480,0.9879161661591088,0.9874295503211467,3.3172743722529436E-4
2016.03.16,07:00,1.4382031775854193E-4,stall,0.988660,0.988730,0.988660,0.988680,0.9880336790577074,0.987522176223284,3.6768251666492984E-4
2016.03.16,08:00,8.77010694528259E-5,stall,0.988120,0.988130,0.988010,0.988080,0.9880408053565217,0.9875634965030408,3.896077840281363E-4
2016.03.16,09:00,1.2032021699099726E-4,stall,0.989540,0.989540,0.989250,0.989270,0.9882299122247491,0.9876899041694822,4.1968783827588563E-4
2016.03.16,10:00,1.7530403289787923E-4,stall,0.990030,0.990060,0.989860,0.989970,0.9884976180363262,0.987858800156928,4.635138465003554E-4
2016.03.16,11:00,2.5761628641748295E-4,stall,0.990950,0.991000,0.990830,0.990930,0.9888718306461222,0.9880862964416,5.279179181047262E-4
2016.03.16,12:00,1.1156277862915459E-4,stall,0.987940,0.988200,0.987870,0.988120,0.9887561643928726,0.9880887930014814,5.558086127620148E-4
2016.03.16,13:00,4.803253817037105E-5,stall,0.988550,0.988860,0.988500,0.988730,0.9887521391016615,0.9881362898161865,5.678167473046076E-4
2016.03.16,14:00,-3.019773341791168E-4,sell,0.987190,0.987190,0.983740,0.983990,0.9880195023167905,0.9878291572372098,4.923224137598284E-4
2016.03.16,15:00,-7.710292449826295E-4,stall,0.979210,0.979990,0.978920,0.979900,0.9867703481142073,0.9872418122566757,2.99565102514171E-4
2016.03.16,16:00,-0.0012634597025242876,stall,0.976150,0.976220,0.976150,0.976200,0.9851441407120215,0.9864239002376627,-1.6299823116900974E-5
2016.03.16,17:00,-0.0014629664908397933,stall,0.976710,0.976870,0.976290,0.976870,0.9838711959870952,0.9857162039237618,-3.8204144582684935E-4
2016.03.16,18:00,-0.0014363635773676925,stall,0.978050,0.978050,0.977860,0.977990,0.9829663966044652,0.9851438925220016,-7.411323401687725E-4
2016.03.16,19:00,-0.0013235961862681288,stall,0.978160,0.978210,0.978160,0.978210,0.9822346432807013,0.9846302708537052,-0.0010720313867358046
2016.03.16,20:00,-0.00117056628226016,stall,0.978060,0.978260,0.978060,0.978260,0.981623159699055,0.984158398938616,-0.0013646729573008446
2016.03.16,21:00,-0.0010391362197566998,stall,0.977910,0.977910,0.977590,0.977660,0.9810134428222773,0.983677036054274,-0.0016244570122400195
2016.03.16,22:00,-8.798171809150472E-4,stall,0.977820,0.977820,0.977780,0.977780,0.9805159900803885,0.9832402185687723,-0.0018444113074687813
2016.03.16,23:00,-7.246805972743373E-4,stall,0.977550,0.977670,0.977550,0.977660,0.9800766069910979,0.9828268690451596,-0.0020255814567873656
2016.03.17,00:00,-5.792844945605208E-4,stall,0.977510,0.977610,0.977510,0.977530,0.9796848213001598,0.9824345083751478,-0.0021704025804274957
2016.03.17,01:00,-4.3289342460517714E-4,stall,0.977800,0.977820,0.977610,0.977610,0.9793656180232121,0.9820771373843961,-0.00227862593657879
2016.03.17,02:00,-3.136259676252552E-4,stall,0.977540,0.977570,0.977360,0.977360,0.9790570614042564,0.9817277198003668,-0.002357032428485104
2016.03.17,03:00,-2.1179103283591695E-4,stall,0.977280,0.977320,0.977190,0.977190,0.978769821188217,0.981391592407747,-0.0024099801866940833
2016.03.17,04:00,-2.163591888038048E-4,stall,0.975390,0.975650,0.975270,0.975600,0.9782821563900298,0.9809625855627286,-0.0024640699838950346
2016.03.17,05:00,-3.660200471813364E-4,stall,0.972890,0.972890,0.972670,0.972770,0.9774341323300252,0.9803557273728969,-0.002555574995690369
2016.03.17,06:00,-5.264667138158425E-4,stall,0.971920,0.971940,0.970960,0.971060,0.9764534965869444,0.9796671549749045,-0.0026871916741443296
2016.03.17,07:00,-6.776811462035678E-4,stall,0.969700,0.969740,0.969420,0.969450,0.9753760355735683,0.9789103286804671,-0.0028566119606952215
2016.03.17,08:00,-8.021503307077001E-4,stall,0.968210,0.968300,0.968000,0.968020,0.9742443377930193,0.9781036376670992,-0.0030571495433721466
2016.03.17,09:00,-7.7322946451709E-4,stall,0.968700,0.968750,0.968600,0.968600,0.9733759781325548,0.9773996645065733,-0.003250456909501419
2016.03.17,10:00,-8.278862314131984E-4,stall,0.967080,0.967140,0.966040,0.966360,0.9722965968813926,0.9765819115801605,-0.0034574284673547185
2016.03.17,11:00,-8.42107345269686E-4,stall,0.965400,0.965500,0.965310,0.965500,0.9712509665919475,0.9757610292408894,-0.00366795530367214
2016.03.17,12:00,-6.368663564483542E-4,stall,0.967940,0.967980,0.967620,0.967640,0.9706954332701094,0.975159471519342,-0.0038271718927842284
2016.03.17,13:00,-5.446090671142861E-4,stall,0.965730,0.966010,0.965650,0.966000,0.9699730589208618,0.9744809921475389,-0.0039633241595627994
2016.03.17,14:00,-3.7487673720262155E-4,stall,0.966690,0.966760,0.966660,0.966740,0.9694756652407293,0.9739075853217953,-0.004057043343863455
2016.03.17,15:00,-1.997274971870574E-4,stall,0.966760,0.967020,0.966710,0.966930,0.9690840244344632,0.9733907271498105,-0.00410697521816022
2016.03.17,16:00,-2.7356729523879755E-5,stall,0.967290,0.967410,0.967140,0.967160,0.968788020675315,0.9729291918053801,-0.004113814400541189
2016.03.17,17:00,1.4450976275787002E-4,buy,0.967580,0.967610,0.967360,0.967550,0.9685975559560358,0.9725307331531297,-0.004077686959851721
2016.03.17,18:00,2.1801473979130449E-4,stall,0.967130,0.967130,0.966450,0.966550,0.9682825473474149,0.9720877158825275,-0.004023183274903895
2016.03.17,19:00,3.289030879819058E-4,stall,0.967270,0.967270,0.967160,0.967170,0.9681113862170434,0.9717234406319699,-0.003940957502908419
2016.03.17,20:00,4.043295375328556E-4,stall,0.967140,0.967190,0.966950,0.966970,0.9679357883374983,0.9713713339184906,-0.0038398751185252052
2016.03.17,21:00,4.21382972831604E-4,stall,0.966420,0.966420,0.966170,0.966280,0.9676810516701908,0.9709941980726765,-0.0037345293753173045
2016.03.17,22:00,4.197784231639518E-4,stall,0.965910,0.965990,0.965860,0.965900,0.9674070437209307,0.970616850067293,-0.0036295847695263167
2016.03.17,23:00,4.662335438175352E-4,stall,0.966440,0.966520,0.966440,0.966470,0.9672628831484799,0.9703096759882343,-0.0035130263835719327
2016.03.18,00:00,5.067666314669201E-4,stall,0.966680,0.966680,0.966530,0.966530,0.9671501318948675,0.9700296999891058,-0.003386334725705203
2016.03.18,01:00,5.798750200315126E-4,stall,0.967070,0.967210,0.967060,0.967210,0.9671593423725803,0.9698208333232461,-0.003241365970697325
2016.03.18,02:00,6.120873169597869E-4,stall,0.967070,0.967070,0.966950,0.967010,0.9671363666229525,0.9696126234474501,-0.003088344141457378
2016.03.18,03:00,6.104776301928722E-4,stall,0.967210,0.967310,0.966720,0.966730,0.9670738486809598,0.9693990957846761,-0.0029357247339091602
2016.03.18,04:00,7.082536976123852E-4,stall,0.968220,0.968530,0.968150,0.968360,0.9672717181146583,0.969322125726552,-0.002758661309506064
2016.03.18,05:00,8.966827089703271E-4,stall,0.970450,0.970560,0.970350,0.970540,0.9677745307124032,0.9694123386356963,-0.0025344906322634824
2016.03.18,06:00,9.698274117536576E-4,stall,0.970290,0.970470,0.970170,0.970210,0.9681492182951104,0.9694714246626818,-0.0022920337793250678
2016.03.18,07:00,9.238260394742008E-4,stall,0.969520,0.969600,0.969190,0.969240,0.9683170308650934,0.9694542820950757,-0.0020610772694565176
2016.03.18,08:00,7.887740344441369E-4,stall,0.967940,0.968050,0.967820,0.968040,0.968274410732002,0.9693495204584034,-0.0018638837608454834
2016.03.18,09:00,6.625391190432839E-4,stall,0.967790,0.967790,0.967670,0.967770,0.9681968090809248,0.9692325189429661,-0.0016982489810846624
2016.03.18,10:00,5.443852602424232E-4,stall,0.966960,0.967730,0.966490,0.967460,0.9680834538377056,0.9691012212434872,-0.0015621526660240565
2016.03.18,11:00,4.968762881815835E-4,stall,0.967860,0.968170,0.967820,0.968100,0.9680859994011355,0.9690270567069326,-0.0014379335939786607
2016.03.18,12:00,4.7904976380778205E-4,stall,0.968120,0.968550,0.968120,0.968490,0.9681481533394223,0.9689872747286412,-0.0013181711530267151
2016.03.18,13:00,4.6435402783447295E-4,stall,0.968370,0.968640,0.968290,0.968640,0.9682238220564342,0.9689615506746678,-0.001202082646068097
2016.03.18,14:00,4.1176567581496944E-4,stall,0.968010,0.968250,0.968010,0.968170,0.9682155417400597,0.9689029172913591,-0.0010991412271143545
2016.03.18,15:00,4.6041332837192363E-4,stall,0.969560,0.969630,0.969480,0.969630,0.9684331507031275,0.968956775269777,-9.840378950213735E-4
2016.03.18,16:00,4.776549226298253E-4,stall,0.969570,0.969680,0.969550,0.969660,0.9686218967488002,0.9690088659905343,-8.646241643639173E-4
2016.03.20,17:00,4.31737821451226E-4,stall,0.968700,0.969040,0.968700,0.969040,0.9686862203259078,0.9690111722134577,-7.566897090011107E-4
2016.03.20,18:00,4.159420063367654E-4,stall,0.969650,0.969690,0.969430,0.969490,0.9688098787373066,0.9690466409383868,-6.527042074169194E-4
2016.03.20,20:00,4.112475368835954E-4,stall,0.969820,0.969860,0.969710,0.969820,0.9689652820084902,0.9691039267948026,-5.498923231960206E-4
2016.03.20,21:00,3.5474587727071143E-4,stall,0.969250,0.969300,0.969130,0.969240,0.9690075463148763,0.9691140062914839,-4.612058538783427E-4
2016.03.20,22:00,3.0940732876871303E-4,stall,0.969260,0.969320,0.969250,0.969310,0.9690540776510491,0.9691285243439666,-3.8385402168616446E-4
2016.03.20,23:00,2.465718796223329E-4,stall,0.968980,0.968990,0.968960,0.968970,0.9690411426278108,0.9691167817999691,-3.222110517805812E-4
2016.03.21,00:00,2.3229938380596611E-4,stall,0.969520,0.969530,0.969510,0.969520,0.969114812992763,0.9691466498147862,-2.6413620582908966E-4
2016.03.21,01:00,2.2570957787157027E-4,stall,0.969710,0.969710,0.969700,0.969710,0.9692063802246457,0.9691883794581353,-2.0770881136119708E-4
2016.03.21,02:00,2.2121343729588285E-4,stall,0.969960,0.969960,0.969830,0.969860,0.9693069371131617,0.9692381291279031,-1.5240545203722635E-4
2016.03.21,03:00,2.2669554348856818E-4,stall,0.970140,0.970180,0.970070,0.970150,0.9694366390957523,0.9693056751184288,-9.573156616508432E-5
2016.03.21,04:00,2.682602340124816E-4,stall,0.971150,0.971150,0.970720,0.970920,0.9696648484656365,0.969425254739286,-2.8666507661963912E-5
2016.03.21,05:00,3.4432854294114075E-4,stall,0.971840,0.972120,0.971750,0.971920,0.9700117948555386,0.9696100506845241,5.7415628073321276E-5
2016.03.21,06:00,2.726010579393807E-4,stall,0.970290,0.970450,0.970270,0.970340,0.9700622879546865,0.969664121004189,1.2556589255816644E-4
2016.03.21,07:00,1.2031126585203075E-4,stall,0.968780,0.968930,0.968740,0.968900,0.9698834744231963,0.9696075194483231,1.5564370902117412E-4
2016.03.21,08:00,2.67057347416039E-5,stall,0.969080,0.969170,0.968990,0.969050,0.9697552475888584,0.9695662217114103,1.623201427065751E-4
2016.03.21,09:00,-3.0376962751798214E-5,sell,0.969110,0.969230,0.969010,0.969120,0.9696575171905726,0.9695331682513058,1.5472590201862554E-4
2016.03.21,10:00,-7.04407240635067E-5,stall,0.969140,0.969140,0.968720,0.969050,0.9695640530074076,0.9694973780104683,1.3711572100274887E-4
2016.03.21,11:00,-8.672758580996328E-5,stall,0.969230,0.969270,0.969070,0.969150,0.9695003525447294,0.9694716463059891,1.1543382455025805E-4
2016.03.21,12:00,-1.5087775744495485E-4,stall,0.967830,0.968300,0.967750,0.968250,0.969307990614771,0.969381153987027,7.771438518901933E-5
2016.03.21,13:00,-9.198765218940158E-5,stall,0.969690,0.969820,0.969680,0.969690,0.9693667612894217,0.9694040314694694,5.471747214166894E-5
2016.03.21,14:00,-8.010930448099099E-5,stall,0.969230,0.969250,0.969160,0.969230,0.9693457210910491,0.9693911402495087,3.469014602142119E-5
2016.03.21,15:00,-6.112286792534515E-5,stall,0.969470,0.969500,0.969350,0.969350,0.9693463793847339,0.9693880928236192,1.9409429040084903E-5
2016.03.21,16:00,-2.4497321944920795E-5,stall,0.969670,0.969690,0.969660,0.969690,0.9693992440947748,0.9694104563181659,1.3285098553854704E-5
2016.03.21,17:00,4.727346214977437E-6,buy,0.969810,0.969850,0.969600,0.969770,0.9694562834648095,0.9694370891834869,1.4466935107599064E-5
2016.03.21,18:00,6.733745912800937E-5,stall,0.970520,0.970560,0.970450,0.970470,0.9696122398548388,0.9695136010958212,3.13012998896014E-5
2016.03.21,19:00,1.1361395893789332E-4,stall,0.970630,0.970640,0.970630,0.970640,0.9697703568002483,0.9695970380516863,5.9704789624074734E-5
2016.03.21,20:00,1.4313896687788186E-4,stall,0.970720,0.970790,0.970720,0.970750,0.9699210711386717,0.9696824426404502,9.54895313435452E-5
2016.03.21,21:00,8.37092752992466E-5,stall,0.969950,0.969950,0.969650,0.969660,0.9698809063481068,0.9696807802226391,1.1641685016835685E-4
2016.03.21,22:00,7.355737577408326E-5,stall,0.970070,0.970230,0.970070,0.970170,0.9699253822945518,0.9697170187246659,1.3480619411187768E-4
2016.03.21,23:00,1.9351525543511783E-5,stall,0.969430,0.969510,0.969430,0.969500,0.9698599388646207,0.9697009432635795,1.3964407549775564E-4
2016.03.22,00:00,-5.1372737027166994E-5,sell,0.968920,0.968970,0.968880,0.968960,0.9697214867316022,0.9696460585773884,1.268008912409639E-4
2016.03.22,01:00,-5.778824203065223E-5,stall,0.969380,0.969540,0.969380,0.969530,0.9696920272344326,0.96963746164573,1.1235383073330083E-4
2016.03.22,02:00,-7.320601897007631E-5,stall,0.969220,0.969320,0.969180,0.969320,0.9696347922752891,0.9696139459682684,9.405232599078176E-5
2016.03.22,03:00,-4.415156774733709E-5,stall,0.969720,0.969900,0.969650,0.969880,0.9696725165406292,0.9696336536743226,8.301443405394749E-5
2016.03.22,04:00,-1.1619596446573607E-5,stall,0.970130,0.970360,0.969740,0.970080,0.9697352063036093,0.9696667163651136,8.010953494230409E-5
2016.03.22,05:00,1.043760837499824E-4,buy,0.971680,0.971800,0.971410,0.971580,0.9700190207184387,0.9698084410788089,1.062035558797997E-4
2016.03.22,06:00,1.7191647783377782E-4,stall,0.971770,0.972030,0.971600,0.971600,0.9702622483002173,0.9699411491470453,1.4918267533824416E-4
2016.03.22,07:00,1.598430845152965E-4,stall,0.970930,0.971000,0.970850,0.970910,0.9703619024078762,0.9700129158768939,1.8914344646706827E-4
2016.03.22,08:00,9.941425741037335E-5,stall,0.970210,0.970300,0.970210,0.970240,0.9703431481912799,0.9700297369230498,2.139970108196616E-4
2016.03.22,09:00,6.586338922212888E-5,stall,0.970350,0.970540,0.970320,0.970420,0.9703549715464675,0.9700586452991202,2.3046285812519383E-4
2016.03.22,10:00,2.651706868344263E-5,stall,0.970730,0.970730,0.970220,0.970220,0.9703342066931648,0.9700705974991853,2.3709212529605448E-4
2016.03.22,11:00,1.1067497790977053E-5,stall,0.970220,0.970470,0.970210,0.970420,0.9703474056634471,0.9700964791659124,2.3985899974379875E-4
2016.03.22,12:00,1.8400556609042724E-5,stall,0.970450,0.970870,0.970440,0.970730,0.9704062663306091,0.970143406635104,2.444591388960594E-4
2016.03.22,13:00,1.2063540975402532E-4,stall,0.972330,0.972340,0.972110,0.972310,0.9706991484335923,0.9703038950325037,2.7461799133456576E-4
2016.03.22,14:00,1.6120862508211707E-4,stall,0.972170,0.972210,0.972050,0.972080,0.9709115871361166,0.9704354583634294,3.1492014760509503E-4
2016.03.22,15:00,2.4296396467850777E-4,stall,0.973060,0.973220,0.973050,0.973140,0.9712544198844063,0.9706357947809531,3.7566113877472197E-4
2016.03.22,16:00,2.3592556615154443E-4,stall,0.972820,0.972820,0.972390,0.972480,0.9714429706714207,0.9707724025749566,4.3464253031260807E-4
2016.03.22,17:00,2.2603287615124198E-4,stall,0.972670,0.972680,0.972500,0.972650,0.9716286674912021,0.9709114838657005,4.911507493504186E-4
2016.03.22,18:00,2.232890609968612E-4,stall,0.972880,0.973020,0.972860,0.972960,0.971833487877171,0.9710632258015746,5.469730145996339E-4
2016.03.22,19:00,1.9275210457798627E-4,stall,0.972830,0.972830,0.972760,0.972770,0.9719775666652986,0.9711896535199764,5.951610407441304E-4
2016.03.22,20:00,1.6382536820543656E-4,stall,0.972920,0.972960,0.972860,0.972860,0.972113325639868,0.971313382888867,6.361173827954895E-4
2016.03.22,21:00,1.4534717902622743E-4,stall,0.973080,0.973120,0.973050,0.973080,0.9722620447721959,0.9714442434156176,6.724541775520464E-4
2016.03.22,22:00,1.608587371981988E-4,stall,0.973680,0.973720,0.973670,0.973720,0.9724863455764735,0.9716128179774237,7.12668861851596E-4
2016.03.22,23:00,1.3905874197154883E-4,stall,0.973460,0.973500,0.973440,0.973460,0.9726361385647083,0.9717496462753923,7.474335473444833E-4
2016.03.23,00:00,1.3681809481024085E-4,stall,0.973880,0.973890,0.973840,0.973860,0.9728244249393686,0.9719059687735113,7.816380710470434E-4
2016.03.23,01:00,1.4536613712542524E-4,stall,0.974220,0.974240,0.974220,0.974240,0.9730422057179273,0.9720788599754735,8.179796053283997E-4
2016.03.23,02:00,1.496860734478484E-4,stall,0.974450,0.974460,0.974420,0.974460,0.9732603279151693,0.972255240718031,8.554011236903619E-4
2016.03.23,03:00,1.852498302674702E-4,stall,0.975270,0.975330,0.975200,0.975220,0.9735618159282201,0.9724748525166954,9.017135812572294E-4
2016.03.23,04:00,2.132211868582747E-4,stall,0.975330,0.975670,0.975320,0.975590,0.9738738442469554,0.9727056041821254,9.550188779717981E-4
2016.03.23,05:00,2.3958690823223374E-4,stall,0.975970,0.976190,0.975970,0.976040,0.974207098978193,0.9729525964649309,0.0010149156050298564
2016.03.23,06:00,2.1451662234826634E-4,stall,0.975850,0.975850,0.975700,0.975730,0.9744413914430864,0.9731583300601212,0.001068544760616923
2016.03.23,07:00,2.1462742064391792E-5,stall,0.973090,0.973360,0.973070,0.973280,0.9742627158364577,0.9731673426482603,0.001073910446133021
2016.03.23,08:00,-7.471754723499579E-5,sell,0.973840,0.973860,0.973690,0.973840,0.9741976826308488,0.9732171691187596,0.0010552310593242718
2016.03.23,09:00,-6.41238155157822E-5,stall,0.975070,0.975110,0.975000,0.975040,0.9743272699184106,0.973352193628481,0.0010392001054453262
2016.03.23,10:00,-8.465641139538088E-5,stall,0.974750,0.974920,0.974670,0.974710,0.9743861514694243,0.9734527718782232,0.001018036002596481
2016.03.23,11:00,-1.8150315878036252E-4,stall,0.973440,0.973480,0.973330,0.973470,0.9742452050895128,0.9734540480353918,9.726602129013903E-4
2016.03.23,12:00,-2.4985398209788E-4,stall,0.973220,0.973380,0.973170,0.973340,0.9741059427680493,0.9734456000327703,9.101967173769203E-4
2016.03.23,13:00,-1.0090953011730741E-4,stall,0.976190,0.976270,0.976110,0.976270,0.9744388746498879,0.9736548148451576,8.849693348475934E-4
2016.03.23,14:00,-7.22354192387864E-5,stall,0.974980,0.975300,0.974950,0.975300,0.974571355472982,0.9737766804121829,8.669104800378968E-4
2016.03.23,15:00,-6.85906255887492E-5,stall,0.975360,0.975390,0.975140,0.975140,0.9746588392463694,0.9738776670483175,8.497628236407096E-4
2016.03.23,16:00,-6.854310114949417E-5,stall,0.975020,0.975210,0.975020,0.975170,0.9747374793623126,0.9739733954151087,8.32627048353336E-4
2016.03.23,17:00,-6.293842342003234E-5,stall,0.975240,0.975320,0.974770,0.975320,0.9748270979219568,0.9740731439028785,8.16892442498328E-4
2016.03.23,18:00,-8.527164200855422E-5,stall,0.975160,0.975160,0.974980,0.974980,0.9748506213185788,0.9741403184285912,7.955745319961894E-4
2016.03.23,19:00,-8.226921573770607E-5,stall,0.975260,0.975290,0.975260,0.975290,0.9749182180387974,0.9742254800264734,7.750072280617628E-4
2016.03.23,20:00,-6.91003718078768E-5,stall,0.975540,0.975540,0.975510,0.975510,0.9750092614174439,0.974320629654142,7.577321351097936E-4
2016.03.23,21:00,-3.9881426869146875E-5,stall,0.975480,0.975960,0.975480,0.975890,0.9751447596609141,0.9744368793093907,7.477617783925069E-4
2016.03.23,22:00,-3.267587572935212E-5,stall,0.975850,0.975870,0.975790,0.975790,0.9752440274053888,0.974537110471658,7.395928094601689E-4
2016.03.23,23:00,-3.1274849023115565E-5,stall,0.975850,0.975870,0.975820,0.975820,0.9753326385737906,0.9746321393256093,7.3177409720439E-4
2016.03.24,00:00,-6.79756866689324E-5,stall,0.975360,0.975360,0.975300,0.975310,0.9753291557162843,0.9746823512274161,7.147801755371569E-4
2016.03.24,01:00,-5.372704908789623E-5,stall,0.975790,0.975940,0.975760,0.975940,0.9754231317599329,0.9747755103957556,7.013484132651828E-4
2016.03.24,02:00,-6.624282387823147E-5,stall,0.975670,0.975710,0.975660,0.975660,0.9754595730276355,0.9748410281442181,6.847877072956249E-4
2016.03.24,03:00,-1.495485566706603E-5,stall,0.976160,0.976740,0.976130,0.976630,0.9756396387156916,0.9749735445779798,6.810489933788584E-4
2016.03.24,04:00,4.686612886838082E-5,buy,0.976670,0.977260,0.976670,0.977180,0.975876617374816,0.9751369857203517,6.927655255959536E-4
2016.03.24,05:00,1.7491285975779203E-5,stall,0.976040,0.976330,0.976040,0.976250,0.9759340608556135,0.9752194312225478,6.971383470898984E-4
2016.03.24,06:00,-9.051768214107803E-5,sell,0.975400,0.975400,0.974930,0.974960,0.9757842053393653,0.9752002140949517,6.745089265546289E-4
2016.03.24,07:00,-2.0110137501649916E-4,stall,0.974100,0.974380,0.974100,0.974310,0.9755574045179245,0.9751342723101405,6.242335828005041E-4
2016.03.24,08:00,-1.5132842515113158E-4,stall,0.976000,0.976210,0.975970,0.976100,0.9756408807459361,0.9752058076945745,5.864014765127213E-4
2016.03.24,09:00,-2.0497512809040334E-4,stall,0.974690,0.974780,0.974680,0.974730,0.9755007452465614,0.9751705626801617,5.351576944901204E-4
2016.03.24,10:00,-2.0656839564632892E-4,stall,0.975570,0.975580,0.975040,0.975140,0.9754452459778596,0.9751682987779274,4.835155955785382E-4
2016.03.24,11:00,-1.07334521823757E-4,stall,0.976460,0.976610,0.976460,0.976610,0.9756244389043428,0.975275091461044,4.5668196512259893E-4
2016.03.24,12:00,-5.260795443308593E-5,stall,0.976650,0.976650,0.976450,0.976470,0.9757545252267515,0.9753636032046703,4.435299765143274E-4
2016.03.24,13:00,-8.02189650807374E-5,stall,0.975410,0.975530,0.975390,0.975520,0.9757184444226359,0.9753751881524725,4.2347523524414305E-4
2016.03.24,14:00,-1.2653666917697415E-4,stall,0.974930,0.975100,0.974930,0.975060,0.9756171452806919,0.975351840881919,3.918410679498995E-4
2016.03.24,15:00,-1.3080878201388025E-4,stall,0.975380,0.975400,0.975340,0.975400,0.9755837383144316,0.975355408223999,3.591388724464294E-4
2016.03.24,16:00,-1.292652709794061E-4,stall,0.975520,0.975520,0.975400,0.975410,0.9755570093429805,0.9753594520592583,3.2682255470157785E-4
2016.03.24,17:00,-1.238629312683236E-4,stall,0.975480,0.975540,0.975400,0.975420,0.975535930982522,0.9753639370919058,2.958568218844969E-4
2016.03.24,18:00,-1.0008842744567295E-4,stall,0.975600,0.975680,0.975600,0.975680,0.9755580954467494,0.975387349159172,2.708347150230787E-4
2016.03.24,19:00,-9.134384961687509E-5,stall,0.975540,0.975590,0.975530,0.975540,0.9755553115318649,0.9753986566288629,2.479987526188599E-4
2016.03.24,20:00,-5.653206059437558E-5,stall,0.975950,0.975960,0.975930,0.975960,0.9756175712961934,0.9754402376193175,2.33865737470266E-4
2016.03.24,21:00,1.7172820146293304E-5,buy,0.976820,0.976830,0.976660,0.976760,0.9757933295583175,0.9755379977956644,2.3815894250683932E-4
2016.03.24,22:00,1.592155131839851E-4,stall,0.978390,0.978390,0.978310,0.978310,0.9761805096262687,0.9757433312922819,2.779628208028356E-4
2016.03.24,23:00,1.8248145620152156E-4,stall,0.977430,0.977480,0.977420,0.977450,0.976375815837612,0.9758697511965573,3.23583184853216E-4
2016.03.25,00:00,1.8646260286313743E-4,stall,0.977500,0.977500,0.977480,0.977480,0.9765456903241333,0.9759890288857012,3.7019883556900035E-4
2016.03.25,01:00,1.8091361169227202E-4,stall,0.977560,0.977560,0.977560,0.977560,0.9767017379665743,0.97610539711639,4.1542723849206833E-4
2016.03.25,02:00,8.183966389766563E-5,stall,0.976280,0.976310,0.976260,0.976270,0.9766353167409475,0.9761175899225834,4.358871544664847E-4
2016.03.25,03:00,4.019591112041596E-5,stall,0.976750,0.976820,0.976650,0.976720,0.9766483449346479,0.9761622128912809,4.459361322465887E-4
2016.03.25,04:00,1.4303529357424121E-5,stall,0.977030,0.977310,0.976820,0.976820,0.9766747534062405,0.9762109378622972,4.4951201458594476E-4
2016.03.25,05:00,1.5230525063675455E-6,stall,0.976920,0.976950,0.976890,0.976950,0.9767170990360496,0.9762656832058307,4.4989277771253664E-4
2016.03.25,06:00,-5.087405849646084E-5,sell,0.976260,0.976320,0.976260,0.976320,0.9766560068766574,0.9762697066720655,4.371742630884214E-4
2016.03.25,07:00,-1.2396305959674084E-4,stall,0.975730,0.975730,0.975710,0.975710,0.9765104673571716,0.9762282469185791,4.061834981892362E-4
2016.03.25,08:00,-1.1847715401175818E-4,stall,0.976480,0.976560,0.976470,0.976470,0.9765042416099144,0.9762461545542399,3.7656420968629667E-4
2016.03.25,09:00,-1.1672822697037882E-4,stall,0.976220,0.976410,0.976220,0.976400,0.9764882044391584,0.9762575505131851,3.4738215294370195E-4
2016.03.25,10:00,-3.5460590400833924E-5,stall,0.977060,0.977610,0.977060,0.977610,0.9766607883715955,0.9763577319566529,3.385170053434935E-4
2016.03.25,11:00,-2.1488794128471757E-5,stall,0.977020,0.977070,0.976990,0.977050,0.9767206670836578,0.9764090110709749,3.3314480681137553E-4
2016.03.25,12:00,5.6195324418761535E-5,buy,0.978240,0.978240,0.978160,0.978160,0.9769421029169412,0.9765387139546063,3.471936379160659E-4
2016.03.25,13:00,5.920812347795821E-5,stall,0.977540,0.977540,0.977540,0.977540,0.9770340870835656,0.9766128832913021,3.6199566878555547E-4
2016.03.25,14:00,5.086339464857283E-5,stall,0.977480,0.977480,0.977480,0.977480,0.9771026890707094,0.9766771141586131,3.747115174476987E-4
2016.03.25,15:00,3.699785715618217E-5,stall,0.977440,0.977440,0.977440,0.977440,0.977154583059831,0.9767336242209381,3.8396098173674423E-4
2016.03.25,16:00,-1.4147025925199432E-5,sell,0.976870,0.976910,0.976860,0.976860,0.9771092625890878,0.9767429853897576,3.8042422525544437E-4
2016.03.27,18:00,1.2972841534319318E-5,buy,0.977290,0.977920,0.977290,0.977830,0.9772201452676896,0.9768235049905163,3.836674356390242E-4
2016.03.27,19:00,5.387294057371099E-5,stall,0.978140,0.978270,0.978140,0.978270,0.9773816613803528,0.9769306527689966,3.971356707824519E-4
2016.03.27,20:00,9.029438084617739E-5,stall,0.978490,0.978600,0.978490,0.978540,0.977559867321837,0.9770498636749968,4.1970926599399624E-4
2016.03.27,21:00,6.30813626159455E-5,stall,0.977880,0.977890,0.977880,0.977890,0.9776106569646313,0.9771120959953674,4.354796066479826E-4
2016.03.27,22:00,4.257681610860957E-5,stall,0.977950,0.977960,0.977940,0.977950,0.9776628635854573,0.9771741629586735,4.46123810675135E-4
2016.03.27,23:00,2.2787614279070614E-5,stall,0.977930,0.977950,0.977930,0.977940,0.9777054999569254,0.9772308916284014,4.5182071424490266E-4
2016.03.28,00:00,-3.385837657792032E-5,sell,0.977320,0.977350,0.977320,0.977330,0.977647730732783,0.9772382329892605,4.4335612010042256E-4
2016.03.28,01:00,-7.163006730109909E-5,stall,0.977270,0.977340,0.977270,0.977330,0.9775988490815856,0.9772450305456115,4.2544860327514776E-4
2016.03.28,02:00,-9.032298539577495E-5,stall,0.977430,0.977430,0.977410,0.977410,0.9775697953767263,0.9772572505051959,4.0286785692620404E-4
2016.03.28,03:00,-1.2522804577111353E-4,stall,0.976690,0.977030,0.976690,0.977030,0.977486749934153,0.9772404171344407,3.715608454834257E-4
2016.03.28,04:00,-1.790283647053354E-4,stall,0.976560,0.976560,0.976480,0.976480,0.9773318653288987,0.977184089939297,3.268037543070918E-4
2016.03.28,05:00,-2.2038369310632038E-4,stall,0.976260,0.976260,0.976260,0.976260,0.9771669629706066,0.9771156388326824,2.717078310305117E-4
2016.03.28,06:00,-2.097870473921685E-4,stall,0.976610,0.976690,0.976610,0.976690,0.9770935840520517,0.9770841100302614,2.192610691824696E-4
2016.03.28,07:00,-1.8138332001971707E-4,stall,0.976860,0.976890,0.976860,0.976890,0.9770622634286591,0.9770697315095013,1.739152391775403E-4
2016.03.28,08:00,-1.3523590023352506E-4,stall,0.977160,0.977230,0.977110,0.977210,0.9770849921319423,0.9770801217680567,1.4010626411915906E-4
2016.03.28,09:00,-1.8729164703682545E-4,stall,0.975730,0.975970,0.975730,0.975850,0.9768949933424127,0.9769890016370896,9.328335235995268E-5
2016.03.28,10:00,-3.4943582002482885E-4,stall,0.973490,0.973710,0.973490,0.973680,0.9764003789820415,0.9767438904047125,5.924397353745467E-6
2016.03.28,11:00,-4.4875507085228656E-4,stall,0.972970,0.973430,0.972950,0.973430,0.9759433976001889,0.9764984170414005,-1.0626437035932617E-4
2016.03.28,12:00,-4.999148882118792E-4,stall,0.973190,0.973240,0.973140,0.973220,0.975524413354006,0.9762555713346301,-2.31243092412296E-4
2016.03.28,13:00,-4.385722898651214E-4,stall,0.974030,0.974240,0.973930,0.974240,0.9753268112995435,0.9761062697542872,-3.408861648785764E-4
2016.03.28,14:00,-4.021052314678794E-4,stall,0.973860,0.973910,0.973800,0.973800,0.9750919172534599,0.9759354349576733,-4.4141247274554624E-4
2016.03.28,15:00,-3.611650348320283E-4,stall,0.973650,0.973770,0.973640,0.973690,0.9748762376760045,0.9757691064422901,-5.317037314535533E-4
2016.03.28,16:00,-2.9321708086782917E-4,stall,0.973880,0.973990,0.973860,0.973980,0.9747383549566192,0.9756365800391575,-6.050080016705106E-4
2016.03.28,17:00,-2.590980786870958E-4,stall,0.973380,0.973690,0.973290,0.973520,0.974550915732524,0.9754797963325533,-6.697825213422845E-4
2016.03.28,18:00,-2.0526078753066847E-4,stall,0.973780,0.973780,0.973710,0.973720,0.9744230825429049,0.9753494410486605,-7.210977182249516E-4
2016.03.28,19:00,-1.4780063014237276E-4,stall,0.973800,0.973820,0.973800,0.973820,0.9743303006132272,0.9752361491191301,-7.580478757605448E-4
2016.03.28,20:00,-1.0287037537738447E-4,stall,0.973600,0.973740,0.973580,0.973730,0.9742379466727308,0.9751245825177131,-7.837654696048909E-4
2016.03.28,21:00,-2.5794818517086782E-5,stall,0.974130,0.974310,0.974120,0.974300,0.9742474933384645,0.9750635023312157,-7.902141742341625E-4
2016.03.28,22:00,8.096727145342824E-6,buy,0.974090,0.974100,0.973760,0.973940,0.9742001866710084,0.9749802799363109,-7.881899924478267E-4
2016.03.28,23:00,4.822598139634358E-5,stall,0.974130,0.974200,0.974120,0.974130,0.9741893887216225,0.9749172962373249,-7.761334970987409E-4
2016.03.29,00:00,8.303140894112978E-5,stall,0.974240,0.974310,0.974210,0.974210,0.9741925596875267,0.974864903923449,-7.553756448634584E-4
2016.03.29,01:00,1.1631522147365189E-4,stall,0.974360,0.974380,0.974340,0.974350,0.9742167812740611,0.9748267628920825,-7.262968394950454E-4
2016.03.29,02:00,1.4854994673982975E-4,stall,0.974580,0.974690,0.974480,0.974520,0.9742634303088209,0.9748040397148912,-6.89159352810088E-4
2016.03.29,03:00,1.6469704208892902E-4,stall,0.973810,0.974550,0.973800,0.974480,0.9742967487228484,0.9747800367730474,-6.479850922878558E-4
2016.03.29,04:00,2.493109671535662E-4,stall,0.975720,0.975760,0.975600,0.975690,0.9745110950731795,0.9748474414565254,-5.856573504994641E-4
2016.03.29,05:00,2.518575347894332E-4,stall,0.974920,0.975060,0.974910,0.975020,0.9745893881388441,0.9748602235708568,-5.226929668021059E-4
2016.03.29,06:00,1.1993355682229684E-4,stall,0.973020,0.973350,0.973020,0.973060,0.974354097655945,0.9747268736767193,-4.927095775965316E-4
2016.03.29,07:00,1.0309771081093796E-4,stall,0.974110,0.974170,0.973990,0.974120,0.9743180826319535,0.9746819200710364,-4.669351498937971E-4
2016.03.29,08:00,1.3670827627601257E-4,stall,0.974940,0.974960,0.974760,0.974830,0.9743968391501145,0.9746928889546633,-4.3275808082479395E-4
2016.03.29,09:00,4.6701774787314505E-5,stall,0.973660,0.973740,0.972870,0.973140,0.9742034792808661,0.9745778601432068,-4.210826371279653E-4
2016.03.29,10:00,7.336479887619704E-5,stall,0.974410,0.974550,0.974200,0.974420,0.9742367901607328,0.9745661667992656,-4.027414374089161E-4
2016.03.29,11:00,1.8307626782191596E-4,stall,0.975220,0.975880,0.975120,0.975880,0.9744895916744662,0.9746634877770978,-3.569723704534371E-4
2016.03.29,12:00,1.631737932509768E-4,stall,0.974410,0.974650,0.974410,0.974590,0.9745050391091638,0.9746580442380535,-3.161789221406929E-4
2016.03.29,13:00,-1.900147242720732E-4,sell,0.969720,0.969720,0.969300,0.969340,0.9737104177077539,0.9742641150352347,-3.6368260320871116E-4
2016.03.29,14:00,-4.4597318181678185E-4,stall,0.968180,0.968600,0.968110,0.968590,0.9729226611373302,0.9738438102178099,-4.751758986629066E-4
2016.03.29,15:00,-7.299401084227407E-4,stall,0.966080,0.966240,0.966080,0.966220,0.9718914825008178,0.9732790835350091,-6.576609257685918E-4
2016.03.29,16:00,-8.362230454479364E-4,stall,0.966470,0.966650,0.966470,0.966650,0.9710851005776151,0.9727880403101936,-8.667166871305759E-4
2016.03.29,17:00,-8.645029563040382E-4,stall,0.966610,0.966610,0.966310,0.966440,0.9703704697195205,0.9723178151020311,-0.0010828424262065853
2016.03.29,18:00,-8.44906461228511E-4,stall,0.966000,0.966270,0.966000,0.966160,0.9697227051472865,0.9718616806500288,-0.0012940690415137132
2016.03.29,19:00,-7.414348693879174E-4,stall,0.966710,0.966710,0.966710,0.966710,0.9692592120477039,0.9714800746759525,-0.0014794277588606926
2016.03.29,20:00,-6.401803946585035E-4,stall,0.966540,0.966540,0.966410,0.966460,0.9688285640403649,0.9711082172925487,-0.0016394728575253184
2016.03.29,21:00,-5.51822511905608E-4,stall,0.966200,0.966200,0.966080,0.966090,0.9684072464956933,0.9707364974931006,-0.0017774284855017204
2016.03.29,22:00,-4.091899205143517E-4,stall,0.966780,0.966780,0.966740,0.966750,0.9681522854963559,0.9704412013825006,-0.0018797259656303084
2016.03.29,23:00,-2.933284169999513E-4,stall,0.966580,0.966610,0.966560,0.966560,0.9679073184969166,0.9701537049837968,-0.0019530580698802961
2016.03.30,00:00,-1.8242084016358321E-4,stall,0.966720,0.966720,0.966620,0.966640,0.9677123464204679,0.9698934305405527,-0.001998663279921192
2016.03.30,01:00,-1.1575436478251889E-4,stall,0.966200,0.966210,0.966120,0.966160,0.967473523894242,0.9696168801301414,-0.002027601871116822
2016.03.30,02:00,-7.558105742227995E-5,stall,0.966270,0.966270,0.965750,0.965750,0.967208366372051,0.9693304445649457,-0.002046497135472392
2016.03.30,03:00,-9.734285255240654E-5,stall,0.965630,0.965650,0.964600,0.964660,0.9668163100071201,0.968984485708283,-0.0020708328486104934
2016.03.30,04:00,-1.3358735775502928E-4,stall,0.963870,0.964340,0.963770,0.963930,0.966372262313717,0.9686100793595213,-0.002104229688049251
2016.03.30,05:00,-1.1288721177250913E-4,stall,0.964100,0.964270,0.964080,0.964200,0.9660380681116066,0.9682834068143715,-0.0021324514909923783
2016.03.30,06:00,-8.604105341368865E-5,stall,0.963890,0.964040,0.963840,0.964020,0.9657275960944364,0.9679675989021959,-0.0021539617543458005
2016.03.30,07:00,-6.676473479351464E-5,stall,0.963320,0.963690,0.963300,0.963680,0.965412581310677,0.9676499989835147,-0.002170652938044179
2016.03.30,08:00,-9.584920596631416E-5,stall,0.962670,0.962860,0.962540,0.962670,0.964990645724419,0.967281110169921,-0.0021946152395357576
2016.03.30,09:00,4.7656387581708134E-6,buy,0.964340,0.964340,0.964000,0.964140,0.9648597771514315,0.9670484353425195,-0.002193423829846215
2016.03.30,10:00,-2.4066280744283394E-6,sell,0.962880,0.963030,0.962700,0.962730,0.9645321191281343,0.9667285512430736,-0.0021940254868648224
2016.03.30,11:00,-1.2938637158959373E-5,stall,0.961790,0.962320,0.961630,0.962320,0.9641917931084213,0.9664019918917348,-0.0021972601461545623
2016.03.30,12:00,7.39225064104029E-5,buy,0.963670,0.963710,0.963460,0.963460,0.9640792095532795,0.9661840665664211,-0.002178779519551962
2016.03.30,13:00,1.5967000478610488E-4,stall,0.963920,0.963950,0.963690,0.963700,0.9640208696220057,0.9660000616355751,-0.0021388620183554357
2016.03.30,14:00,2.838947341688232E-4,stall,0.964610,0.964690,0.964570,0.964630,0.964114581987851,0.9658985755884955,-0.00206788833481323
2016.03.30,15:00,3.363705747012448E-4,stall,0.964010,0.964280,0.963990,0.964170,0.964123107835874,0.9657705329523106,-0.0019837956911379186
2016.03.30,16:00,3.843922628900965E-4,stall,0.964410,0.964520,0.964400,0.964400,0.964165706630355,0.9656690119928802,-0.0018876976254153944
2016.03.30,17:00,4.3707769356150566E-4,stall,0.964870,0.964910,0.964760,0.964800,0.9642632902256849,0.9656046407341484,-0.0017784282020250181
2016.03.30,18:00,4.544666833982008E-4,stall,0.964620,0.964720,0.964620,0.964660,0.9643243224986564,0.9655346673464337,-0.001664811531175468
2016.03.30,19:00,4.892666483249718E-4,stall,0.965170,0.965190,0.965170,0.965170,0.9644544267296323,0.9655076549504016,-0.0015424948690942251
2016.03.30,20:00,4.963021740680691E-4,stall,0.965210,0.965260,0.964970,0.965120,0.9645568226173812,0.9654789397688903,-0.0014184193255772077
2016.03.30,21:00,4.869882068386784E-4,stall,0.965010,0.965140,0.965010,0.965110,0.9646419268300918,0.9654516108971206,-0.001296672273867538
2016.03.30,22:00,5.038192480924404E-4,stall,0.965710,0.965750,0.965660,0.965680,0.964801630394693,0.965468528608445,-0.0011707174618444279
2016.03.30,23:00,5.318159739865177E-4,stall,0.965940,0.966250,0.965940,0.966200,0.9650167641801248,0.9655227116744861,-0.0010377634683477984
2016.03.31,00:00,5.054191331719442E-4,stall,0.965870,0.965890,0.965780,0.965800,0.9651372619985672,0.9655432515504501,-9.114086850548124E-4
2016.03.31,01:00,4.59201158136595E-4,stall,0.965610,0.965690,0.965610,0.965620,0.965211529383403,0.9655489366207871,-7.966083955206636E-4
2016.03.31,02:00,4.229957195273871E-4,stall,0.965700,0.965810,0.965450,0.965770,0.9652974479398025,0.965565311685914,-6.908594656388168E-4
2016.03.31,03:00,2.938060686917786E-4,stall,0.964580,0.964840,0.964330,0.964350,0.9651516867182944,0.9654752885980685,-6.174079484658722E-4
2016.03.31,04:00,2.094412555503106E-4,stall,0.964340,0.964490,0.964240,0.964450,0.9650437349154799,0.9653993412945079,-5.650476345782946E-4
2016.03.31,05:00,7.4792179873453E-5,stall,0.962900,0.963390,0.962900,0.963260,0.9647693141592523,0.9652408715689887,-5.463495896099313E-4
2016.03.31,06:00,-5.1300851670211135E-5,sell,0.962700,0.962780,0.962590,0.962590,0.9644340350578289,0.9650445107120266,-5.591748025274841E-4
2016.03.31,07:00,-1.4615889127367364E-4,stall,0.961950,0.962220,0.961950,0.962220,0.9640934142797013,0.9648352876963209,-5.957145253459025E-4
2016.03.31,08:00,-3.475980896560318E-4,stall,0.959880,0.959880,0.959620,0.959790,0.9634313505443627,0.9644615626817786,-6.826140477599105E-4
2016.03.31,09:00,-4.640894111421725E-4,stall,0.959560,0.959750,0.959560,0.959560,0.9628357581529222,0.9640984839646098,-7.986364005454536E-4
2016.03.31,10:00,-5.737794655016304E-4,stall,0.958570,0.958610,0.958240,0.958490,0.9621671799755496,0.9636830407079721,-9.420812669208612E-4
2016.03.31,11:00,-6.874649633354908E-4,stall,0.957340,0.957440,0.957170,0.957180,0.9613999215177728,0.963201333988863,-0.0011139475077547338
2016.03.31,12:00,-6.44880411122626E-4,stall,0.958240,0.958310,0.958110,0.958240,0.9609137797458077,0.9628338277674657,-0.0012751676105353903
2016.03.31,13:00,-5.382965438713665E-4,stall,0.958800,0.958950,0.958700,0.958780,0.9605855059387604,0.962533544229135,-0.001409741746503232
2016.03.31,14:00,-3.7681426241461093E-4,stall,0.959500,0.959660,0.959410,0.959620,0.9604369665635665,0.962317726138088,-0.0015039453121068846
2016.03.31,15:00,-2.1214158621042688E-4,stall,0.960400,0.960400,0.960070,0.960090,0.9603835870922486,0.9621527093871185,-0.0015569807086594912
2016.03.31,16:00,-6.3930613702582045E-6,stall,0.961530,0.961530,0.961300,0.961300,0.9605245736934411,0.9620895457288134,-0.0015585789740020558
2016.03.31,17:00,1.505122392304423E-4,buy,0.961560,0.961560,0.961510,0.961510,0.960676177740604,0.962046616415568,-0.0015209509141944453
2016.03.31,18:00,2.554717373949378E-4,stall,0.961500,0.961560,0.961500,0.961520,0.9608059965497419,0.9620076077921926,-0.0014570829798457108
2016.03.31,19:00,3.013665384308758E-4,stall,0.961240,0.961280,0.961210,0.961210,0.9608681509267046,0.9619485257335118,-0.001381741345237992
2016.03.31,20:00,3.2310239092531905E-4,stall,0.961230,0.961260,0.961140,0.961150,0.9609115123225962,0.9618893756791775,-0.0013009657475066623
2016.03.31,21:00,2.908057924859767E-4,stall,0.960340,0.960560,0.960270,0.960510,0.9608497411960429,0.9617871997029421,-0.001228264299385168
2016.03.31,22:00,2.9906324980686814E-4,stall,0.961120,0.961130,0.961020,0.961020,0.9608759348581902,0.9617303700953168,-0.001153498486933451
2016.03.31,23:00,2.895050502978195E-4,stall,0.960850,0.960910,0.960850,0.960870,0.960875021803084,0.9616666389771452,-0.0010811222243589961