2016.03.02,09:00,-0.027910992059244355,stall,114.237000,114.244000,114.190000,114.206000,114.19101384316393,113.89527089674105,0.32365393848212104
2016.03.02,10:00,-0.05734122490798399,stall,113.901000,113.920000,113.842000,113.917000,114.14885786729256,113.89688045994542,0.309318632255125
2016.03.02,11:00,-0.07489960756221103,stall,113.917000,113.936000,113.900000,113.928000,114.11487973386294,113.89918561106057,0.29059373036457226
2016.03.02,12:00,-0.09247736067319073,stall,113.816000,113.816000,113.796000,113.805000,114.06720592865325,113.89220889913017,0.26747439019627456
2016.03.02,13:00,-0.1030638002648098,stall,113.762000,113.775000,113.762000,113.774000,114.02209732424505,113.88345268437979,0.24170844013007212
2016.03.02,14:00,-0.12794274554600246,stall,113.394000,113.446000,113.385000,113.438000,113.93223619743812,113.85045618924055,0.2097227537435715
2016.03.02,15:00,-0.13823087732889244,stall,113.431000,113.460000,113.418000,113.446000,113.85743062860148,113.82049647151902,0.1751650344113484
2016.03.02,16:00,-0.1410082817719045,stall,113.360000,113.426000,113.360000,113.415000,113.78936437804741,113.79045969585094,0.13991296396837227
2016.03.02,17:00,-0.13318662387321306,stall,113.449000,113.471000,113.440000,113.469000,113.7400775506555,113.76664786652864,0.106616308000069
2016.03.02,18:00,-0.1146161781997749,stall,113.604000,113.604000,113.589000,113.589000,113.71683485055465,113.7534887653043,0.07796226345012527
2016.03.02,19:00,-0.10501801157871012,stall,113.489000,113.499000,113.409000,113.474000,113.679475642777,113.73278589380027,0.05170776055544775
2016.03.02,20:00,-0.08063036703197449,stall,113.689000,113.690000,113.665000,113.683000,113.68001785158054,113.72909804981506,0.03155016879745412
2016.03.02,21:00,-0.05393885702194627,stall,113.834000,113.834000,113.794000,113.800000,113.69847664364508,113.73435004612506,0.01806545454196755
2016.03.02,22:00,-0.03760951879723885,stall,113.742000,113.761000,113.720000,113.752000,113.70671100616121,113.7356574501158,0.008663074842657836
2016.03.02,23:00,-0.01246322900860771,stall,113.964000,113.966000,113.952000,113.956000,113.74506315905948,113.75197912047759,0.005547267590505908
2016.03.03,00:00,0.012962856207828317,buy,114.078000,114.098000,114.078000,114.098000,113.79936113458879,113.7776102967385,0.008787981642462988
2016.03.03,01:00,0.030437217040122443,stall,114.120000,114.143000,114.120000,114.134000,113.85084403695974,113.80400953401713,0.016397285902493598
2016.03.03,02:00,0.03581568790815949,stall,114.114000,114.114000,114.002000,114.074000,113.88517572358133,113.82400882779363,0.025351207879533474
2016.03.03,03:00,0.03663144593734079,stall,114.130000,114.208000,114.049000,114.067000,113.9131486891842,113.84200817388299,0.034509069363868675
2016.03.03,04:00,0.024314121547611908,stall,113.849000,113.910000,113.849000,113.901000,113.91127966007893,113.84637793878055,0.040587599750771655
2016.03.03,05:00,0.01884212291110464,stall,113.955000,113.970000,113.953000,113.962000,113.91908278929756,113.85494253590791,0.04529813047854782
2016.03.03,06:00,0.013182040919271276,stall,113.940000,113.952000,113.940000,113.949000,113.92368543709793,113.8619097554703,0.04859364070836564
2016.03.03,07:00,0.011818886385420904,stall,114.000000,114.007000,113.998000,114.001000,113.93557998523671,113.87221273654657,0.05154836230472086
2016.03.03,08:00,1.1086283466919811E-4,stall,113.868000,113.884000,113.848000,113.848000,113.92210614135415,113.87041920050609,0.05157607801338816
2016.03.03,09:00,-0.009043691316234712,sell,113.837000,113.843000,113.811000,113.827000,113.90747442729966,113.86720296343157,0.04931515518432948
2016.03.03,10:00,-0.03358331094463986,stall,113.577000,113.674000,113.520000,113.532000,113.84970913079202,113.84237311428849,0.04091932744816952
2016.03.03,11:00,-0.0438754056588926,stall,113.581000,113.617000,113.552000,113.590000,113.80975387990094,113.82367880952638,0.02995047603344637
2016.03.03,12:00,-0.05078821163130948,stall,113.520000,113.561000,113.516000,113.551000,113.76994559068541,113.8034803791911,0.017253423125619
2016.03.03,13:00,-0.053956089619676684,stall,113.505000,113.534000,113.499000,113.530000,113.73303088442611,113.78322257332509,0.0037644007206998308
2016.03.03,14:00,-0.049126993297012866,stall,113.571000,113.595000,113.571000,113.593000,113.71148767143748,113.76913201233805,-0.008517347603553386
2016.03.03,15:00,-0.044659775690221434,stall,113.583000,113.587000,113.570000,113.574000,113.69033572198556,113.75467778920189,-0.019682291526108744
2016.03.03,16:00,-0.037743789709953145,stall,113.614000,113.622000,113.599000,113.599000,113.67628407244932,113.74314610111287,-0.029118238953597032
2016.03.03,17:00,-0.026697689963580615,stall,113.660000,113.675000,113.651000,113.669000,113.67516344591866,113.73765379732673,-0.03579266144449218
2016.03.03,18:00,-0.015304197211012158,stall,113.722000,113.723000,113.701000,113.712000,113.68083060808502,113.73575351604327,-0.039618710747245225
2016.03.03,19:00,-0.011530563283261394,stall,113.690000,113.690000,113.632000,113.641000,113.67470282222578,113.7287347370771,-0.04250135156806058
2016.03.03,20:00,-0.01468279646407139,stall,113.551000,113.554000,113.537000,113.539000,113.65382546496028,113.71468031210843,-0.046172050684078425
2016.03.03,21:00,-0.03052888558843221,stall,113.311000,113.311000,113.282000,113.303000,113.59985231650485,113.68418547417447,-0.053804272081186474
2016.03.03,22:00,-0.018139809924259218,stall,113.641000,113.646000,113.609000,113.620000,113.60295196011948,113.679430994606,-0.05833922456225128
2016.03.03,23:00,-0.006658172695411482,stall,113.671000,113.675000,113.655000,113.655000,113.61095935087033,113.67762129130185,-0.06000376773610415
2016.03.04,00:00,0.007943772104305045,buy,113.697000,113.767000,113.695000,113.757000,113.63342714304413,113.68350119564985,-0.058017824710027886
2016.03.04,01:00,0.025185707968370316,stall,113.849000,113.885000,113.849000,113.882000,113.67166912103734,113.6982048107869,-0.05172139771793531
2016.03.04,02:00,0.03316552943895891,stall,113.904000,113.904000,113.799000,113.851000,113.6992584870316,113.70952297295084,-0.04343001535819559
2016.03.04,03:00,0.04052590274663866,stall,113.873000,113.929000,113.873000,113.909000,113.73152641210366,113.72429904902856,-0.03329853967153592
2016.03.04,04:00,0.03138448065005954,stall,113.743000,113.743000,113.720000,113.722000,113.73006081024155,113.72412874910052,-0.025452419509021034
2016.03.04,05:00,0.022901461952675225,stall,113.708000,113.708000,113.700000,113.701000,113.72558991635823,113.72241550842641,-0.019727054020852227
2016.03.04,06:00,0.016499967820235592,stall,113.700000,113.705000,113.688000,113.700000,113.72165300614927,113.72075510039483,-0.015602062065793329
2016.03.04,07:00,0.014636715631011687,stall,113.751000,113.757000,113.738000,113.745000,113.72524485135708,113.7225510188841,-0.011942883158040407
2016.03.04,08:00,0.01217228878447119,stall,113.736000,113.741000,113.732000,113.735000,113.72674564345598,113.72347316563344,-0.008899810961922609
2016.03.04,09:00,-0.006075188779037696,sell,113.561000,113.624000,113.458000,113.482000,113.68909246753968,113.7055862644754,-0.010418608156682033
2016.03.04,10:00,-0.02794790115606382,stall,113.342000,113.342000,113.293000,113.312000,113.63107824176434,113.6764317263661,-0.017405583445697988
2016.03.04,11:00,-0.008635244388684609,stall,113.798000,113.852000,113.798000,113.804000,113.65768158918522,113.68588122811677,-0.01956439454286914
2016.03.04,12:00,0.010992901047530316,buy,113.906000,113.925000,113.906000,113.912000,113.69680749854133,113.70263076677479,-0.016816169280986563
2016.03.04,13:00,0.023893568735264072,stall,113.913000,113.932000,113.906000,113.928000,113.73237557568882,113.71932478405073,-0.010842777097170544
2016.03.04,14:00,0.04741836108080666,stall,114.197000,114.201000,114.187000,114.188000,113.80247164096747,113.75404146671363,0.001011813173031121
2016.03.04,15:00,0.04862781598102836,stall,114.057000,114.068000,114.005000,114.015000,113.83516831158786,113.77337172843855,0.013168767168288213
2016.03.04,16:00,0.04275997612080011,stall,113.951000,113.972000,113.951000,113.953000,113.85329626365127,113.78667752633199,0.023858761198488242
2016.03.06,17:00,0.035219074793981286,stall,113.915000,113.931000,113.915000,113.931000,113.865250684628,113.79736807993703,0.03266352989698357
2016.03.06,18:00,0.020690435011143607,stall,113.856000,113.857000,113.804000,113.811000,113.85690442545446,113.79837785179355,0.037836138649769466
2016.03.06,19:00,0.0088782401390375,stall,113.828000,113.859000,113.782000,113.791000,113.84676528307685,113.79783134425328,0.04005569868452884
2016.03.06,20:00,-0.010013556801734491,sell,113.693000,113.693000,113.617000,113.624000,113.81249370106502,113.78495494838266,0.037552309484095214
2016.03.06,21:00,-0.01248225558284459,stall,113.791000,113.791000,113.758000,113.768000,113.80564851628579,113.78369902628025,0.03443174558838406
2016.03.06,22:00,-0.016943856195375806,stall,113.705000,113.726000,113.703000,113.717000,113.79201028301105,113.77875835766689,0.030195781539540112
2016.03.06,23:00,-0.02116953050219226,stall,113.692000,113.699000,113.679000,113.685000,113.77554716254781,113.77181329413601,0.02490339891399205
2016.03.07,00:00,-0.018787250908985947,stall,113.741000,113.750000,113.729000,113.750000,113.77161682984814,113.77019749457038,0.020206586186745562
2016.03.07,01:00,-0.021535040506035073,stall,113.683000,113.683000,113.671000,113.671000,113.75613731756381,113.76284953200961,0.014822826060236792
2016.03.07,02:00,-0.0201575533534289,stall,113.700000,113.753000,113.696000,113.704000,113.74811619178476,113.75849030741631,0.009783437721879567
2016.03.07,03:00,-0.021007014451516294,stall,113.717000,113.717000,113.653000,113.662000,113.7348675468948,113.75134287723732,0.004531684109000492
2016.03.07,04:00,-0.0239256861461654,stall,113.589000,113.616000,113.580000,113.608000,113.71534946275715,113.74072488633085,-0.0014497374275408582
2016.03.07,05:00,-0.029146301496491476,stall,113.512000,113.538000,113.510000,113.535000,113.68760339156374,113.7254860058619,-0.008736312801663728
2016.03.07,06:00,-0.03489526795966269,stall,113.478000,113.478000,113.467000,113.471000,113.65427979286163,113.70663519061287,-0.0174601297915794
2016.03.07,07:00,-0.0306389354129526,stall,113.570000,113.570000,113.563000,113.563000,113.640236747806,113.69599554686377,-0.02511986364481755
2016.03.07,08:00,-0.01873314300402207,stall,113.660000,113.685000,113.660000,113.679000,113.64620032506662,113.69473661746646,-0.029803149395823066
2016.03.07,09:00,-0.016973216396316104,stall,113.526000,113.570000,113.526000,113.570000,113.63447719813328,113.6854968680245,-0.034046453494902096
2016.03.07,10:00,-0.013521251477305894,stall,113.593000,113.598000,113.569000,113.588000,113.62732685995893,113.67827487780046,-0.03742676636422857
2016.03.07,11:00,-0.015093932498023148,stall,113.519000,113.520000,113.512000,113.513000,113.60973811227294,113.6660322942597,-0.04120024948873436
2016.03.07,12:00,-0.010190287678157342,stall,113.604000,113.607000,113.587000,113.587000,113.60623994115403,113.66017805024046,-0.0437478214082737
2016.03.07,13:00,-0.0069495578144716935,stall,113.562000,113.576000,113.561000,113.575000,113.6014337963611,113.65386856503747,-0.045485210861891626
2016.03.07,14:00,-0.011286922177560478,stall,113.447000,113.466000,113.447000,113.463000,113.58013628922863,113.63973015281248,-0.04830694140628174
2016.03.07,15:00,-0.025545493628589558,stall,113.255000,113.269000,113.254000,113.266000,113.53180762934731,113.61204643778933,-0.054693314813429136
2016.03.07,16:00,-0.023774069209950587,stall,113.385000,113.408000,113.381000,113.405000,113.51229876329388,113.59670966461975,-0.060636832115916785
2016.03.07,17:00,-0.020162689983932197,stall,113.440000,113.440000,113.416000,113.416000,113.49748356894098,113.58332376353681,-0.06567750461189983
2016.03.07,18:00,-0.021221194427845064,stall,113.357000,113.363000,113.335000,113.338000,113.47294763525775,113.56515163290446,-0.0709828032188611
2016.03.07,19:00,-0.01246693810273311,stall,113.492000,113.513000,113.457000,113.458000,113.47064799906425,113.55721447491153,-0.07409953774454439
2016.03.07,20:00,-0.032837175785357414,stall,113.004000,113.032000,112.981000,113.032000,113.40316369151591,113.51830969899216,-0.08230883169088374
2016.03.07,21:00,-0.05481170568369634,stall,112.879000,112.879000,112.847000,112.849000,113.31790773897501,113.46873120277051,-0.09601175811180782
2016.03.07,22:00,-0.06087957909423311,stall,112.913000,112.915000,112.906000,112.911000,113.25530654836346,113.42741778034306,-0.1112316528853661
2016.03.07,23:00,-0.05747788851232316,stall,112.972000,112.972000,112.957000,112.958000,113.20956707938447,113.39264609291024,-0.1256011250134469
2016.03.08,00:00,-0.03446737946193207,stall,113.210000,113.244000,113.202000,113.220000,113.21117214409455,113.37985749343541,-0.13421796987892992
2016.03.08,01:00,-0.02109869206364201,stall,113.151000,113.159000,113.116000,113.156000,113.20268412192615,113.36327545688464,-0.13949264289484042
2016.03.08,02:00,-0.019084721639543833,stall,113.037000,113.040000,112.929000,113.019000,113.1744250262452,113.33777357118947,-0.14426382330472637
2016.03.08,03:00,-0.024568833873035933,stall,112.939000,112.986000,112.854000,112.877000,113.12866732989978,113.3036421955458,-0.15040603177298534
2016.03.08,04:00,-0.022347577025257026,stall,112.928000,112.947000,112.921000,112.924000,113.09718004837674,113.2755205514313,-0.1559929260292996
2016.03.08,05:00,-0.015936610395430678,stall,112.953000,112.963000,112.952000,112.962000,113.07638311785725,113.25229680688084,-0.15997707862815727
2016.03.08,06:00,-0.015559479508114704,stall,112.885000,112.887000,112.856000,112.869000,113.04447802280228,113.22390445081558,-0.16386694850518596
2016.03.08,07:00,-0.0048448428888165085,stall,112.966000,113.000000,112.966000,112.997000,113.03717371160192,113.20709671371813,-0.16507815922739008
2016.03.08,08:00,0.004140385814683845,buy,113.001000,113.007000,112.989000,113.005000,113.032223909817,113.19212658677604,-0.1640430627737191
2016.03.08,09:00,0.007476867343613275,stall,112.968000,112.970000,112.941000,112.949000,113.01942023138362,113.17411720997782,-0.16217384593781578
2016.03.08,10:00,-0.005235930706975839,sell,112.747000,112.757000,112.689000,112.700000,112.9702786573246,113.13899741664613,-0.16348282861455973
2016.03.08,11:00,-0.02675538767151872,stall,112.444000,112.472000,112.444000,112.460000,112.89177424850543,113.08870131170939,-0.17017167553243942
2016.03.08,12:00,-0.031545792336297895,stall,112.583000,112.583000,112.542000,112.550000,112.83919359488921,113.04879751084202,-0.1780581236165139
2016.03.08,13:00,-0.030314055731431144,stall,112.550000,112.570000,112.550000,112.565000,112.79700996490625,113.01296065818705,-0.1856366375493717
2016.03.08,14:00,-0.023069617216657734,stall,112.640000,112.640000,112.594000,112.615000,112.76900843184374,112.98348209091394,-0.19140404185353616
2016.03.08,15:00,-0.01589369025378598,stall,112.606000,112.632000,112.600000,112.610000,112.74454559617547,112.95581675084624,-0.19537746441698264
2016.03.08,16:00,-0.008526295043994853,stall,112.612000,112.614000,112.596000,112.614000,112.72446165830232,112.9304969915243,-0.19750903817798135
2016.03.08,17:00,-0.002107663428229878,stall,112.614000,112.614000,112.602000,112.607000,112.70639063394812,112.90653425141139,-0.19803595403503882
2016.03.08,18:00,0.0070860545645390904,buy,112.677000,112.677000,112.658000,112.658000,112.69894592103303,112.8881243068624,-0.19626444039390406
2016.03.08,19:00,0.013181441355641477,stall,112.691000,112.691000,112.620000,112.641000,112.69003116395102,112.86981880265037,-0.1929690800549937
2016.03.08,20:00,0.0049237422937609965,stall,112.450000,112.453000,112.412000,112.435000,112.65079560026625,112.83761000245404,-0.19173814448155344
2016.03.08,21:00,0.006917677936273903,stall,112.526000,112.539000,112.524000,112.524000,112.63128858484068,112.81437963190189,-0.19000872499748495
2016.03.08,22:00,0.014195764794716625,stall,112.624000,112.624000,112.597000,112.597000,112.6260134179421,112.7982774369462,-0.1864597837988058
2016.03.08,23:00,0.0236699766032496,stall,112.660000,112.666000,112.653000,112.659000,112.63108827672025,112.78796058976499,-0.1805422896479934
2016.03.09,00:00,0.02471651322788787,stall,112.577000,112.593000,112.571000,112.576000,112.62261315722482,112.77225980533795,-0.17436316134102142
2016.03.09,01:00,0.026942770579229197,stall,112.553000,112.596000,112.553000,112.596000,112.61851882534408,112.75920352346107,-0.16762746869621412
2016.03.09,02:00,0.023603846187384897,stall,112.546000,112.624000,112.520000,112.520000,112.60336208298345,112.74148474394543,-0.1617265071493679
2016.03.09,03:00,0.019131625921932238,stall,112.464000,112.546000,112.464000,112.479000,112.58422945483215,112.72204142957911,-0.15694360066888485
2016.03.09,04:00,0.019564415513891792,stall,112.507000,112.538000,112.499000,112.523000,112.57480953870413,112.70729761998065,-0.1520524967904119
2016.03.09,05:00,0.016431072079428455,stall,112.439000,112.469000,112.439000,112.464000,112.55776191736503,112.68927557405615,-0.1479447287705548
2016.03.09,06:00,0.006849749715389153,stall,112.333000,112.345000,112.332000,112.337000,112.52379854546271,112.66318108708903,-0.1462322913417075
2016.03.09,07:00,0.012667462015795605,stall,112.486000,112.513000,112.481000,112.507000,112.52121415385307,112.65161211767503,-0.1430654258377586
2016.03.09,08:00,0.015805424316872596,stall,112.471000,112.499000,112.471000,112.489000,112.51625813018336,112.63956677562503,-0.13911406975854046
2016.03.09,09:00,0.03454929019161951,stall,112.744000,112.757000,112.744000,112.745000,112.55144918707823,112.64737664409725,-0.13047674721063557
2016.03.09,10:00,0.06163039886395097,stall,112.913000,113.004000,112.908000,112.995000,112.61968777368158,112.67312652231227,-0.11506914749464783
2016.03.09,11:00,0.07093429014828143,stall,112.895000,112.929000,112.891000,112.909000,112.66419734696133,112.69059863177063,-0.09733557495757747
2016.03.09,12:00,0.08376260634112905,stall,113.071000,113.075000,113.054000,113.063000,112.72555160127497,112.71818391830614,-0.07639492337229521
2016.03.09,13:00,0.08925736805207732,stall,113.088000,113.104000,113.063000,113.081000,112.78023597030959,112.74505918361679,-0.054080581359275876
2016.03.09,14:00,0.09949204003098917,stall,113.269000,113.285000,113.240000,113.253000,112.85296889795427,112.78268442927481,-0.029207571351528582
2016.03.09,15:00,0.11301921532191936,stall,113.388000,113.442000,113.378000,113.442000,112.94358906749977,112.8315226196989,-9.52767521048746E-4
2016.03.09,16:00,0.11462455394911861,stall,113.401000,113.429000,113.400000,113.427000,113.01795998019212,112.87563205527677,0.02770337096623091
2016.03.09,17:00,0.1040725081321099,stall,113.326000,113.344000,113.323000,113.344000,113.06811998323948,112.91032597710812,0.05372149799925839
2016.03.09,18:00,0.08998164481879824,stall,113.305000,113.322000,113.304000,113.320000,113.10687075504879,112.94067220102603,0.07621690920395795
2016.03.09,19:00,0.07248322230299707,stall,113.232000,113.269000,113.230000,113.269000,113.13181371581051,112.9649927787278,0.09433771477970722
2016.03.09,20:00,0.06004668403761969,stall,113.318000,113.319000,113.306000,113.319000,113.16061160568582,112.99121553585908,0.10934938578911214
2016.03.09,21:00,0.06623125543590369,stall,113.620000,113.625000,113.601000,113.603000,113.22867135865722,113.03653290357323,0.12590719964808805
2016.03.09,22:00,0.0642752656032215,stall,113.589000,113.589000,113.581000,113.584000,113.28333730347919,113.07708602182707,0.14197601604889343
2016.03.09,23:00,0.0707661319803094,stall,113.757000,113.780000,113.757000,113.778000,113.35943925679008,113.1290055757658,0.1596675490439708
2016.03.10,00:00,0.06794606821273647,stall,113.756000,113.760000,113.744000,113.751000,113.41967937113007,113.17507923682018,0.1766540660971549
2016.03.10,01:00,0.060176510675718886,stall,113.739000,113.752000,113.737000,113.738000,113.4686517755716,113.2167770711298,0.1916981937660846
2016.03.10,02:00,0.04523524379643651,stall,113.650000,113.745000,113.649000,113.657000,113.49762842548367,113.24938617697204,0.20300700471519373
2016.03.10,03:00,0.02545795144776211,stall,113.587000,113.587000,113.521000,113.560000,113.50722405233233,113.27239460830744,0.20937149257713425
2016.03.10,04:00,0.00228809560846871,stall,113.420000,113.444000,113.418000,113.442000,113.49718958274275,113.28495797065503,0.2099435164792514
2016.03.10,05:00,-0.018352612358985748,sell,113.382000,113.382000,113.370000,113.378000,113.47885272385925,113.29184997282873,0.20535536338950497
2016.03.10,06:00,-0.025243794262920616,stall,113.489000,113.493000,113.485000,113.487000,113.48010615095782,113.30630553039697,0.19904441482377483
2016.03.10,07:00,-0.023289709738310682,stall,113.580000,113.595000,113.579000,113.593000,113.49747443542586,113.32754215777497,0.19322198738919716
2016.03.10,08:00,0.016131711614829847,buy,114.154000,114.209000,114.140000,114.200000,113.6055552915142,113.39216866460646,0.19725491529290462
2016.03.10,09:00,0.02434787536137506,stall,113.991000,114.009000,113.931000,113.983000,113.66362370820431,113.43593394870969,0.20334188413324839
2016.03.10,10:00,0.03485517190943313,stall,114.117000,114.200000,114.103000,114.116000,113.73322006078827,113.48630921176823,0.21205567711060666
2016.03.10,11:00,-0.005970777062982491,sell,113.385000,113.444000,113.385000,113.432000,113.68687851297469,113.48228630719281,0.21056298284486102
2016.03.10,12:00,-0.05250310760735463,stall,113.138000,113.143000,113.107000,113.129000,113.60105104944012,113.45611695110445,0.19743720594302236
2016.03.10,13:00,-0.09813859079482998,stall,112.839000,112.866000,112.815000,112.856000,113.48642781106471,113.41166384361523,0.17290255824431486
2016.03.10,14:00,-0.12030196520224584,stall,112.889000,112.906000,112.880000,112.901000,113.39636199397783,113.37383689223633,0.1428270669437534
2016.03.10,15:00,-0.1163618877781127,stall,113.073000,113.114000,113.070000,113.102000,113.35107553336586,113.35370082614475,0.11373659499922524
2016.03.10,16:00,-0.1019370482783081,stall,113.187000,113.210000,113.184000,113.210000,113.32937160515573,113.34305632050439,0.08825233292964821
2016.03.10,17:00,-0.0895054274438331,stall,113.172000,113.192000,113.146000,113.192000,113.30823751205484,113.33186696342999,0.06587597606868993
2016.03.10,18:00,-0.08087678549189328,stall,113.148000,113.149000,113.134000,113.141000,113.2825086640464,113.31772866984258,0.045656779695716604
2016.03.10,19:00,-0.09085418609744063,stall,112.848000,112.854000,112.757000,112.840000,113.21443040803926,113.28234136096535,0.022943233171356447
2016.03.10,20:00,-0.0647935862546396,stall,113.287000,113.290000,113.275000,113.275000,113.22374880680245,113.28179755644939,0.006744836607696543
2016.03.10,21:00,-0.04346495242171092,stall,113.285000,113.312000,113.285000,113.301000,113.23563360575592,113.28321995967536,-0.004121401497731186
2016.03.10,22:00,-0.03671497221489191,stall,113.155000,113.161000,113.145000,113.161000,113.2241515125627,113.27416662932905,-0.013300144551454163
2016.03.10,23:00,-0.009442289602870576,stall,113.489000,113.504000,113.484000,113.490000,113.26505127986074,113.29015428641578,-0.01566071695217181
2016.03.11,00:00,0.010459256259198172,buy,113.527000,113.545000,113.521000,113.524000,113.30488954449756,113.30747619112573,-0.013045902887372266
2016.03.11,01:00,0.015802950457841088,stall,113.409000,113.448000,113.409000,113.419000,113.32244499919024,113.31573721400531,-0.009095165272911994
2016.03.11,02:00,0.02274637770614297,stall,113.512000,113.522000,113.438000,113.487000,113.34776115316097,113.32842334630121,-0.0034085708463762517
2016.03.11,03:00,0.04150856594415125,stall,113.726000,113.812000,113.701000,113.731000,113.4067209757516,113.35824383916778,0.006968570639661562
2016.03.11,04:00,0.05160322227730689,stall,113.723000,113.749000,113.723000,113.740000,113.4579946717898,113.38652207330351,0.019869376208988283
2016.03.11,05:00,0.0597027752674187,stall,113.822000,113.827000,113.813000,113.813000,113.51261087612984,113.41811303083658,0.034795070025842964
2016.03.11,06:00,0.05903504412445445,stall,113.793000,113.804000,113.775000,113.777000,113.55328612595602,113.44469725077461,0.04955383105695658
2016.03.11,07:00,0.053729864857437415,stall,113.764000,113.769000,113.755000,113.756000,113.58447287580894,113.46775671368019,0.06298629727131594
2016.03.11,08:00,0.04943891014692636,stall,113.822000,113.822000,113.787000,113.794000,113.61670781799218,113.4919228830372,0.07534602480804753
2016.03.11,09:00,0.030452034755473714,stall,113.591000,113.613000,113.590000,113.590000,113.61259892291646,113.49918785466407,0.08295903349691595
2016.03.11,10:00,0.00656229420614253,stall,113.446000,113.481000,113.437000,113.439000,113.58589139631393,113.49472949505933,0.08459960704845158
2016.03.11,11:00,-0.00531465131180528,sell,113.506000,113.530000,113.486000,113.505000,113.57344656611178,113.49549027320309,0.08327094422050027
2016.03.11,12:00,-0.00226281499077359,stall,113.662000,113.678000,113.660000,113.677000,113.58937786363305,113.50893543815101,0.08270524047280688
2016.03.11,13:00,0.00182260670992343,buy,113.725000,113.725000,113.717000,113.721000,113.60962742307412,113.5246439242139,0.08316089215028774
2016.03.11,14:00,0.0013597632791867847,stall,113.653000,113.687000,113.653000,113.687000,113.62153089644733,113.53667030019805,0.08350083297008444
2016.03.11,15:00,0.0012582024113757667,stall,113.708000,113.710000,113.701000,113.703000,113.6340646046862,113.5489910187019,0.08381538357292838
2016.03.11,16:00,0.006937679497637211,stall,113.810000,113.820000,113.800000,113.806000,113.66051620396524,113.56802872102027,0.08554980344733767
2016.03.13,17:00,0.017969224469685033,stall,113.930000,113.943000,113.930000,113.941000,113.70366755720136,113.59565622316691,0.09004210956475893
2016.03.13,18:00,0.01801529687140016,stall,113.917000,113.917000,113.842000,113.861000,113.72787254840115,113.61531131774714,0.09454593378260898
2016.03.13,19:00,0.005325004785472959,stall,113.694000,113.698000,113.689000,113.690000,113.72204600249329,113.62084381272884,0.09587718497897721
2016.03.13,20:00,0.003748220344195752,stall,113.772000,113.822000,113.762000,113.808000,113.7352696944174,113.63470723400818,0.09681424006502615
2016.03.13,21:00,0.009721823194265955,stall,113.929000,113.940000,113.910000,113.934000,113.76584358758394,113.65687706852609,0.09924469586359264
2016.03.13,22:00,0.011604809101615737,stall,113.936000,113.936000,113.918000,113.927000,113.7906368818018,113.67688617456119,0.10214589813899658
2016.03.13,23:00,0.008054557073412807,stall,113.903000,113.904000,113.872000,113.877000,113.80392351537076,113.69170942088999,0.10415953740734978
2016.03.14,00:00,0.001330426543329169,stall,113.839000,113.839000,113.828000,113.828000,113.8076275899291,113.70180501934259,0.10449214404318206
2016.03.14,01:00,-0.008820466408102398,sell,113.753000,113.761000,113.744000,113.751000,113.79891565301693,113.70544909198388,0.10228702744115646
2016.03.14,02:00,-0.010930490212142971,stall,113.801000,113.830000,113.801000,113.825000,113.80292862947587,113.7143047147999,0.09955440488812071
2016.03.14,03:00,-0.011821824436148626,stall,113.851000,113.851000,113.799000,113.837000,113.80817037878728,113.72339325444435,0.09659894877908357
2016.03.14,04:00,-0.017555410179029424,stall,113.767000,113.767000,113.721000,113.760000,113.80075955128154,113.72610486522625,0.09221009623432622
2016.03.14,05:00,-0.031216497427147716,stall,113.578000,113.610000,113.569000,113.601000,113.77002731262284,113.71683783817245,0.08440597187753929
2016.03.14,06:00,-0.03814628304520129,stall,113.582000,113.615000,113.575000,113.613000,113.74586926452702,113.70914614645598,0.07486940111623896
2016.03.14,07:00,-0.03670538079879329,stall,113.649000,113.683000,113.649000,113.683000,113.7361970699844,113.70720939486665,0.06569305591654065
2016.03.14,08:00,-0.031732845978342826,stall,113.710000,113.726000,113.702000,113.726000,113.7346282899868,113.70860129154319,0.05775984442195494
2016.03.14,09:00,-0.03328666214828468,stall,113.610000,113.639000,113.608000,113.635000,113.71930086075807,113.70314934402147,0.04943817888488377
2016.03.14,10:00,-0.03226434632575747,stall,113.620000,113.652000,113.620000,113.646000,113.70802380525683,113.69891605927914,0.0413720923034444
2016.03.14,11:00,-0.022842743026669506,stall,113.755000,113.764000,113.742000,113.763000,113.71648168137116,113.70366301785106,0.035661406546777026
2016.03.14,12:00,-0.027807578649069735,stall,113.593000,113.596000,113.561000,113.579000,113.6953306534679,113.69442872023247,0.02870951188450959
2016.03.14,13:00,-0.026596395822328527,stall,113.634000,113.635000,113.628000,113.628000,113.68497209139592,113.68950807428932,0.022060412928927457
2016.03.14,14:00,-0.017049841452982578,stall,113.780000,113.783000,113.742000,113.747000,113.69451484656578,113.69376673545308,0.017797952565681813
2016.03.14,15:00,-0.0061227599835167665,stall,113.822000,113.823000,113.797000,113.813000,113.7127433317095,113.70259882912322,0.01626726256980262
2016.03.14,16:00,0.0026218595798885684,buy,113.813000,113.844000,113.813000,113.840000,113.73232128067727,113.7127766936326,0.016922727464774762
2016.03.14,17:00,0.005896564308647344,stall,113.821000,113.821000,113.791000,113.810000,113.74427185288077,113.71997842003019,0.018396868541936597
2016.03.14,18:00,0.006132086467361537,stall,113.793000,113.793000,113.781000,113.789000,113.75115310628372,113.72509112965759,0.01992989015877698
2016.03.14,19:00,0.005648920756278576,stall,113.791000,113.795000,113.783000,113.787000,113.7566680130093,113.72967697190518,0.021342120347846626
2016.03.14,20:00,0.005302107697974217,stall,113.825000,113.830000,113.781000,113.794000,113.76241139562326,113.73444164065295,0.02266764727234018
2016.03.14,21:00,0.011364802496429668,stall,113.906000,113.914000,113.899000,113.900000,113.78357887321968,113.7467052228268,0.025508847896447598
2016.03.14,22:00,0.005593441175789582,stall,113.747000,113.763000,113.746000,113.763000,113.78041289272434,113.74791224335816,0.026907208190394993
2016.03.14,23:00,-0.001880980118745025,sell,113.767000,113.803000,113.706000,113.711000,113.76973398615137,113.7451780031094,0.02643696316070874
2016.03.15,00:00,-0.0215139172490267,stall,113.496000,113.496000,113.457000,113.479000,113.72500568058962,113.72546111399019,0.021058483848452065
2016.03.15,01:00,-0.044370832461540805,stall,113.311000,113.311000,113.278000,113.299000,113.6594663451143,113.69387140184277,0.009965775733066864
2016.03.15,02:00,-0.05237763733848799,stall,113.398000,113.402000,113.361000,113.363000,113.61385613817363,113.66936240911367,-0.0031286336015551343
2016.03.15,03:00,-0.052835007476307094,stall,113.391000,113.414000,113.301000,113.391000,113.57957057845461,113.64874297140155,-0.016337385470631908
2016.03.15,04:00,-0.07234776434026137,stall,113.068000,113.068000,113.014000,113.044000,113.4971751048462,113.60394719574217,-0.03442432655569726
2016.03.15,05:00,-0.08327953015574138,stall,113.000000,113.021000,112.999000,113.000000,113.42068662717756,113.55921036642793,-0.0552442090946326
2016.03.15,06:00,-0.07415777418832953,stall,113.183000,113.183000,113.152000,113.174000,113.38273483838101,113.53067626521106,-0.07378365264171499
2016.03.15,07:00,-0.06739026123576122,stall,113.107000,113.119000,113.104000,113.119000,113.34216024786086,113.50018172704728,-0.09063121795065529
2016.03.15,08:00,-0.07161688928777299,stall,112.901000,112.919000,112.893000,112.918000,113.27690482511304,113.45705715467341,-0.10853544027259854
2016.03.15,09:00,-0.07813766991362608,stall,112.735000,112.787000,112.728000,112.783000,113.20091946740334,113.40712699506797,-0.12806985775100505
2016.03.15,10:00,-0.08015195785230511,stall,112.756000,112.758000,112.720000,112.733000,113.12893185703359,113.35719166209998,-0.14810784721408132
2016.03.15,11:00,-0.05920609520540854,stall,112.975000,112.995000,112.969000,112.994000,113.10817310979766,113.3302885760185,-0.16290937101543346
2016.03.15,12:00,-0.05029557691097822,stall,112.871000,112.876000,112.855000,112.856000,113.06937724675187,113.29515608890603,-0.175483265243178
2016.03.15,13:00,-0.03307136298301033,stall,112.976000,112.976000,112.972000,112.972000,113.05439613186697,113.2712186008389,-0.18375110598893057
2016.03.15,14:00,-0.015292890953948257,stall,113.014000,113.028000,113.014000,113.028000,113.05033518850281,113.25320240818418,-0.18757432872741764
2016.03.15,15:00,0.0027654876553777075,buy,113.091000,113.097000,113.090000,113.097000,113.0575143902716,113.2416318594298,-0.1868829568135732
2016.03.15,16:00,0.016408746296403487,stall,113.106000,113.112000,113.105000,113.109000,113.06543525330675,113.23180727724981,-0.1827807702394723
2016.03.15,17:00,0.026276821606766226,stall,113.113000,113.124000,113.113000,113.117000,113.07336829125956,113.22330303449057,-0.17621156483778075
2016.03.15,18:00,0.03734964228538781,stall,113.194000,113.195000,113.169000,113.190000,113.09131163106578,113.22083614304682,-0.1668741542664338
2016.03.15,19:00,0.043789483951760716,stall,113.200000,113.210000,113.189000,113.189000,113.10634061090181,113.21847791022854,-0.1559267832784936
2016.03.15,20:00,0.0426761060839041,stall,113.102000,113.143000,113.101000,113.122000,113.10874974768615,113.21133139835976,-0.14525775675751756
2016.03.15,21:00,0.05325457143646983,stall,113.303000,113.318000,113.300000,113.313000,113.14017286342674,113.21886240588867,-0.1319441138984001
2016.03.15,22:00,0.06601810256925181,stall,113.435000,113.448000,113.434000,113.434000,113.18537703828416,113.234798523971,-0.11543958825608716
2016.03.15,23:00,0.06841881608594876,stall,113.375000,113.387000,113.373000,113.384000,113.21593441700968,113.24585048515833,-0.09833488423459998
2016.03.16,00:00,0.06755249810088083,stall,113.384000,113.389000,113.370000,113.389000,113.24255989131588,113.25645415292438,-0.08144675970937977
2016.03.16,01:00,0.06689116963734723,stall,113.450000,113.457000,113.425000,113.431000,113.27155067726729,113.26938347492998,-0.06472396730004296
2016.03.16,02:00,0.06145420927283809,stall,113.405000,113.415000,113.388000,113.398000,113.29100441922617,113.27891062493516,-0.04936041498183343
2016.03.16,03:00,0.05444527650112116,stall,113.376000,113.437000,113.371000,113.385000,113.30546527780676,113.28676909716219,-0.03574909585655314
2016.03.16,04:00,0.06532914775281798,stall,113.636000,113.723000,113.636000,113.664000,113.3606244658365,113.31471212700202,-0.019416808918348648
2016.03.16,05:00,0.06666968662818659,stall,113.638000,113.644000,113.629000,113.629000,113.40191300955395,113.33799271018707,-0.0027493872613019964
2016.03.16,06:00,0.06123206371610068,stall,113.568000,113.585000,113.568000,113.585000,113.43008023885334,113.35628954646951,0.012558628667723174
2016.03.16,07:00,0.05488239242045791,stall,113.590000,113.591000,113.583000,113.591000,113.45483712518359,113.37367550599029,0.026279226772837654
2016.03.16,08:00,0.042425249311490554,stall,113.508000,113.511000,113.505000,113.507000,113.46286218284766,113.38355139443546,0.036885539100710296
2016.03.16,09:00,0.037417757013973804,stall,113.643000,113.643000,113.582000,113.591000,113.48257569317879,113.39891795781061,0.04623997835420375
2016.03.16,10:00,0.040128574776807854,stall,113.694000,113.721000,113.694000,113.720000,113.51910250961282,113.42270181278761,0.05627212204840572
2016.03.16,11:00,0.03965775808556432,stall,113.732000,113.740000,113.723000,113.727000,113.55108673890315,113.44524241924779,0.0661865615697968
2016.03.16,12:00,0.0327874463537428,stall,113.691000,113.691000,113.665000,113.666000,113.56876570214882,113.46159483263685,0.0743834231582325
2016.03.16,13:00,0.025190909179905352,stall,113.637000,113.653000,113.635000,113.652000,113.58157097874131,113.4756989191082,0.08068115045320884
2016.03.16,14:00,0.002227574169632221,stall,113.507000,113.717000,113.399000,113.399000,113.55348313585803,113.47001751769278,0.08123804399561689
2016.03.16,15:00,-0.056737903915170335,sell,112.745000,112.761000,112.711000,112.714000,113.42433188418757,113.41401622008591,0.0670535680168243
2016.03.16,16:00,-0.1003954513917222,stall,112.563000,112.573000,112.559000,112.572000,113.29320390200486,113.35164464822769,0.04195470516889374
2016.03.16,17:00,-0.12581436647940564,stall,112.530000,112.530000,112.526000,112.526000,113.17517253246565,113.29048578539602,0.010501113549042325
2016.03.16,18:00,-0.12618468140654115,stall,112.663000,112.675000,112.662000,112.668000,113.0971459890094,113.24437572721854,-0.021045056802592957
2016.03.16,19:00,-0.1150152425584557,stall,112.762000,112.763000,112.738000,112.740000,113.04220045223873,113.2070145622394,-0.04979886744220689
2016.03.16,20:00,-0.09814882265683243,stall,112.795000,112.795000,112.761000,112.793000,113.00386192112508,113.17634681688833,-0.074336073106415
2016.03.16,21:00,-0.08469005869904497,stall,112.819000,112.819000,112.745000,112.747000,112.96434470249045,113.14454334897067,-0.09550858778117624
2016.03.16,22:00,-0.07228421074554994,stall,112.751000,112.751000,112.723000,112.726000,112.92767628672269,113.1135401379358,-0.11357964046756372
2016.03.16,23:00,-0.06076862420143192,stall,112.708000,112.712000,112.706000,112.709000,112.89403378107305,113.0835742017924,-0.1287717965179217
2016.03.17,00:00,-0.06272064279439932,stall,112.496000,112.519000,112.483000,112.497000,112.83295166090797,113.04012426091889,-0.14445195721652154
2016.03.17,01:00,-0.0880572182928146,stall,112.040000,112.075000,112.036000,112.047000,112.71203602076828,112.96655950085082,-0.16646626178972518
2016.03.17,02:00,-0.0905925509290999,stall,112.178000,112.189000,112.160000,112.160000,112.62710740218854,112.90681435263964,-0.18911439952200015
2016.03.17,03:00,-0.09362190752287719,stall,111.999000,112.075000,111.995000,112.036000,112.53616780185185,112.84230958577744,-0.21251987640271947
2016.03.17,04:00,-0.10596991820015389,stall,111.756000,111.777000,111.721000,111.765000,112.41752660156695,112.76250887571986,-0.23901235595275794
2016.03.17,05:00,-0.11005959431145823,stall,111.710000,111.712000,111.692000,111.701000,112.30729173978742,112.6838785886295,-0.2665272545306225
2016.03.17,06:00,-0.12631299885463804,stall,111.445000,111.447000,111.358000,111.358000,112.1612468567432,112.58566535984212,-0.298105504244282
2016.03.17,07:00,-0.13405331853268299,stall,111.295000,111.299000,111.233000,111.250000,112.02105503262887,112.486727185039,-0.3316188338774527
2016.03.17,08:00,-0.15655106497074794,stall,110.766000,110.840000,110.760000,110.816000,111.83566195068596,112.36296961577685,-0.3707566001201397
2016.03.17,09:00,-0.10303352508621422,stall,111.678000,111.713000,111.673000,111.694000,111.81386780442658,112.31341631090449,-0.3965149813916933
2016.03.17,10:00,-0.08191636389920787,stall,111.421000,111.435000,111.348000,111.358000,111.74373429605326,112.24264473231896,-0.4169940723664952
2016.03.17,11:00,-0.055096370769692704,stall,111.418000,111.456000,111.418000,111.444000,111.69762132742969,112.1834858632583,-0.4307681650589184
2016.03.17,12:00,-0.042957824220289154,stall,111.298000,111.314000,111.262000,111.264000,111.63091035397896,112.11537579931324,-0.44150762111399067
2016.03.17,13:00,-0.034816147314047474,stall,111.079000,111.176000,111.074000,111.174000,111.56061645336682,112.04564425862337,-0.4502116579425025
2016.03.17,14:00,-0.011913402768846837,stall,111.356000,111.367000,111.349000,111.360000,111.52975238361807,111.99485579502164,-0.4531900086347142
2016.03.17,15:00,0.01587696315287468,buy,111.433000,111.506000,111.433000,111.496000,111.5245597092153,111.95790351390892,-0.44922076784649556
2016.03.17,16:00,0.03260189431490329,stall,111.412000,111.436000,111.407000,111.434000,111.5106274462591,111.91909584621196,-0.4410702942677697
2016.03.17,17:00,0.04360997107248371,stall,111.374000,111.406000,111.374000,111.406000,111.49453091606539,111.88108874649255,-0.4301678014996488
2016.03.17,18:00,0.05201763598340603,stall,111.422000,111.434000,111.400000,111.404000,111.48060308282456,111.84574883934495,-0.4171633925037973
2016.03.17,19:00,0.05791702240596974,stall,111.406000,111.406000,111.381000,111.397000,111.46774107008233,111.81250818457866,-0.40268413690230487
2016.03.17,20:00,0.06614260941105066,stall,111.366000,111.463000,111.366000,111.458000,111.46624244391582,111.78624831905431,-0.3861484845495422
2016.03.17,21:00,0.042186712768629786,stall,111.033000,111.038000,110.970000,111.001000,111.39466668331339,111.72808177690214,-0.37560180635738477
2016.03.17,22:00,0.030426578877089716,stall,111.061000,111.061000,111.025000,111.033000,111.33902565511133,111.67659423787235,-0.36799516163811236
2016.03.17,23:00,0.039174459246788085,stall,111.274000,111.275000,111.256000,111.258000,111.32656016970958,111.64558725728921,-0.35820154682641536
2016.03.18,00:00,0.04618861474832048,stall,111.248000,111.269000,111.246000,111.263000,111.31678168206196,111.61724746045297,-0.3466543931393352
2016.03.18,01:00,0.059811799241245356,stall,111.367000,111.400000,111.365000,111.396000,111.3289691155909,111.60085875967867,-0.33170144332902385
2016.03.18,02:00,0.07564202175137769,stall,111.564000,111.564000,111.512000,111.512000,111.3571277131923,111.5942766293321,-0.3127909378911794
2016.03.18,03:00,0.05573252532190043,stall,111.128000,111.185000,111.055000,111.062000,111.31172344962425,111.55484873086306,-0.29885780656070426
2016.03.18,04:00,0.06303160595035695,stall,111.336000,111.387000,111.335000,111.375000,111.32145830352822,111.54152660265098,-0.283099905073115
2016.03.18,05:00,0.060565326420464694,stall,111.269000,111.281000,111.256000,111.276000,111.31446471837003,111.52185796541757,-0.26795857346799884
2016.03.18,06:00,0.059563856142351546,stall,111.310000,111.310000,111.288000,111.296000,111.31162399246695,111.50512774575701,-0.25306760943241097
2016.03.18,07:00,0.06648100125910691,stall,111.422000,111.430000,111.415000,111.427000,111.32937414747204,111.49934050533057,-0.23644735911763423
2016.03.18,08:00,0.07197602419839827,stall,111.452000,111.469000,111.442000,111.466000,111.35039350939941,111.49687083826905,-0.21845335306803465
2016.03.18,09:00,0.07848883596823772,stall,111.542000,111.543000,111.534000,111.542000,111.37987143103027,111.500213739138,-0.1988311440759752
2016.03.18,10:00,0.07880132505254725,stall,111.481000,111.552000,111.461000,111.519000,111.40127582625638,111.50160531401667,-0.1791308128128384
2016.03.18,11:00,0.07120252681488232,stall,111.399000,111.458000,111.394000,111.436000,111.40661800683232,111.49674566112655,-0.16133018110911784
2016.03.18,12:00,0.06085949112791372,stall,111.392000,111.395000,111.373000,111.384000,111.4031383134735,111.48839413067273,-0.14611530832713943
2016.03.18,13:00,0.060495634999028575,stall,111.490000,111.509000,111.490000,111.509000,111.41942472678528,111.48992049136363,-0.1309913995773823
2016.03.18,14:00,0.061481402652327447,stall,111.576000,111.585000,111.554000,111.559000,111.44089784574139,111.49503749200336,-0.11562104891430043
2016.03.18,15:00,0.06229165459377081,stall,111.615000,111.615000,111.590000,111.596000,111.46475971562732,111.50251619629941,-0.10004813526585773
2016.03.18,16:00,0.06267981133293536,stall,111.666000,111.674000,111.631000,111.631000,111.49033514399235,111.51203351509204,-0.08437818243262389
2016.03.20,17:00,0.05402481457474065,stall,111.531000,111.531000,111.531000,111.531000,111.49659127568584,111.51343843990004,-0.07087197878893872
2016.03.20,18:00,0.044818644936977514,stall,111.541000,111.541000,111.503000,111.506000,111.49803877173417,111.51288744435189,-0.059667317554694344
2016.03.20,19:00,0.03871071054673765,stall,111.524000,111.532000,111.524000,111.529000,111.50280203762122,111.5140809669925,-0.049989639918009934
2016.03.20,20:00,0.029288329372456942,stall,111.441000,111.496000,111.441000,111.466000,111.4971401856795,111.51051941388194,-0.042667557574895695
2016.03.20,21:00,0.015152452066031233,stall,111.376000,111.376000,111.332000,111.355000,111.47527246480573,111.49899945729808,-0.03887944455838789
2016.03.20,22:00,0.004895232969612015,stall,111.341000,111.341000,111.321000,111.340000,111.45446131637408,111.48722171972045,-0.03765563631598488
2016.03.20,23:00,-0.0021491044994525685,sell,111.323000,111.337000,111.323000,111.329000,111.43515957539346,111.47550159233376,-0.03819291244084803
2016.03.21,00:00,-0.0035507950994320275,stall,111.369000,111.369000,111.369000,111.369000,111.42498117917908,111.46761258549422,-0.03908061121570604
2016.03.21,01:00,0.0027501184439388954,buy,111.460000,111.474000,111.460000,111.473000,111.43236869007461,111.4680116532354,-0.03839308160472131
2016.03.21,02:00,0.006713812635698688,stall,111.480000,111.480000,111.463000,111.470000,111.43815812237082,111.46815893818092,-0.036714628445796635
2016.03.21,03:00,0.010329668421221058,stall,111.493000,111.494000,111.417000,111.488000,111.44582610354455,111.46962864646382,-0.03413221134049137
2016.03.21,04:00,0.007579370558414657,stall,111.424000,111.431000,111.384000,111.413000,111.44077593376846,111.46543393191094,-0.032237368700887704
2016.03.21,05:00,0.005177756973646402,stall,111.402000,111.412000,111.396000,111.404000,111.43511809780408,111.46088327028791,-0.030942929457476103
2016.03.21,06:00,0.012745254572799233,stall,111.542000,111.552000,111.532000,111.546000,111.45217685198807,111.46718821322955,-0.027756615814276294
2016.03.21,07:00,0.010563938214619515,stall,111.434000,111.445000,111.422000,111.444000,111.45091887475914,111.46547056780514,-0.025115631260621416
2016.03.21,08:00,0.014424063451329051,stall,111.531000,111.545000,111.531000,111.531000,111.46323904787312,111.47032459981958,-0.02150961539778915
2016.03.21,09:00,0.022409976710150287,stall,111.639000,111.642000,111.620000,111.627000,111.48843304050803,111.48193018501813,-0.01590712122025158
2016.03.21,10:00,0.03614974916991939,stall,111.783000,111.787000,111.763000,111.780000,111.53328949581449,111.50400943057234,-0.006869683927771734
2016.03.21,11:00,0.03629213533798496,stall,111.697000,111.697000,111.669000,111.676000,111.55524495799688,111.51674947275217,0.0022033499067245083
2016.03.21,12:00,0.032352816098828306,stall,111.626000,111.650000,111.619000,111.643000,111.56874573368967,111.52610136365941,0.010291553931431585
2016.03.21,13:00,0.03313550834550891,stall,111.727000,111.730000,111.721000,111.722000,111.59232331312202,111.5406123737587,0.018575431017808813
2016.03.21,14:00,0.03567641307899938,stall,111.783000,111.786000,111.772000,111.784000,111.62181203418018,111.55864108681362,0.02749453428755866
2016.03.21,15:00,0.040189719435099656,stall,111.860000,111.865000,111.851000,111.863000,111.65891787507553,111.5811861914941,0.037541964146333574
2016.03.21,16:00,0.04120767463587775,stall,111.882000,111.883000,111.870000,111.873000,111.69185358660238,111.6028020291612,0.04784388280530301
2016.03.21,17:00,0.044163311404798775,stall,111.939000,111.950000,111.937000,111.950000,111.73156841943278,111.62852039737147,0.058884710656502706
2016.03.21,18:00,0.04227044555070501,stall,111.961000,111.961000,111.929000,111.936000,111.76301943182773,111.65129666423285,0.06945232204417896
2016.03.21,19:00,0.05048795519009487,stall,112.119000,112.128000,112.116000,112.128000,111.81917028846962,111.68660802243782,0.08207431084170268
2016.03.21,20:00,0.05032908325412279,stall,112.143000,112.149000,112.095000,112.098000,111.8620671671666,111.71708150225724,0.09465658165523337
2016.03.21,21:00,0.03211396069262627,stall,111.944000,111.944000,111.865000,111.869000,111.86313375683328,111.72833472431226,0.10268507182838994
2016.03.21,22:00,0.03371277530765128,stall,112.101000,112.131000,112.101000,112.114000,111.90172856347431,111.75690252251135,0.11111326565530276
2016.03.21,23:00,0.025489019465910367,stall,112.011000,112.013000,112.002000,112.013000,111.91884724601672,111.77587270602903,0.11748552052178035
2016.03.22,00:00,0.00822697414104305,stall,111.853000,111.870000,111.848000,111.861000,111.90994766970645,111.78217843150837,0.11954226405704112
2016.03.22,01:00,0.006097169181934023,stall,111.977000,112.029000,111.977000,112.021000,111.92703264359777,111.79986891806331,0.12106655635252463
2016.03.22,02:00,0.006083043870608568,stall,112.060000,112.092000,112.053000,112.064000,111.94810454458273,111.81943418339195,0.12258731732017678
2016.03.22,03:00,0.005148243326054416,stall,112.056000,112.121000,112.034000,112.072000,111.9671653838777,111.83814276239995,0.12387437815169038
2016.03.22,04:00,-0.01942834301892743,sell,111.733000,111.733000,111.660000,111.718000,111.92883224789651,111.82924329851848,0.11901729239695852
2016.03.22,05:00,-0.03483524564006539,stall,111.649000,111.721000,111.642000,111.719000,111.89655036360473,111.82107712825785,0.11030848098694217
2016.03.22,06:00,-0.0466709641472772,stall,111.714000,111.716000,111.672000,111.672000,111.86200415381938,111.81003437801654,0.09864073995012287
2016.03.22,07:00,-0.05298880659489302,stall,111.654000,111.679000,111.654000,111.665000,111.83169582246256,111.79929109075606,0.08539353830139962
2016.03.22,08:00,-0.05329020437179385,stall,111.715000,111.719000,111.689000,111.691000,111.81005031131448,111.79126952847783,0.07207098720845115
2016.03.22,09:00,-0.049236628615519674,stall,111.712000,111.743000,111.712000,111.724000,111.79681180188149,111.78628660044244,0.05976183005457123
2016.03.22,10:00,-0.04765912782710478,stall,111.684000,111.686000,111.662000,111.677000,111.77837921697665,111.77819129670596,0.04784704809779504
2016.03.22,11:00,-0.04294896380557843,stall,111.716000,111.716000,111.698000,111.703000,111.76678241436485,111.77262157102403,0.03710980714640043
2016.03.22,12:00,-0.029340571680535266,stall,111.809000,111.857000,111.809000,111.840000,111.77804665830872,111.777612565763,0.029774664226266612
2016.03.22,13:00,-0.0032071418773853035,stall,112.110000,112.110000,112.096000,112.096000,111.82696255703046,111.80119682015092,0.028972878756920287
2016.03.22,14:00,0.031200985630343903,buy,112.379000,112.395000,112.368000,112.380000,111.91204524056423,111.84407112976938,0.03677312516450626
2016.03.22,15:00,0.04690359507643098,stall,112.303000,112.323000,112.299000,112.319000,111.9746536650928,111.87925104608276,0.04849902393361401
2016.03.22,16:00,0.05410003682043353,stall,112.320000,112.327000,112.306000,112.323000,112.02824540892468,111.91212133896552,0.06202403313872239
2016.03.22,17:00,0.05648550576670788,stall,112.369000,112.371000,112.338000,112.343000,112.07666919216703,111.94403827681992,0.07614540958039936
2016.03.22,18:00,0.057133381981559886,stall,112.381000,112.398000,112.377000,112.387000,112.1244123933721,111.97685025631475,0.09042875507578933
2016.03.22,19:00,0.04778496751593077,stall,112.324000,112.324000,112.288000,112.294000,112.15050279439177,112.00034282992107,0.10237499695477202
2016.03.22,20:00,0.035487831974666234,stall,112.252000,112.292000,112.235000,112.247000,112.1653485183315,112.0186137314084,0.11124695494843859
2016.03.22,21:00,0.023756959657728352,stall,112.222000,112.233000,112.199000,112.229000,112.17514105397281,112.03419789945221,0.11718619486287067
2016.03.22,22:00,0.016132698144937993,stall,112.290000,112.293000,112.255000,112.261000,112.18835012259238,112.05099805504834,0.12121936939910517
2016.03.22,23:00,0.010551840137072943,stall,112.283000,112.284000,112.276000,112.279000,112.20229625757817,112.06788708800772,0.12385732943337341
2016.03.23,00:00,0.007094614853773384,stall,112.328000,112.328000,112.306000,112.306000,112.21825067948922,112.08552508148863,0.12563098314681675
2016.03.23,01:00,0.011132365219284956,stall,112.445000,112.445000,112.423000,112.427000,112.2503659595678,112.11081951989688,0.128414074451638
2016.03.23,02:00,0.00884559747606986,stall,112.392000,112.392000,112.370000,112.379000,112.27015581194199,112.13068474064526,0.13062547382065545
2016.03.23,03:00,0.004162265814274535,stall,112.360000,112.406000,112.329000,112.354000,112.28305491779707,112.14722661170858,0.13166604027422407
2016.03.23,04:00,0.004339331382767819,stall,112.372000,112.425000,112.363000,112.425000,112.30489262275137,112.16780241824868,0.132750873119916
2016.03.23,05:00,0.015074111820491648,stall,112.580000,112.634000,112.579000,112.614000,112.35244760386654,112.200854090971,0.13651940107503893
2016.03.23,06:00,0.022703245596456756,stall,112.660000,112.663000,112.654000,112.660000,112.39976335711783,112.23486489904722,0.14219521247415312
2016.03.23,07:00,0.02582816021702844,stall,112.670000,112.673000,112.665000,112.673000,112.4417997637151,112.26731935096966,0.14865225252841024
2016.03.23,08:00,0.026481595716857015,stall,112.679000,112.703000,112.675000,112.695000,112.48075364622046,112.29899939904598,0.1552726514576245
2016.03.23,09:00,0.031426387637405184,stall,112.790000,112.817000,112.790000,112.810000,112.53140693141732,112.33685129541294,0.1631292483669758
2016.03.23,10:00,0.03241212864940812,stall,112.787000,112.856000,112.769000,112.826000,112.5767289419685,112.37308453278976,0.17123228052932782
2016.03.23,11:00,0.018410238500686488,stall,112.659000,112.663000,112.648000,112.648000,112.58769372012719,112.393448641472,0.17583484015449943
2016.03.23,12:00,0.008406148159879057,stall,112.629000,112.670000,112.628000,112.669000,112.60020237856916,112.41385985321482,0.1779363771944692
2016.03.23,13:00,2.643549742864515E-4,stall,112.672000,112.677000,112.670000,112.672000,112.6112481664816,112.43298134556927,0.1780024659380408
2016.03.23,14:00,-0.015728996944111978,sell,112.524000,112.529000,112.524000,112.527000,112.59828691009982,112.43994569034191,0.1740702167020128
2016.03.23,15:00,-0.036152212248174165,stall,112.394000,112.394000,112.375000,112.376000,112.56408892393061,112.43520897253882,0.16503216363996925
2016.03.23,16:00,-0.0429465415506613,stall,112.450000,112.466000,112.449000,112.464000,112.54869062794128,112.43734164123964,0.15429552825230392
2016.03.23,17:00,-0.05293366910741387,stall,112.373000,112.374000,112.336000,112.361000,112.51981514671955,112.43168670485151,0.14106211097545046
2016.03.23,18:00,-0.056300584509218904,stall,112.388000,112.390000,112.382000,112.383000,112.49876666260884,112.42808028226992,0.12698696484814573
2016.03.23,19:00,-0.05648961277401188,stall,112.385000,112.385000,112.378000,112.385000,112.48126409913056,112.42488915024992,0.11286456165464276
2016.03.23,20:00,-0.05122962400051553,stall,112.422000,112.453000,112.422000,112.439000,112.47476193003355,112.42593439837955,0.10005715565451387
2016.03.23,21:00,-0.03224717467378688,stall,112.529000,112.677000,112.516000,112.657000,112.50279855618224,112.44305036886996,0.09199536198606714
2016.03.23,22:00,-0.011009847871720851,stall,112.789000,112.791000,112.769000,112.790000,112.54698339369267,112.46875034154625,0.08924290001813692
2016.03.23,23:00,0.001681935083364311,buy,112.767000,112.785000,112.767000,112.784000,112.58344748697073,112.49210216809838,0.08966338378897801
2016.03.24,00:00,0.0034344188909324336,stall,112.697000,112.707000,112.695000,112.701000,112.60153248897522,112.50757608157258,0.09052198851171112
2016.03.24,01:00,0.01124946950869754,stall,112.760000,112.822000,112.760000,112.822000,112.63545056759442,112.53086674219684,0.0933343558888855
2016.03.24,02:00,0.012473546312412154,stall,112.805000,112.806000,112.778000,112.787000,112.65876586488758,112.54983957610818,0.09645274246698854
2016.03.24,03:00,0.013239172719174519,stall,112.839000,112.864000,112.789000,112.811000,112.68218650105872,112.56918479269277,0.09976253564678217
2016.03.24,04:00,0.01690184199947567,stall,112.853000,112.904000,112.853000,112.886000,112.71354242397277,112.59265258582664,0.10398799614665108
2016.03.24,05:00,0.01863982422514028,stall,112.900000,112.910000,112.893000,112.906000,112.74315128182312,112.61586350539504,0.10864795220293615
2016.03.24,06:00,0.004997972022437361,stall,112.740000,112.740000,112.697000,112.706000,112.73743570000417,112.62254028277319,0.10989744520854548
2016.03.24,07:00,-0.008645452463235684,sell,112.634000,112.651000,112.633000,112.646000,112.7233686692343,112.6242780396048,0.10773608209273657
2016.03.24,08:00,-0.0126842915635801,stall,112.735000,112.738000,112.725000,112.725000,112.72361964319826,112.63173892556,0.10456500920184154
2016.03.24,09:00,-0.028842017109883156,stall,112.510000,112.520000,112.509000,112.516000,112.6916781596293,112.62316567181482,0.09735450492437075
2016.03.24,10:00,-0.0463860083381539,stall,112.450000,112.451000,112.371000,112.390000,112.64526613507095,112.60589414056928,0.08575800283983229
2016.03.24,11:00,-0.04347945883925537,stall,112.543000,112.586000,112.543000,112.582000,112.63553288352158,112.60412420423081,0.07488813813001845
2016.03.24,12:00,-0.03514720559029266,stall,112.638000,112.660000,112.638000,112.659000,112.63914320913365,112.6081890779915,0.06610133673244528
2016.03.24,13:00,-0.028110510376371467,stall,112.664000,112.669000,112.663000,112.668000,112.64358271542078,112.6126195166588,0.059073709138352415
2016.03.24,14:00,-0.019765580265987556,stall,112.722000,112.727000,112.714000,112.715000,112.65456998997142,112.62020325616555,0.05413231407185552
2016.03.24,15:00,-0.008248919593192593,stall,112.802000,112.809000,112.802000,112.805000,112.67771306843736,112.63389190385699,0.05207008417355737
2016.03.24,16:00,4.5883311101431457E-4,buy,112.829000,112.832000,112.825000,112.829000,112.70098798098546,112.64834435542313,0.052184792451310955
2016.03.24,17:00,0.009820291030782843,stall,112.891000,112.899000,112.872000,112.898000,112.73129752237232,112.66683736613253,0.05463986520900667
2016.03.24,18:00,0.009378068292066541,stall,112.819000,112.829000,112.805000,112.815000,112.74417482662273,112.67781237604864,0.05698438228202331
2016.03.24,19:00,0.0062390498237061,stall,112.783000,112.791000,112.783000,112.786000,112.75060946868076,112.68582627411911,0.05854414473794983
2016.03.24,20:00,0.006856930613015198,stall,112.837000,112.846000,112.834000,112.840000,112.7643618581145,112.69724655011028,0.060258377391203634
2016.03.24,21:00,0.031032826461196913,stall,113.222000,113.238000,113.222000,113.227000,112.83553695686611,112.73648754639841,0.06801658400650286
2016.03.24,22:00,0.04189675811617016,stall,113.187000,113.200000,113.180000,113.195000,112.89083896350209,112.77045143185038,0.0784907735355454
2016.03.24,23:00,0.03724261036528839,stall,113.053000,113.061000,113.053000,113.061000,112.91701758450176,112.79197354800961,0.0878014261268675
2016.03.25,00:00,0.033678675608819014,stall,113.100000,113.126000,113.084000,113.094000,112.94424564842457,112.81434587778668,0.09622109502907225
2016.03.25,01:00,0.03167394403697606,stall,113.138000,113.141000,113.128000,113.139000,112.97420785635926,112.83839433128396,0.10413958103831626
2016.03.25,02:00,0.02346799481928899,stall,113.077000,113.084000,113.069000,113.071000,112.98909895538091,112.85562438081848,0.11000657974313852
2016.03.25,03:00,0.010539388016596735,stall,112.982000,112.988000,112.972000,112.984000,112.98831450070692,112.86513368594304,0.11264142674728769
2016.03.25,04:00,0.006791607954813039,stall,113.067000,113.077000,113.057000,113.077000,113.00195842367509,112.88082748698429,0.11433932873599095
2016.03.25,05:00,-0.0012316486033543406,sell,112.966000,113.014000,112.965000,113.010000,113.00319558926354,112.89039582128174,0.11403141658515237
2016.03.25,06:00,-0.00717169031722982,stall,113.011000,113.011000,113.008000,113.011000,113.00439626783837,112.89932946414976,0.11223849400584492
2016.03.25,07:00,-0.012371728083696493,stall,112.999000,113.000000,112.998000,112.998000,113.00341222663248,112.90663839273125,0.10914556198492079
2016.03.25,08:00,-0.01399917626100955,stall,113.029000,113.029000,113.027000,113.029000,113.00734880715056,112.9157022154919,0.1056457679196684
2016.03.25,09:00,-0.011547097096183817,stall,113.080000,113.094000,113.080000,113.087000,113.01960283681971,112.92839094027028,0.10275899364562244
2016.03.25,10:00,-0.009958791617089055,stall,113.098000,113.098000,113.091000,113.093000,113.03089470807822,112.94058420395396,0.10026929574135017
2016.03.25,11:00,-0.008908628583510617,stall,113.103000,113.103000,113.100000,113.100000,113.04152629145081,112.95239278143885,0.09804213859547252
2016.03.25,12:00,-0.010719398413094536,stall,113.062000,113.068000,113.062000,113.068000,113.04559916968914,112.96095627911004,0.09536228899219888
2016.03.25,13:00,-0.008588035895951487,stall,113.125000,113.125000,113.124000,113.124000,113.05766083589081,112.97303359176856,0.09321528001821101
2016.03.25,14:00,-0.0071412247329909195,stall,113.130000,113.132000,113.130000,113.132000,113.06909763036916,112.98480888126718,0.09142997383496329
2016.03.25,15:00,-0.007076492326530626,stall,113.126000,113.126000,113.126000,113.126000,113.0778518410816,112.9952674826548,0.08966085075333063
2016.03.25,16:00,-0.008056737723061771,stall,113.118000,113.120000,113.117000,113.117000,113.08387463476136,113.00428470616185,0.0876466663225652
2016.03.27,17:00,-0.004708245829518426,stall,113.181000,113.185000,113.181000,113.185000,113.09943238325961,113.01767102422394,0.0864696048651856
2016.03.27,18:00,0.002209694923397648,buy,113.324000,113.324000,113.224000,113.269000,113.12551970891198,113.03628798539255,0.087022028596035
2016.03.27,19:00,0.012018293463407326,stall,113.369000,113.384000,113.343000,113.369000,113.16297821523321,113.06093331980792,0.09002660196188683
2016.03.27,20:00,0.02303330757394635,stall,113.463000,113.473000,113.453000,113.468000,113.20990464365887,113.09108640722955,0.09578492885537342
2016.03.27,21:00,0.030217861626993928,stall,113.500000,113.511000,113.498000,113.505000,113.25530392924982,113.1217466733607,0.1033393942621219
2016.03.27,22:00,0.03755548890932216,stall,113.573000,113.590000,113.573000,113.589000,113.30664178628831,113.15635803088954,0.11272826648945243
2016.03.27,23:00,0.04407208877659273,stall,113.665000,113.666000,113.665000,113.666000,113.36192766532088,113.19410928786068,0.12374628868360062
2016.03.28,00:00,0.041144275139906206,stall,113.611000,113.615000,113.608000,113.610000,113.40009263988689,113.22491600727841,0.13403235746857717
2016.03.28,01:00,0.030186790220983306,stall,113.518000,113.527000,113.507000,113.520000,113.41853992605814,113.24677408081334,0.141579055023823
2016.03.28,02:00,0.021339107604719437,stall,113.528000,113.536000,113.525000,113.534000,113.4363030143569,113.26805007482717,0.14691383192500287
2016.03.28,03:00,0.016398782768068776,stall,113.558000,113.591000,113.558000,113.582000,113.45871793522507,113.29130562483998,0.15101352761702008
2016.03.28,04:00,0.008321710530552945,stall,113.539000,113.541000,113.530000,113.539000,113.47106902211353,113.30965335633331,0.15309395524965833
2016.03.28,05:00,-0.0058480217281833835,sell,113.432000,113.433000,113.421000,113.425000,113.4639814802499,113.31819755216047,0.15163194981761247
2016.03.28,06:00,-0.013380100749668111,stall,113.468000,113.468000,113.463000,113.463000,113.46383048328838,113.32892365940785,0.14828692463019544
2016.03.28,07:00,-0.013135604139265122,stall,113.552000,113.552000,113.551000,113.551000,113.47724117816709,113.34537375871098,0.14500302359537914
2016.03.28,08:00,-0.017189522387286743,stall,113.505000,113.505000,113.495000,113.495000,113.47997330460292,113.35645718399165,0.14070564299855745
2016.03.28,09:00,-0.02911041372697365,stall,113.354000,113.358000,113.347000,113.354000,113.46059279620248,113.35627517036264,0.13342803956681404
2016.03.28,10:00,-0.03831478469212887,stall,113.266000,113.335000,113.266000,113.322000,113.43927082755594,113.35373626885429,0.12384934339378181
2016.03.28,11:00,-0.046905917093439414,stall,113.247000,113.265000,113.247000,113.264000,113.41230608485503,113.34708913782805,0.11212286412042197
2016.03.28,12:00,-0.048428918287049275,stall,113.294000,113.305000,113.287000,113.302000,113.39533591795426,113.34374920169265,0.10001563454865965
2016.03.28,13:00,-0.0432893689897965,stall,113.352000,113.372000,113.350000,113.372000,113.39174577673053,113.34584185341912,0.08919329230121052
2016.03.28,14:00,-0.040973110586827385,stall,113.331000,113.336000,113.329000,113.335000,113.38301565723353,113.34503875316585,0.07895001465450367
2016.03.28,15:00,-0.04185846091002751,stall,113.267000,113.276000,113.262000,113.276000,113.36655170996683,113.33992477144986,0.0684853994269968
2016.03.28,16:00,-0.03229189301409263,stall,113.397000,113.410000,113.384000,113.410000,113.37323606227962,113.34511552912024,0.06041242617347364
2016.03.28,17:00,-0.022537203541687402,stall,113.444000,113.453000,113.423000,113.451000,113.38519974500583,113.35295882325947,0.054778125288051795
2016.03.28,18:00,-0.019251088931513824,stall,113.388000,113.397000,113.388000,113.396000,113.38686132269724,113.35614705857358,0.04996535305517334
2016.03.28,19:00,-0.014914689726949239,stall,113.433000,113.433000,113.422000,113.423000,113.39242111920537,113.36109912830888,0.046236680623436034
2016.03.28,20:00,-0.014197650587401814,stall,113.368000,113.391000,113.326000,113.386000,113.39143325471223,113.36294363732304,0.04268726797658558
2016.03.28,21:00,-0.014095126017636392,stall,113.361000,113.391000,113.347000,113.375000,113.38890506167958,113.36383670122504,0.039163486472176476
2016.03.28,22:00,-8.854890735846208E-4,stall,113.570000,113.591000,113.562000,113.575000,113.41753505219042,113.37947842706022,0.03894211420378032
2016.03.28,23:00,0.006830175773118383,buy,113.570000,113.577000,113.563000,113.571000,113.44114504416112,113.39366521024094,0.04064965814705991
2016.03.29,00:00,0.00710850091835534,stall,113.525000,113.530000,113.509000,113.511000,113.45189196044402,113.40235667614901,0.04242678337664875
2016.03.29,01:00,0.013798727152680344,stall,113.637000,113.637000,113.619000,113.625000,113.47852396652955,113.41884877421205,0.04587646516481884
2016.03.29,02:00,0.014744449384640451,stall,113.570000,113.602000,113.559000,113.592000,113.4959818178327,113.43167479093708,0.04956257751097895
2016.03.29,03:00,0.018579665265886877,stall,113.624000,113.671000,113.609000,113.662000,113.52152307662767,113.44873591753434,0.05420749382745067
2016.03.29,04:00,0.020536410772249644,stall,113.690000,113.694000,113.677000,113.678000,113.54559644945418,113.46571844216142,0.05934159652051309
2016.03.29,05:00,0.022315102921332458,stall,113.722000,113.727000,113.706000,113.712000,113.571196995692,113.48396152051983,0.06492037225084621
2016.03.29,06:00,0.009798206020587785,stall,113.534000,113.534000,113.513000,113.526000,113.56424361173939,113.4870754819628,0.06736992375599316
2016.03.29,07:00,0.009121316946627628,stall,113.648000,113.659000,113.642000,113.656000,113.57835997916409,113.49958840922481,0.06965025299265007
2016.03.29,08:00,0.0020317766683732585,stall,113.566000,113.573000,113.562000,113.569000,113.57691998236962,113.5047300085415,0.07015819715974339
2016.03.29,09:00,-0.011964775419449958,sell,113.443000,113.444000,113.408000,113.431000,113.55447075431275,113.49926852642731,0.0671670033048809
2016.03.29,10:00,-0.020084501921377028,stall,113.415000,113.461000,113.413000,113.441000,113.53701371518771,113.49495233928455,0.06214587782453664
2016.03.29,11:00,-0.02500658683337839,stall,113.398000,113.436000,113.397000,113.436000,113.52147314362037,113.49058549933756,0.055894231116192045
2016.03.29,12:00,-0.031566128207959364,stall,113.343000,113.371000,113.333000,113.369000,113.49801573690954,113.4815791660533,0.0480026990642022
2016.03.29,13:00,-0.061710546955489866,stall,112.982000,112.982000,112.942000,112.942000,113.41247485430807,113.44161033893823,0.03257506232532973
2016.03.29,14:00,-0.0869200576675165,stall,112.773000,112.802000,112.773000,112.797000,113.31778641518375,113.39386142494281,0.010845047908450606
2016.03.29,15:00,-0.10107124698053292,stall,112.750000,112.757000,112.743000,112.753000,113.23089619746317,113.34639020828038,-0.014422763836682628
2016.03.29,16:00,-0.11146725228008582,stall,112.643000,112.650000,112.639000,112.644000,113.14060447477652,113.29436130396331,-0.04228957690670408
2016.03.29,17:00,-0.10843590492352738,stall,112.664000,112.753000,112.664000,112.696000,113.07220378634936,113.25003824441048,-0.06939855313758593
2016.03.29,18:00,-0.09830430253299703,stall,112.684000,112.726000,112.679000,112.726000,113.01894166537254,113.21122059667637,-0.09397462877083519
2016.03.29,19:00,-0.08453999910110674,stall,112.788000,112.792000,112.747000,112.748000,112.9772583322383,113.17690795988553,-0.11510962854611187
2016.03.29,20:00,-0.07796212573979033,stall,112.675000,112.676000,112.617000,112.630000,112.92383397343241,113.13639625915326,-0.13460015998105945
2016.03.29,21:00,-0.07229045689351982,stall,112.586000,112.592000,112.571000,112.571000,112.86955182367358,113.09451505477153,-0.15267277420443942
2016.03.29,22:00,-0.059916484157128524,stall,112.623000,112.629000,112.623000,112.628000,112.83239000464687,113.05995838404772,-0.16765189524372154
2016.03.29,23:00,-0.056553454597929376,stall,112.483000,112.492000,112.479000,112.486000,112.77909923470119,113.01744294819233,-0.18179025889320388
2016.03.30,00:00,-0.04886633523586656,stall,112.496000,112.501000,112.496000,112.501000,112.73631473705485,112.97918791499289,-0.19400684270217053
2016.03.30,01:00,-0.04335542718846069,stall,112.491000,112.491000,112.443000,112.444000,112.69134323904642,112.93954436573416,-0.20484569949928572
2016.03.30,02:00,-0.04686526801725824,stall,112.295000,112.296000,112.251000,112.270000,112.62652120227004,112.8899484867909,-0.21656201650360027
2016.03.30,03:00,-0.04093263439333558,stall,112.311000,112.350000,112.301000,112.328000,112.58059486345927,112.84832267295454,-0.22679517510193417
2016.03.30,04:00,-0.0494019095203212,stall,112.073000,112.092000,112.055000,112.071000,112.5021956536963,112.79074321569864,-0.23914565248201447
2016.03.30,05:00,-0.040814386172230405,stall,112.225000,112.226000,112.208000,112.214000,112.45785786081996,112.74802149601726,-0.24934924902507208
2016.03.30,06:00,-0.025147840761895468,stall,112.295000,112.306000,112.295000,112.306000,112.4344951130015,112.71527916297894,-0.255636209215546
2016.03.30,07:00,-0.00816950420980278,stall,112.325000,112.361000,112.324000,112.361000,112.42318817253974,112.68903626201754,-0.2576785852679967
2016.03.30,08:00,0.004802929954803858,buy,112.351000,112.374000,112.350000,112.354000,112.41254383830285,112.66421876112734,-0.25647785277929575
2016.03.30,09:00,0.029060168513033557,stall,112.591000,112.591000,112.565000,112.574000,112.43738324779473,112.65753588993273,-0.24921281065103734
2016.03.30,10:00,0.04290679636559919,stall,112.539000,112.553000,112.537000,112.541000,112.45332428659553,112.64890360178957,-0.23848611155963756
2016.03.30,11:00,0.04410773263748494,stall,112.427000,112.451000,112.402000,112.425000,112.44896670404238,112.63231814980516,-0.22745917840026633
2016.03.30,12:00,0.05483278411943476,stall,112.594000,112.597000,112.578000,112.585000,112.46989490342047,112.62881310167144,-0.21375098237040763
2016.03.30,13:00,0.057629910164491566,stall,112.537000,112.543000,112.535000,112.538000,112.48037261058654,112.62208620525134,-0.19934350482928473
2016.03.30,14:00,0.05824323380648894,stall,112.527000,112.539000,112.527000,112.539000,112.48939220895784,112.61593167152901,-0.18478269637766248
2016.03.30,15:00,0.05279183872845228,stall,112.467000,112.471000,112.463000,112.469000,112.48625494604124,112.60504784400834,-0.1715847366955494
2016.03.30,16:00,0.047023161827177695,stall,112.448000,112.451000,112.441000,112.451000,112.48083110818874,112.59363689260032,-0.159828946238755
2016.03.30,17:00,0.04093175878463812,stall,112.428000,112.428000,112.428000,112.428000,112.47270324539048,112.58136749314843,-0.14959600654259547
2016.03.30,18:00,0.0367148191548273,stall,112.442000,112.445000,112.433000,112.434000,112.46674889994578,112.57045138254485,-0.14041730175388864
2016.03.30,19:00,0.03483121794287444,stall,112.460000,112.462000,112.455000,112.456000,112.46509522303104,112.56197350235634,-0.13170949726817002
2016.03.30,20:00,0.026005530519735115,stall,112.381000,112.392000,112.336000,112.346000,112.44677288102626,112.54597546514476,-0.12520811463823625
2016.03.30,21:00,0.034993886565856364,stall,112.563000,112.600000,112.562000,112.577000,112.46680782240684,112.54827357883775,-0.11645964299677217
2016.03.30,22:00,0.02683611355995412,stall,112.365000,112.396000,112.363000,112.373000,112.45237584972887,112.5352903507757,-0.10975061460678363
2016.03.30,23:00,0.02431619166803957,stall,112.403000,112.420000,112.399000,112.420000,112.44739494977058,112.52675032479232,-0.10367156668977374
2016.03.31,00:00,0.020173594148074264,stall,112.404000,112.405000,112.382000,112.385000,112.43779572672895,112.51625030073363,-0.09862816815275519
2016.03.31,01:00,0.005612467513809144,stall,112.232000,112.232000,112.193000,112.200000,112.40121176877065,112.49282435253114,-0.09722505127430289
2016.03.31,02:00,0.0017366923066525208,stall,112.268000,112.273000,112.248000,112.273000,112.38148688126748,112.47654106715846,-0.09679087819763976
2016.03.31,03:00,0.007246393520940142,stall,112.410000,112.410000,112.380000,112.385000,112.38202736107249,112.46976024736895,-0.09497927981740473
2016.03.31,04:00,0.01392996708724148,stall,112.435000,112.435000,112.422000,112.428000,112.38910007475364,112.466666895712,-0.09149678804559436
2016.03.31,05:00,0.012862344614102031,stall,112.319000,112.344000,112.319000,112.344000,112.38216160171461,112.45758045899258,-0.08828120189206885
2016.03.31,06:00,0.017939711454740742,stall,112.450000,112.462000,112.431000,112.432000,112.38982904760468,112.45568561017832,-0.08379627402838366
2016.03.31,07:00,0.015393495189968687,stall,112.347000,112.352000,112.329000,112.345000,112.38293227105011,112.44748667609103,-0.07994790023089149
2016.03.31,08:00,0.011868781204191325,stall,112.303000,112.316000,112.298000,112.316000,112.37263499858086,112.43774692230652,-0.07698070492984366
2016.03.31,09:00,0.006548312841646364,stall,112.261000,112.272000,112.259000,112.266000,112.3562296141838,112.42502492806159,-0.07534362671943207
2016.03.31,10:00,0.0013235481962183826,stall,112.257000,112.257000,112.216000,112.231000,112.33696351969398,112.41065271116814,-0.07501273967037747
2016.03.31,11:00,0.008427363746483257,stall,112.391000,112.394000,112.341000,112.384000,112.34419990127952,112.4086784362668,-0.07290589873375666
2016.03.31,12:00,0.016166038401961486,stall,112.433000,112.434000,112.424000,112.432000,112.35770760877499,112.41040595950629,-0.06886438913326628
2016.03.31,13:00,0.02558318758382165,stall,112.499000,112.513000,112.493000,112.507000,112.38067566896345,112.41756107361694,-0.06246859223731087
2016.03.31,14:00,0.03250097010127474,stall,112.527000,112.535000,112.524000,112.535000,112.4044178737383,112.42626025334901,-0.05434334971199219
2016.03.31,15:00,0.034160779283769316,stall,112.521000,112.533000,112.512000,112.512000,112.42096897008625,112.43261134569353,-0.04580315489104986
2016.03.31,16:00,0.035295735913339364,stall,112.548000,112.550000,112.534000,112.535000,112.4385122054576,112.44019569045697,-0.036979220912715015
2016.03.31,17:00,0.03628087102622619,stall,112.557000,112.567000,112.557000,112.563000,112.45766417384874,112.44929230597867,-0.02790900315615847
2016.03.31,18:00,0.03359161321440447,stall,112.534000,112.538000,112.517000,112.537000,112.46986968556432,112.45578917220247,-0.019511099852557348
2016.03.31,19:00,0.03045062494597307,stall,112.534000,112.539000,112.533000,112.539000,112.48050511855442,112.46195293722451,-0.01189844361606408
2016.03.31,20:00,0.021761069679623376,stall,112.516000,112.532000,112.449000,112.457000,112.47688894646912,112.46158605298565,-0.006458176196158235
2016.03.31,21:00,0.005021925301056604,stall,112.281000,112.327000,112.269000,112.297000,112.4492137239354,112.44939449350524,-0.005202694870894084
2016.03.31,22:00,-0.016024133289347556,sell,112.162000,112.162000,112.129000,112.135000,112.40087315102227,112.42610601250485,-0.009208728193230972
2016.03.31,23:00,-0.023313651543331704,stall,112.206000,112.217000,112.206000,112.213000,112.37196958932654,112.41032038194894,-0.015037141079063898