timestamp,open,high,low,close,EMA12,EMA26,EMA9,histogram1,histogram2
'2016.03.02 09:00',0.99938,0.99946,0.99911,0.99939,0.998701,0.998541,0.000005,0.000154,0.000136
'2016.03.02 10:00',0.99893,0.99897,0.99859,0.99875,0.998708,0.998557,0.000035,0.000117,0.000071
'2016.03.02 11:00',1.00059,1.00064,1.00039,1.00063,0.999004,0.99871,0.000086,0.000207,0.000232
'2016.03.02 12:00',0.99811,0.99814,0.99788,0.99804,0.998856,0.998661,0.000108,0.000087,-0.000016
'2016.03.02 13:00',0.99708,0.99725,0.99708,0.99725,0.998609,0.998556,0.000097,-0.000045,-0.000149
'2016.03.02 14:00',0.99582,0.99605,0.99579,0.99605,0.998215,0.998371,0.000046,-0.000202,-0.000317
'2016.03.02 15:00',0.99636,0.99657,0.99636,0.99642,0.997939,0.998226,-0.00002,-0.000267,-0.000307
'2016.03.02 16:00',0.99658,0.99662,0.99656,0.99658,0.99773,0.998104,-0.000091,-0.000283,-0.000291
'2016.03.02 17:00',0.99626,0.99651,0.99618,0.99651,0.997542,0.997986,-0.000162,-0.000282,-0.000288
'2016.03.02 18:00',0.99638,0.99661,0.99637,0.99661,0.997399,0.997884,-0.000226,-0.000259,-0.000249
'2016.03.02 19:00',0.99661,0.99671,0.99656,0.99671,0.997293,0.997797,-0.000282,-0.000222,-0.000202
'2016.03.02 20:00',0.99641,0.99644,0.99641,0.99644,0.997162,0.997697,-0.000333,-0.000202,-0.000191
'2016.03.02 21:00',0.99629,0.99629,0.99624,0.99625,0.997021,0.997589,-0.00038,-0.000188,-0.000179
'2016.03.02 22:00',0.99655,0.99655,0.99651,0.99654,0.996947,0.997512,-0.000417,-0.000148,-0.000125
'2016.03.02 23:00',0.99726,0.99727,0.99721,0.99721,0.996988,0.997489,-0.000434,-0.000068,-0.000022
'2016.03.03 00:00',0.99765,0.99766,0.99759,0.99759,0.99708,0.997497,-0.00043,0.000014,0.000057
'2016.03.03 01:00',0.99778,0.99779,0.99776,0.99779,0.99719,0.997519,-0.00041,0.000081,0.000108
'2016.03.03 02:00',0.99738,0.99738,0.99707,0.99709,0.997174,0.997487,-0.000391,0.000078,0.000066
'2016.03.03 03:00',0.99784,0.99792,0.99749,0.99749,0.997223,0.997487,-0.000365,0.000101,0.000108
'2016.03.03 04:00',0.99627,0.9965,0.99608,0.99636,0.99709,0.997404,-0.000355,0.000041,-0.000017
'2016.03.03 05:00',0.99764,0.99777,0.99753,0.99777,0.997195,0.997431,-0.000331,0.000095,0.000106
'2016.03.03 06:00',0.99691,0.99696,0.99687,0.99692,0.997152,0.997393,-0.000313,0.000073,0.000041
'2016.03.03 07:00',0.99699,0.99701,0.99681,0.99686,0.997107,0.997353,-0.0003,0.000054,0.000028
'2016.03.03 08:00',0.99449,0.99449,0.994,0.9941,0.996645,0.997112,-0.000333,-0.000134,-0.000256
'2016.03.03 09:00',0.99314,0.99334,0.9925,0.99261,0.996024,0.996779,-0.000418,-0.000337,-0.000449
'2016.03.03 10:00',0.99192,0.99239,0.99123,0.99123,0.995286,0.996368,-0.00055,-0.000531,-0.000611
'2016.03.03 11:00',0.9931,0.9932,0.99265,0.99279,0.994902,0.996103,-0.00068,-0.00052,-0.000486
'2016.03.03 12:00',0.9922,0.9922,0.99187,0.99192,0.994444,0.995793,-0.000814,-0.000535,-0.000517
'2016.03.03 13:00',0.99134,0.9914,0.99112,0.99125,0.993952,0.995456,-0.000952,-0.000552,-0.000538
'2016.03.03 14:00',0.98942,0.98971,0.98942,0.98971,0.9933,0.995031,-0.001108,-0.000623,-0.000648
'2016.03.03 15:00',0.99125,0.99133,0.99113,0.99121,0.992978,0.994748,-0.00124,-0.000529,-0.00044
'2016.03.03 16:00',0.9908,0.99083,0.99067,0.99067,0.992623,0.994446,-0.001357,-0.000466,-0.000397
'2016.03.03 17:00',0.99179,0.99181,0.99158,0.99177,0.992492,0.994248,-0.001437,-0.000319,-0.000211
'2016.03.03 18:00',0.99172,0.99191,0.99157,0.99179,0.992384,0.994065,-0.001486,-0.000196,-0.000109
'2016.03.03 19:00',0.99249,0.99256,0.99247,0.99247,0.992397,0.993947,-0.001499,-0.000052,0.000046
'2016.03.03 20:00',0.9918,0.99182,0.99179,0.9918,0.992305,0.993788,-0.001495,0.000012,0.000052
'2016.03.03 21:00',0.99286,0.99287,0.9927,0.99271,0.992367,0.993708,-0.001465,0.000124,0.000191
'2016.03.03 22:00',0.9931,0.9931,0.993,0.993,0.992465,0.993656,-0.00141,0.000219,0.000268
'2016.03.03 23:00',0.99217,0.99225,0.99217,0.99224,0.99243,0.993551,-0.001352,0.000231,0.000221
'2016.03.04 00:00',0.9922,0.99229,0.99218,0.99226,0.992404,0.993455,-0.001292,0.000241,0.000227
'2016.03.04 01:00',0.99206,0.99206,0.99206,0.99206,0.992351,0.993352,-0.001234,0.000233,0.00021
'2016.03.04 02:00',0.99192,0.99192,0.99159,0.99161,0.992237,0.993223,-0.001184,0.000198,0.000166
'2016.03.04 03:00',0.99247,0.9928,0.99242,0.99249,0.992276,0.993169,-0.001126,0.000233,0.000243
'2016.03.04 04:00',0.99418,0.99421,0.99392,0.99397,0.992537,0.993228,-0.001039,0.000348,0.000401
'2016.03.04 05:00',0.9927,0.9927,0.99251,0.99255,0.992539,0.993178,-0.000959,0.00032,0.000279
'2016.03.04 06:00',0.99129,0.99129,0.9911,0.99117,0.992328,0.993029,-0.000907,0.000206,0.000114
'2016.03.04 07:00',0.99209,0.99209,0.99196,0.99207,0.992288,0.992958,-0.00086,0.00019,0.000159
'2016.03.04 08:00',0.99337,0.99353,0.99331,0.99352,0.992478,0.993,-0.000792,0.00027,0.000295
'2016.03.04 09:00',0.99254,0.99319,0.99132,0.99132,0.9923,0.992875,-0.000749,0.000173,0.000136
'2016.03.04 10:00',0.98933,0.98933,0.9888,0.98884,0.991767,0.992576,-0.000761,-0.000048,-0.000188
'2016.03.04 11:00',0.99335,0.9935,0.99308,0.99328,0.992,0.992628,-0.000734,0.000106,0.000193
'2016.03.04 12:00',0.99258,0.99267,0.99257,0.99258,0.992089,0.992625,-0.000695,0.000159,0.000179
'2016.03.04 13:00',0.99353,0.99376,0.99353,0.99366,0.992331,0.992702,-0.00063,0.000259,0.0003
'2016.03.04 14:00',0.99429,0.99443,0.99428,0.99441,0.992651,0.992828,-0.000539,0.000362,0.000396
'2016.03.04 15:00',0.99484,0.99485,0.99462,0.99478,0.992978,0.992973,-0.00043,0.000436,0.000446
'2016.03.04 16:00',0.99341,0.99347,0.99333,0.99333,0.993033,0.992999,-0.000338,0.000371,0.000299
'2016.03.06 17:00',0.9927,0.9927,0.9927,0.9927,0.992981,0.992977,-0.000269,0.000274,0.000182
'2016.03.06 18:00',0.99407,0.99413,0.99405,0.99409,0.993152,0.993059,-0.000197,0.000289,0.000271
'2016.03.06 19:00',0.9943,0.9944,0.99408,0.99409,0.993296,0.993136,-0.000125,0.000286,0.000261
'2016.03.06 20:00',0.99338,0.99361,0.99335,0.99337,0.993308,0.993153,-0.000069,0.000224,0.000162
'2016.03.06 21:00',0.99391,0.99396,0.99391,0.99391,0.9934,0.993209,-0.000017,0.000208,0.000174
'2016.03.06 22:00',0.99402,0.99402,0.994,0.994,0.993493,0.993268,0.000031,0.000194,0.00016
'2016.03.06 23:00',0.9946,0.99461,0.9945,0.9945,0.993648,0.993359,0.000083,0.000206,0.000191
'2016.03.07 00:00',0.99423,0.99424,0.99423,0.99424,0.993739,0.993424,0.000129,0.000185,0.000146
'2016.03.07 01:00',0.99385,0.99385,0.99383,0.99383,0.993753,0.993454,0.000163,0.000136,0.000081
'2016.03.07 02:00',0.99393,0.99401,0.99382,0.99401,0.993792,0.993496,0.00019,0.000107,0.000062
'2016.03.07 03:00',0.99663,0.99664,0.99631,0.99631,0.99418,0.993704,0.000247,0.000229,0.000288
'2016.03.07 04:00',0.99923,0.99936,0.99923,0.99935,0.994975,0.994122,0.000368,0.000485,0.000605
'2016.03.07 05:00',0.99953,0.99989,0.99951,0.99988,0.99573,0.994549,0.000531,0.00065,0.000693
'2016.03.07 06:00',0.9992,0.99928,0.9992,0.99922,0.996267,0.994895,0.000699,0.000673,0.00063
'2016.03.07 07:00',1.0001,1.00023,1.00009,1.00009,0.996855,0.99528,0.000874,0.000701,0.000661
'2016.03.07 08:00',1.00086,1.00108,1.00081,1.00084,0.997468,0.995691,0.001055,0.000722,0.000675
'2016.03.07 09:00',1.00008,1.0004,0.99996,1.0004,0.997919,0.99604,0.001219,0.000659,0.000543
'2016.03.07 10:00',0.9997,0.99977,0.99958,0.99974,0.998199,0.996314,0.001353,0.000532,0.000389
'2016.03.07 11:00',0.9985,0.99887,0.99848,0.99886,0.998301,0.996503,0.001442,0.000356,0.000183
'2016.03.07 12:00',0.99699,0.99699,0.99656,0.9966,0.998039,0.99651,0.001459,0.00007,-0.00014
'2016.03.07 13:00',0.99431,0.99445,0.99412,0.99415,0.997441,0.996335,0.001388,-0.000283,-0.000518
'2016.03.07 14:00',0.99622,0.99622,0.99617,0.99619,0.997248,0.996324,0.001296,-0.000372,-0.000433
'2016.03.07 15:00',0.99481,0.99535,0.99481,0.99526,0.996943,0.996246,0.001176,-0.000479,-0.000556
'2016.03.07 16:00',0.99557,0.99575,0.99557,0.99575,0.996759,0.996209,0.001051,-0.000501,-0.000513
'2016.03.07 17:00',0.99499,0.99504,0.9948,0.99504,0.996495,0.996122,0.000915,-0.000543,-0.000567
'2016.03.07 18:00',0.9955,0.9955,0.99546,0.99549,0.99634,0.996075,0.000785,-0.00052,-0.000496
'2016.03.07 19:00',0.99578,0.99578,0.99569,0.9957,0.996242,0.996048,0.000667,-0.000473,-0.000432
'2016.03.07 20:00',0.99486,0.99498,0.99485,0.99498,0.996047,0.995969,0.000549,-0.00047,-0.000463
'2016.03.07 21:00',0.99449,0.99449,0.99429,0.99429,0.995777,0.995844,0.000426,-0.000493,-0.000492
'2016.03.07 22:00',0.99391,0.99391,0.99366,0.99369,0.995456,0.995685,0.000295,-0.000524,-0.000525
'2016.03.07 23:00',0.99392,0.99393,0.99392,0.99392,0.99522,0.995554,0.000169,-0.000503,-0.000476
'2016.03.08 00:00',0.99437,0.99442,0.99432,0.99441,0.995095,0.995469,0.00006,-0.000435,-0.000381
'2016.03.08 01:00',0.99355,0.99355,0.99345,0.99353,0.994854,0.995326,-0.000046,-0.000425,-0.00041
'2016.03.08 02:00',0.99302,0.99302,0.99256,0.99256,0.994501,0.995121,-0.000161,-0.000459,-0.000456
'2016.03.08 03:00',0.99248,0.99248,0.99204,0.99206,0.994126,0.994894,-0.000282,-0.000486,-0.000478
'2016.03.08 04:00',0.99102,0.99109,0.99082,0.99082,0.993617,0.994592,-0.000421,-0.000554,-0.000571
'2016.03.08 05:00',0.9918,0.99186,0.99139,0.99153,0.993296,0.994365,-0.00055,-0.000519,-0.000471
'2016.03.08 06:00',0.99338,0.99378,0.99338,0.99367,0.993354,0.994314,-0.000632,-0.000328,-0.000198
'2016.03.08 07:00',0.99355,0.99377,0.99355,0.99362,0.993395,0.994262,-0.000679,-0.000188,-0.000093
'2016.03.08 08:00',0.99366,0.99374,0.9936,0.99362,0.993429,0.994215,-0.000701,-0.000085,-0.000018
'2016.03.08 09:00',0.99215,0.99222,0.99202,0.9922,0.99324,0.994066,-0.000726,-0.0001,-0.000116
'2016.03.08 10:00',0.99309,0.99321,0.99269,0.9927,0.993157,0.993964,-0.000742,-0.000065,-0.000035
'2016.03.08 11:00',0.99178,0.992,0.9917,0.99199,0.992978,0.993818,-0.000762,-0.000079,-0.000099
'2016.03.08 12:00',0.994,0.994,0.99357,0.99365,0.993081,0.993806,-0.000754,0.00003,0.000098
'2016.03.08 13:00',0.995,0.99525,0.995,0.99525,0.993415,0.993913,-0.000703,0.000205,0.000293
'2016.03.08 14:00',0.99683,0.99686,0.99641,0.99646,0.993883,0.994101,-0.000606,0.000388,0.000484
'2016.03.08 15:00',0.99639,0.99661,0.99636,0.99644,0.994277,0.994275,-0.000485,0.000486,0.000514
'2016.03.08 16:00',0.99597,0.99599,0.99576,0.99593,0.994531,0.994397,-0.000361,0.000495,0.000456
'2016.03.08 17:00',0.99498,0.99498,0.99465,0.99479,0.994571,0.994426,-0.00026,0.000404,0.00031
'2016.03.08 18:00',0.99563,0.99574,0.99553,0.99562,0.994732,0.994515,-0.000164,0.000382,0.000332
'2016.03.08 19:00',0.99639,0.99645,0.99639,0.9964,0.994989,0.994654,-0.000065,0.000399,0.000374
'2016.03.08 20:00',0.99674,0.99675,0.99671,0.99672,0.995255,0.994807,0.000038,0.00041,0.000379
'2016.03.08 21:00',0.99741,0.9975,0.99741,0.99742,0.995588,0.995001,0.000148,0.00044,0.00042
'2016.03.08 22:00',0.99772,0.99772,0.99767,0.99768,0.99591,0.995199,0.00026,0.00045,0.000416
'2016.03.08 23:00',0.99799,0.99801,0.99797,0.99799,0.99623,0.995406,0.000373,0.000451,0.000408
'2016.03.09 00:00',0.99795,0.99795,0.99794,0.99794,0.996493,0.995594,0.000478,0.000421,0.000359
'2016.03.09 01:00',0.99816,0.99832,0.99816,0.99832,0.996774,0.995796,0.000578,0.0004,0.00034
'2016.03.09 02:00',0.99803,0.99817,0.99803,0.99803,0.996967,0.995961,0.000664,0.000342,0.000268
'2016.03.09 03:00',0.997,0.9974,0.99699,0.99738,0.997031,0.996066,0.000724,0.000241,0.000129
'2016.03.09 04:00',0.99781,0.99803,0.99779,0.998,0.99718,0.99621,0.000773,0.000197,0.000131
'2016.03.09 05:00',0.99821,0.99871,0.9982,0.99863,0.997403,0.996389,0.000821,0.000193,0.000147
'2016.03.09 06:00',1.002,1.0022,1.002,1.00213,0.99813,0.996814,0.00092,0.000396,0.000482
'2016.03.09 07:00',1.00091,1.00137,1.0007,1.00107,0.998583,0.997129,0.001027,0.000426,0.000395
'2016.03.09 08:00',1.0003,1.00046,1.00006,1.00007,0.998811,0.997347,0.001114,0.00035,0.000264
'2016.03.09 09:00',1.00209,1.00222,1.00207,1.00209,0.999316,0.997699,0.001215,0.000402,0.000391
'2016.03.09 10:00',0.99995,1.00008,0.99956,1.00004,0.999427,0.997872,0.001283,0.000272,0.000133
'2016.03.09 11:00',0.9967,0.99681,0.9962,0.99651,0.998978,0.997771,0.001268,-0.000061,-0.000302
'2016.03.09 12:00',0.99585,0.99591,0.99576,0.99588,0.998502,0.997631,0.001188,-0.000318,-0.000495
'2016.03.09 13:00',0.99498,0.99526,0.99493,0.99525,0.998001,0.997455,0.00106,-0.000513,-0.000644
'2016.03.09 14:00',0.99612,0.99629,0.9961,0.99619,0.997723,0.997361,0.00092,-0.000559,-0.000578
'2016.03.09 15:00',0.99749,0.99792,0.99749,0.99791,0.997752,0.997402,0.000806,-0.000456,-0.000395
'2016.03.09 16:00',0.99709,0.99711,0.99707,0.9971,0.997651,0.997379,0.000699,-0.000427,-0.000404
'2016.03.09 17:00',0.9973,0.99734,0.99666,0.99719,0.99758,0.997365,0.000603,-0.000388,-0.000369
'2016.03.09 18:00',0.99726,0.9975,0.99726,0.99746,0.997562,0.997372,0.00052,-0.00033,-0.000297
'2016.03.09 19:00',0.99816,0.99818,0.9981,0.99813,0.997649,0.997428,0.00046,-0.000239,-0.000183
'2016.03.09 20:00',0.9982,0.99821,0.9982,0.9982,0.997734,0.997486,0.000418,-0.000169,-0.000131
'2016.03.09 21:00',0.99773,0.99774,0.9977,0.9977,0.997729,0.997501,0.00038,-0.000152,-0.000149
'2016.03.09 22:00',0.99729,0.99733,0.99725,0.9973,0.997663,0.997487,0.000339,-0.000163,-0.000178
'2016.03.09 23:00',0.99758,0.99766,0.99758,0.99765,0.997661,0.997499,0.000304,-0.000141,-0.000138
'2016.03.10 00:00',0.99715,0.99718,0.99715,0.99718,0.997587,0.997475,0.000265,-0.000153,-0.00017
'2016.03.10 01:00',0.99756,0.99764,0.99734,0.99761,0.99759,0.997485,0.000233,-0.000128,-0.000127
'2016.03.10 02:00',0.99716,0.99746,0.99681,0.99683,0.997473,0.997437,0.000194,-0.000157,-0.000169
'2016.03.10 03:00',0.99733,0.99754,0.99733,0.99751,0.997479,0.997442,0.000163,-0.000126,-0.000118
'2016.03.10 04:00',0.9969,0.99701,0.99681,0.99698,0.997402,0.997408,0.000129,-0.000134,-0.000152
'2016.03.10 05:00',0.99692,0.997,0.99676,0.99691,0.997327,0.997371,0.000094,-0.000139,-0.000151
'2016.03.10 06:00',0.99759,0.99788,0.99752,0.99778,0.997396,0.997401,0.000075,-0.000079,-0.000056
'2016.03.10 07:00',0.99802,0.99808,0.99802,0.99803,0.997494,0.997448,0.000069,-0.000023,0.000001
'2016.03.10 08:00',1.00711,1.00837,1.007,1.0081,0.999126,0.998237,0.000233,0.000656,0.001022
'2016.03.10 09:00',1.00064,1.00068,0.99949,1.00065,0.99936,0.998416,0.000375,0.000569,0.000429
'2016.03.10 10:00',0.99435,0.99457,0.99297,0.99375,0.998497,0.99807,0.000386,0.000041,-0.000329
'2016.03.10 11:00',0.9881,0.98843,0.98782,0.98836,0.996937,0.997351,0.000226,-0.000639,-0.00108
'2016.03.10 12:00',0.98596,0.98596,0.98563,0.98569,0.995207,0.996487,-0.000075,-0.001205,-0.001517
'2016.03.10 13:00',0.98316,0.98318,0.98302,0.98309,0.993343,0.995495,-0.000491,-0.001661,-0.001876
'2016.03.10 14:00',0.98224,0.9824,0.98171,0.98237,0.991655,0.994522,-0.000966,-0.001902,-0.001974
'2016.03.10 15:00',0.98241,0.98273,0.98237,0.98263,0.990266,0.993641,-0.001448,-0.001927,-0.00184
'2016.03.10 16:00',0.98478,0.98493,0.98476,0.98493,0.989445,0.992996,-0.001868,-0.001682,-0.001427
'2016.03.10 17:00',0.98493,0.98494,0.98468,0.98489,0.988745,0.992396,-0.002225,-0.001426,-0.001175
'2016.03.10 18:00',0.98454,0.98454,0.98396,0.98406,0.988024,0.991778,-0.002531,-0.001224,-0.001004
'2016.03.10 19:00',0.98458,0.98458,0.98403,0.98427,0.987446,0.991222,-0.00278,-0.000996,-0.000779
'2016.03.10 20:00',0.98392,0.98392,0.98351,0.98352,0.986842,0.990652,-0.002986,-0.000824,-0.000642
'2016.03.10 21:00',0.98412,0.98436,0.98401,0.98427,0.986447,0.990179,-0.003135,-0.000597,-0.000407
'2016.03.10 22:00',0.98471,0.98471,0.9847,0.98471,0.986179,0.989774,-0.003227,-0.000367,-0.000182
'2016.03.10 23:00',0.98544,0.98544,0.9854,0.9854,0.986059,0.98945,-0.00326,-0.000131,0.000047
'2016.03.11 00:00',0.98528,0.98528,0.98515,0.98517,0.985923,0.989133,-0.00325,0.00004,0.000164
'2016.03.11 01:00',0.98465,0.98465,0.98447,0.98447,0.985699,0.988787,-0.003217,0.000129,0.000198
'2016.03.11 02:00',0.98623,0.98623,0.9849,0.9849,0.985576,0.988499,-0.003159,0.000235,0.000335
'2016.03.11 03:00',0.98597,0.98615,0.98507,0.9854,0.985549,0.98827,-0.003071,0.00035,0.000426
'2016.03.11 04:00',0.98773,0.98809,0.9877,0.9877,0.98588,0.988228,-0.002926,0.000579,0.000715
'2016.03.11 05:00',0.9871,0.98722,0.98695,0.98695,0.986045,0.988133,-0.002759,0.00067,0.000707
'2016.03.11 06:00',0.98803,0.98822,0.98803,0.9882,0.986376,0.988138,-0.002559,0.000798,0.000838
'2016.03.11 07:00',0.98644,0.98651,0.9864,0.98644,0.986386,0.988012,-0.002373,0.000747,0.000676
'2016.03.11 08:00',0.98658,0.9866,0.98608,0.98609,0.98634,0.98787,-0.002204,0.000675,0.000605
'2016.03.11 09:00',0.98522,0.98563,0.98514,0.98539,0.986194,0.987686,-0.002062,0.00057,0.00047
'2016.03.11 10:00',0.98351,0.98394,0.98327,0.9833,0.985749,0.987361,-0.001972,0.000359,0.000218
'2016.03.11 11:00',0.98366,0.98406,0.98363,0.98382,0.985452,0.987099,-0.001907,0.00026,0.000183
'2016.03.11 12:00',0.98145,0.98154,0.98143,0.98154,0.98485,0.986687,-0.001893,0.000056,-0.000081
'2016.03.11 13:00',0.98161,0.98164,0.98154,0.98157,0.984346,0.986308,-0.001907,-0.000056,-0.000121
'2016.03.11 14:00',0.98072,0.98128,0.98072,0.98127,0.983872,0.985935,-0.001938,-0.000125,-0.000174
'2016.03.11 15:00',0.98158,0.98162,0.98148,0.98158,0.98352,0.985612,-0.001969,-0.000124,-0.000113
'2016.03.11 16:00',0.98267,0.98267,0.98255,0.98266,0.983388,0.985394,-0.001976,-0.00003,0.000036
'2016.03.13 17:00',0.98329,0.9833,0.98308,0.98325,0.983366,0.985235,-0.001955,0.000086,0.000159
'2016.03.13 18:00',0.98289,0.98323,0.98288,0.98308,0.983322,0.985075,-0.001914,0.000161,0.000203
'2016.03.13 19:00',0.98219,0.98233,0.98201,0.98201,0.98312,0.984848,-0.001877,0.000149,0.000144
'2016.03.13 20:00',0.98287,0.98305,0.98287,0.98291,0.983088,0.984705,-0.001825,0.000208,0.000241
'2016.03.13 21:00',0.9828,0.98286,0.98279,0.9828,0.983044,0.984564,-0.001764,0.000244,0.000258
'2016.03.13 22:00',0.98328,0.98328,0.98311,0.98313,0.983057,0.984457,-0.001691,0.000291,0.00031
'2016.03.13 23:00',0.98364,0.98364,0.9835,0.98353,0.98313,0.984389,-0.001605,0.000346,0.000366
'2016.03.14 00:00',0.98344,0.98344,0.98344,0.98344,0.983177,0.984318,-0.001512,0.000371,0.000367
'2016.03.14 01:00',0.98332,0.98348,0.98332,0.98343,0.983216,0.984253,-0.001417,0.000381,0.000363
'2016.03.14 02:00',0.98403,0.98403,0.98371,0.98379,0.983305,0.984218,-0.001316,0.000402,0.000397
'2016.03.14 03:00',0.98424,0.98429,0.98415,0.98427,0.983453,0.984222,-0.001207,0.000438,0.000432
'2016.03.14 04:00',0.98493,0.9855,0.98493,0.9855,0.983768,0.984317,-0.001075,0.000526,0.000536
'2016.03.14 05:00',0.98721,0.98727,0.98717,0.98718,0.984293,0.984529,-0.000907,0.000671,0.000726
'2016.03.14 06:00',0.9872,0.98729,0.98701,0.98729,0.984754,0.984733,-0.000722,0.000742,0.000733
'2016.03.14 07:00',0.98725,0.98742,0.98725,0.98727,0.985141,0.984921,-0.000533,0.000753,0.000713
'2016.03.14 08:00',0.98755,0.98755,0.98736,0.98745,0.985496,0.985109,-0.000349,0.000737,0.000675
'2016.03.14 09:00',0.98565,0.98585,0.98558,0.9857,0.985528,0.985152,-0.000204,0.00058,0.000433
'2016.03.14 10:00',0.98725,0.98743,0.98718,0.9872,0.985785,0.985304,-0.000067,0.000548,0.00049
'2016.03.14 11:00',0.98679,0.98703,0.9866,0.98701,0.985973,0.98543,0.000055,0.000488,0.000398
'2016.03.14 12:00',0.98595,0.9863,0.98566,0.98567,0.985927,0.985448,0.00014,0.000339,0.000224
'2016.03.14 13:00',0.98638,0.9865,0.98622,0.98626,0.985978,0.985508,0.000206,0.000264,0.000192
'2016.03.14 14:00',0.98736,0.98757,0.9873,0.98737,0.986192,0.985646,0.000274,0.000272,0.000252
'2016.03.14 15:00',0.98761,0.98761,0.98724,0.9874,0.986378,0.985776,0.000339,0.000263,0.000228
'2016.03.14 16:00',0.98756,0.98757,0.98743,0.98757,0.986561,0.985909,0.000402,0.00025,0.00021
'2016.03.14 17:00',0.98714,0.98714,0.98674,0.98707,0.98664,0.985995,0.00045,0.000194,0.000124
'2016.03.14 18:00',0.98719,0.98747,0.9871,0.98723,0.98673,0.986086,0.000489,0.000155,0.000107
'2016.03.14 19:00',0.98729,0.9873,0.98729,0.9873,0.986818,0.986176,0.00052,0.000122,0.000078
'2016.03.14 20:00',0.98709,0.98709,0.98704,0.98707,0.986857,0.986243,0.000539,0.000076,0.000026
'2016.03.14 21:00',0.9869,0.98693,0.98684,0.9869,0.986863,0.986291,0.000545,0.000027,-0.000023
'2016.03.14 22:00',0.9864,0.9864,0.98615,0.98618,0.986758,0.986283,0.000531,-0.000056,-0.000118
'2016.03.14 23:00',0.98638,0.98648,0.98631,0.98636,0.986697,0.986289,0.000507,-0.000098,-0.000134
'2016.03.15 00:00',0.98619,0.98626,0.98613,0.9862,0.986621,0.986282,0.000473,-0.000135,-0.000166
'2016.03.15 01:00',0.98655,0.98658,0.98655,0.98658,0.986614,0.986304,0.00044,-0.00013,-0.000135
'2016.03.15 02:00',0.98713,0.98713,0.98701,0.98704,0.98668,0.986359,0.000417,-0.000095,-0.00008
'2016.03.15 03:00',0.98719,0.98738,0.98691,0.98737,0.986786,0.986434,0.000404,-0.000051,-0.000046
'2016.03.15 04:00',0.98613,0.98615,0.98558,0.98561,0.986605,0.986373,0.000369,-0.000137,-0.000187
'2016.03.15 05:00',0.98657,0.9866,0.98641,0.9866,0.986604,0.986389,0.000339,-0.000124,-0.000126
'2016.03.15 06:00',0.98883,0.98888,0.98852,0.98881,0.986944,0.986569,0.000346,0.000029,0.000108
'2016.03.15 07:00',0.98859,0.98862,0.98851,0.98857,0.987194,0.986717,0.000372,0.000105,0.000134
'2016.03.15 08:00',0.9873,0.98768,0.98725,0.98762,0.987259,0.986784,0.000393,0.000083,0.00004
'2016.03.15 09:00',0.98592,0.98592,0.98561,0.98569,0.987018,0.986703,0.000377,-0.000062,-0.000164
'2016.03.15 10:00',0.98612,0.98645,0.98585,0.9862,0.986892,0.986666,0.000347,-0.000121,-0.00017
'2016.03.15 11:00',0.9871,0.98715,0.98706,0.98709,0.986923,0.986697,0.000323,-0.000097,-0.000089
'2016.03.15 12:00',0.98523,0.9856,0.98514,0.98536,0.986682,0.986598,0.000275,-0.000191,-0.000255
'2016.03.15 13:00',0.98686,0.98686,0.98677,0.98677,0.986696,0.986611,0.000237,-0.000152,-0.000128
'2016.03.15 14:00',0.9861,0.98627,0.9861,0.9862,0.986619,0.98658,0.000197,-0.000158,-0.000167
'2016.03.15 15:00',0.987,0.9872,0.98696,0.9872,0.986709,0.986626,0.000174,-0.000092,-0.000062
'2016.03.15 16:00',0.98691,0.98694,0.98675,0.9868,0.986723,0.986639,0.000156,-0.000073,-0.000066
'2016.03.15 17:00',0.98708,0.98713,0.98691,0.98713,0.986785,0.986675,0.000147,-0.000037,-0.00003
'2016.03.15 18:00',0.98699,0.98699,0.98691,0.98696,0.986812,0.986697,0.000141,-0.000025,-0.000028
'2016.03.15 19:00',0.98679,0.98685,0.98675,0.98678,0.986807,0.986703,0.000134,-0.000029,-0.000041
'2016.03.15 20:00',0.98719,0.98721,0.98718,0.98719,0.986866,0.986739,0.000132,-0.000005,-0.000001
'2016.03.15 21:00',0.98713,0.98714,0.98711,0.98711,0.986904,0.986766,0.000133,0.000004,-0.000001
'2016.03.15 22:00',0.98741,0.98741,0.98734,0.98734,0.986971,0.986809,0.000139,0.000023,0.000024
'2016.03.15 23:00',0.98766,0.98769,0.98764,0.98769,0.987081,0.986874,0.000153,0.000055,0.000059
'2016.03.16 00:00',0.9875,0.9875,0.98748,0.9875,0.987146,0.98692,0.000167,0.000058,0.000044
'2016.03.16 01:00',0.98777,0.98777,0.98762,0.98762,0.987219,0.986972,0.000183,0.000063,0.000054
'2016.03.16 02:00',0.98764,0.98765,0.98761,0.98761,0.987279,0.98702,0.000198,0.000061,0.000044
'2016.03.16 03:00',0.98789,0.988,0.98772,0.98772,0.987347,0.987071,0.000214,0.000062,0.000052
'2016.03.16 04:00',0.98883,0.98906,0.98882,0.98905,0.987609,0.987218,0.000249,0.000142,0.000167
'2016.03.16 05:00',0.98893,0.98902,0.98887,0.98894,0.987814,0.987346,0.000293,0.000175,0.000173
'2016.03.16 06:00',0.98853,0.98853,0.98833,0.98848,0.987916,0.98743,0.000332,0.000155,0.000116
'2016.03.16 07:00',0.98866,0.98873,0.98866,0.98868,0.988034,0.987522,0.000368,0.000144,0.000115
'2016.03.16 08:00',0.98812,0.98813,0.98801,0.98808,0.988041,0.987563,0.00039,0.000088,0.000031
'2016.03.16 09:00',0.98954,0.98954,0.98925,0.98927,0.98823,0.98769,0.00042,0.00012,0.000126
'2016.03.16 10:00',0.99003,0.99006,0.98986,0.98997,0.988498,0.987859,0.000464,0.000175,0.000185
'2016.03.16 11:00',0.99095,0.991,0.99083,0.99093,0.988872,0.988086,0.000528,0.000258,0.00028
'2016.03.16 12:00',0.98794,0.9882,0.98787,0.98812,0.988756,0.988089,0.000556,0.000112,-0.000012
'2016.03.16 13:00',0.98855,0.98886,0.9885,0.98873,0.988752,0.988136,0.000568,0.000048,-0.000016
'2016.03.16 14:00',0.98719,0.98719,0.98374,0.98399,0.98802,0.987829,0.000492,-0.000302,-0.000461
'2016.03.16 15:00',0.97921,0.97999,0.97892,0.9799,0.98677,0.987242,0.0003,-0.000771,-0.001074
'2016.03.16 16:00',0.97615,0.97622,0.97615,0.9762,0.985144,0.986424,-0.000016,-0.001263,-0.001526
'2016.03.16 17:00',0.97671,0.97687,0.97629,0.97687,0.983871,0.985716,-0.000382,-0.001463,-0.001534
'2016.03.16 18:00',0.97805,0.97805,0.97786,0.97799,0.982966,0.985144,-0.000741,-0.001436,-0.001342
'2016.03.16 19:00',0.97816,0.97821,0.97816,0.97821,0.982235,0.98463,-0.001072,-0.001324,-0.001176
'2016.03.16 20:00',0.97806,0.97826,0.97806,0.97826,0.981623,0.984158,-0.001365,-0.001171,-0.001007
'2016.03.16 21:00',0.97791,0.97791,0.97759,0.97766,0.981013,0.983677,-0.001624,-0.001039,-0.000885
'2016.03.16 22:00',0.97782,0.97782,0.97778,0.97778,0.980516,0.98324,-0.001844,-0.00088,-0.000718
'2016.03.16 23:00',0.97755,0.97767,0.97755,0.97766,0.980077,0.982827,-0.002026,-0.000725,-0.000577
'2016.03.17 00:00',0.97751,0.97761,0.97751,0.97753,0.979685,0.982435,-0.00217,-0.000579,-0.000441
'2016.03.17 01:00',0.9778,0.97782,0.97761,0.97761,0.979366,0.982077,-0.002279,-0.000433,-0.000298
'2016.03.17 02:00',0.97754,0.97757,0.97736,0.97736,0.979057,0.981728,-0.002357,-0.000314,-0.000203
'2016.03.17 03:00',0.97728,0.97732,0.97719,0.97719,0.97877,0.981392,-0.00241,-0.000212,-0.00012
'2016.03.17 04:00',0.97539,0.97565,0.97527,0.9756,0.978282,0.980963,-0.002464,-0.000216,-0.000205
'2016.03.17 05:00',0.97289,0.97289,0.97267,0.97277,0.977434,0.980356,-0.002556,-0.000366,-0.000432
'2016.03.17 06:00',0.97192,0.97194,0.97096,0.97106,0.976453,0.979667,-0.002687,-0.000526,-0.000571
'2016.03.17 07:00',0.9697,0.96974,0.96942,0.96945,0.975376,0.97891,-0.002857,-0.000678,-0.000718
'2016.03.17 08:00',0.96821,0.9683,0.968,0.96802,0.974244,0.978104,-0.003057,-0.000802,-0.000816
'2016.03.17 09:00',0.9687,0.96875,0.9686,0.9686,0.973376,0.9774,-0.00325,-0.000773,-0.000688
'2016.03.17 10:00',0.96708,0.96714,0.96604,0.96636,0.972297,0.976582,-0.003457,-0.000828,-0.000787
'2016.03.17 11:00',0.9654,0.9655,0.96531,0.9655,0.971251,0.975761,-0.003668,-0.000842,-0.000787
'2016.03.17 12:00',0.96794,0.96798,0.96762,0.96764,0.970695,0.975159,-0.003827,-0.000637,-0.000434
'2016.03.17 13:00',0.96573,0.96601,0.96565,0.966,0.969973,0.974481,-0.003963,-0.000545,-0.000438
'2016.03.17 14:00',0.96669,0.96676,0.96666,0.96674,0.969476,0.973908,-0.004057,-0.000375,-0.000218
'2016.03.17 15:00',0.96676,0.96702,0.96671,0.96693,0.969084,0.973391,-0.004107,-0.0002,-0.000052
'2016.03.17 16:00',0.96729,0.96741,0.96714,0.96716,0.968788,0.972929,-0.004114,-0.000027,0.000119
'2016.03.17 17:00',0.96758,0.96761,0.96736,0.96755,0.968598,0.972531,-0.004078,0.000145,0.000271
'2016.03.17 18:00',0.96713,0.96713,0.96645,0.96655,0.968283,0.972088,-0.004023,0.000218,0.00029
'2016.03.17 19:00',0.96727,0.96727,0.96716,0.96717,0.968111,0.971723,-0.003941,0.000329,0.000409
'2016.03.17 20:00',0.96714,0.96719,0.96695,0.96697,0.967936,0.971371,-0.00384,0.000404,0.000459
'2016.03.17 21:00',0.96642,0.96642,0.96617,0.96628,0.967681,0.970994,-0.003735,0.000421,0.000431
'2016.03.17 22:00',0.96591,0.96599,0.96586,0.9659,0.967407,0.970617,-0.00363,0.00042,0.000418
'2016.03.17 23:00',0.96644,0.96652,0.96644,0.96647,0.967263,0.97031,-0.003513,0.000466,0.000492
'2016.03.18 00:00',0.96668,0.96668,0.96653,0.96653,0.96715,0.97003,-0.003386,0.000507,0.000528
'2016.03.18 01:00',0.96707,0.96721,0.96706,0.96721,0.967159,0.969821,-0.003241,0.00058,0.00061
'2016.03.18 02:00',0.96707,0.96707,0.96695,0.96701,0.967136,0.969613,-0.003088,0.000612,0.000616
'2016.03.18 03:00',0.96721,0.96731,0.96672,0.96673,0.967074,0.969399,-0.002936,0.00061,0.000605
'2016.03.18 04:00',0.96822,0.96853,0.96815,0.96836,0.967272,0.969322,-0.002759,0.000708,0.000745
'2016.03.18 05:00',0.97045,0.97056,0.97035,0.97054,0.967775,0.969412,-0.002534,0.000897,0.000978
'2016.03.18 06:00',0.97029,0.97047,0.97017,0.97021,0.968149,0.969471,-0.002292,0.00097,0.000978
'2016.03.18 07:00',0.96952,0.9696,0.96919,0.96924,0.968317,0.969454,-0.002061,0.000924,0.000857
'2016.03.18 08:00',0.96794,0.96805,0.96782,0.96804,0.968274,0.96935,-0.001864,0.000789,0.000657
'2016.03.18 09:00',0.96779,0.96779,0.96767,0.96777,0.968197,0.969233,-0.001698,0.000663,0.000547
'2016.03.18 10:00',0.96696,0.96773,0.96649,0.96746,0.968083,0.969101,-0.001562,0.000544,0.000421
'2016.03.18 11:00',0.96786,0.96817,0.96782,0.9681,0.968086,0.969027,-0.001438,0.000497,0.000437
'2016.03.18 12:00',0.96812,0.96855,0.96812,0.96849,0.968148,0.968987,-0.001318,0.000479,0.000436
'2016.03.18 13:00',0.96837,0.96864,0.96829,0.96864,0.968224,0.968962,-0.001202,0.000464,0.000422
'2016.03.18 14:00',0.96801,0.96825,0.96801,0.96817,0.968216,0.968903,-0.001099,0.000412,0.000354
'2016.03.18 15:00',0.96956,0.96963,0.96948,0.96963,0.968433,0.968957,-0.000984,0.00046,0.000464
'2016.03.18 16:00',0.96957,0.96968,0.96955,0.96966,0.968622,0.969009,-0.000865,0.000478,0.00046
'2016.03.20 17:00',0.9687,0.96904,0.9687,0.96904,0.968686,0.969011,-0.000757,0.000432,0.000368
'2016.03.20 18:00',0.96965,0.96969,0.96943,0.96949,0.96881,0.969047,-0.000653,0.000416,0.000385
'2016.03.20 20:00',0.96982,0.96986,0.96971,0.96982,0.968965,0.969104,-0.00055,0.000411,0.000382
'2016.03.20 21:00',0.96925,0.9693,0.96913,0.96924,0.969008,0.969114,-0.000461,0.000355,0.000294
'2016.03.20 22:00',0.96926,0.96932,0.96925,0.96931,0.969054,0.969129,-0.000384,0.000309,0.000258
'2016.03.20 23:00',0.96898,0.96899,0.96896,0.96897,0.969041,0.969117,-0.000322,0.000247,0.000189
'2016.03.21 00:00',0.96952,0.96953,0.96951,0.96952,0.969115,0.969147,-0.000264,0.000232,0.000207
'2016.03.21 01:00',0.96971,0.96971,0.9697,0.96971,0.969206,0.969188,-0.000208,0.000226,0.000205
'2016.03.21 02:00',0.96996,0.96996,0.96983,0.96986,0.969307,0.969238,-0.000152,0.000221,0.000203
'2016.03.21 03:00',0.97014,0.97018,0.97007,0.97015,0.969437,0.969306,-0.000096,0.000227,0.000212
'2016.03.21 04:00',0.97115,0.97115,0.97072,0.97092,0.969665,0.969425,-0.000029,0.000268,0.000275
'2016.03.21 05:00',0.97184,0.97212,0.97175,0.97192,0.970012,0.96961,0.000057,0.000344,0.000369
'2016.03.21 06:00',0.97029,0.97045,0.97027,0.97034,0.970062,0.969664,0.000126,0.000273,0.000204
'2016.03.21 07:00',0.96878,0.96893,0.96874,0.9689,0.969883,0.969608,0.000156,0.00012,0.000003
'2016.03.21 08:00',0.96908,0.96917,0.96899,0.96905,0.969755,0.969566,0.000162,0.000027,-0.000041
'2016.03.21 09:00',0.96911,0.96923,0.96901,0.96912,0.969658,0.969533,0.000155,-0.00003,-0.000073
'2016.03.21 10:00',0.96914,0.96914,0.96872,0.96905,0.969564,0.969497,0.000137,-0.00007,-0.000105
'2016.03.21 11:00',0.96923,0.96927,0.96907,0.96915,0.9695,0.969472,0.000115,-0.000087,-0.000097
'2016.03.21 12:00',0.96783,0.9683,0.96775,0.96825,0.969308,0.969381,0.000078,-0.000151,-0.000202
'2016.03.21 13:00',0.96969,0.96982,0.96968,0.96969,0.969367,0.969404,0.000055,-0.000092,-0.00005
'2016.03.21 14:00',0.96923,0.96925,0.96916,0.96923,0.969346,0.969391,0.000035,-0.00008,-0.000074
'2016.03.21 15:00',0.96947,0.9695,0.96935,0.96935,0.969346,0.969388,0.000019,-0.000061,-0.000046
'2016.03.21 16:00',0.96967,0.96969,0.96966,0.96969,0.969399,0.96941,0.000013,-0.000024,-0.000004
'2016.03.21 17:00',0.96981,0.96985,0.9696,0.96977,0.969456,0.969437,0.000014,0.000005,0.000016
'2016.03.21 18:00',0.97052,0.97056,0.97045,0.97047,0.969612,0.969514,0.000031,0.000067,0.000101
'2016.03.21 19:00',0.97063,0.97064,0.97063,0.97064,0.96977,0.969597,0.00006,0.000114,0.000132
'2016.03.21 20:00',0.97072,0.97079,0.97072,0.97075,0.969921,0.969682,0.000095,0.000143,0.000149
'2016.03.21 21:00',0.96995,0.96995,0.96965,0.96966,0.969881,0.969681,0.000116,0.000084,0.000041
'2016.03.21 22:00',0.97007,0.97023,0.97007,0.97017,0.969925,0.969717,0.000135,0.000074,0.000055
'2016.03.21 23:00',0.96943,0.96951,0.96943,0.9695,0.96986,0.969701,0.00014,0.000019,-0.000025
'2016.03.22 00:00',0.96892,0.96897,0.96888,0.96896,0.969721,0.969646,0.000127,-0.000051,-0.000103
'2016.03.22 01:00',0.96938,0.96954,0.96938,0.96953,0.969692,0.969637,0.000112,-0.000058,-0.000068
'2016.03.22 02:00',0.96922,0.96932,0.96918,0.96932,0.969635,0.969614,0.000094,-0.000073,-0.000088
'2016.03.22 03:00',0.96972,0.9699,0.96965,0.96988,0.969673,0.969634,0.000083,-0.000044,-0.000034
'2016.03.22 04:00',0.97013,0.97036,0.96974,0.97008,0.969735,0.969667,0.00008,-0.000012,0.000002
'2016.03.22 05:00',0.97168,0.9718,0.97141,0.97158,0.970019,0.969808,0.000106,0.000104,0.00017
'2016.03.22 06:00',0.97177,0.97203,0.9716,0.9716,0.970262,0.969941,0.000149,0.000172,0.00021
'2016.03.22 07:00',0.97093,0.971,0.97085,0.97091,0.970362,0.970013,0.000189,0.00016,0.000137
'2016.03.22 08:00',0.97021,0.9703,0.97021,0.97024,0.970343,0.97003,0.000214,0.000099,0.000048
'2016.03.22 09:00',0.97035,0.97054,0.97032,0.97042,0.970355,0.970059,0.00023,0.000066,0.000033
'2016.03.22 10:00',0.97073,0.97073,0.97022,0.97022,0.970334,0.970071,0.000237,0.000027,0.000005
'2016.03.22 11:00',0.97022,0.97047,0.97021,0.97042,0.970347,0.970096,0.00024,0.000011,-0.000011
'2016.03.22 12:00',0.97045,0.97087,0.97044,0.97073,0.970406,0.970143,0.000244,0.000018,0.00001
'2016.03.22 13:00',0.97233,0.97234,0.97211,0.97231,0.970699,0.970304,0.000275,0.000121,0.000169
'2016.03.22 14:00',0.97217,0.97221,0.97205,0.97208,0.970912,0.970435,0.000315,0.000161,0.000173
'2016.03.22 15:00',0.97306,0.97322,0.97305,0.97314,0.971254,0.970636,0.000376,0.000243,0.000274
'2016.03.22 16:00',0.97282,0.97282,0.97239,0.97248,0.971443,0.970772,0.000435,0.000236,0.000215
'2016.03.22 17:00',0.97267,0.97268,0.9725,0.97265,0.971629,0.970911,0.000491,0.000226,0.000194
'2016.03.22 18:00',0.97288,0.97302,0.97286,0.97296,0.971833,0.971063,0.000547,0.000223,0.000198
'2016.03.22 19:00',0.97283,0.97283,0.97276,0.97277,0.971978,0.97119,0.000595,0.000193,0.000153
'2016.03.22 20:00',0.97292,0.97296,0.97286,0.97286,0.972113,0.971313,0.000636,0.000164,0.000127
'2016.03.22 21:00',0.97308,0.97312,0.97305,0.97308,0.972262,0.971444,0.000672,0.000145,0.000114
'2016.03.22 22:00',0.97368,0.97372,0.97367,0.97372,0.972486,0.971613,0.000713,0.000161,0.000149
'2016.03.22 23:00',0.97346,0.9735,0.97344,0.97346,0.972636,0.97175,0.000747,0.000139,0.000106
'2016.03.23 00:00',0.97388,0.97389,0.97384,0.97386,0.972824,0.971906,0.000782,0.000137,0.000116
'2016.03.23 01:00',0.97422,0.97424,0.97422,0.97424,0.973042,0.972079,0.000818,0.000145,0.00013
'2016.03.23 02:00',0.97445,0.97446,0.97442,0.97446,0.97326,0.972255,0.000855,0.00015,0.000131
'2016.03.23 03:00',0.97527,0.97533,0.9752,0.97522,0.973562,0.972475,0.000902,0.000185,0.000187
'2016.03.23 04:00',0.97533,0.97567,0.97532,0.97559,0.973874,0.972706,0.000955,0.000213,0.0002
'2016.03.23 05:00',0.97597,0.97619,0.97597,0.97604,0.974207,0.972953,0.001015,0.00024,0.000231
'2016.03.23 06:00',0.97585,0.97585,0.9757,0.97573,0.974441,0.973158,0.001069,0.000215,0.000173
'2016.03.23 07:00',0.97309,0.97336,0.97307,0.97328,0.974263,0.973167,0.001074,0.000021,-0.000125
'2016.03.23 08:00',0.97384,0.97386,0.97369,0.97384,0.974198,0.973217,0.001055,-0.000075,-0.000151
'2016.03.23 09:00',0.97507,0.97511,0.975,0.97504,0.974327,0.973352,0.001039,-0.000064,-0.000067
'2016.03.23 10:00',0.97475,0.97492,0.97467,0.97471,0.974386,0.973453,0.001018,-0.000085,-0.000103
'2016.03.23 11:00',0.97344,0.97348,0.97333,0.97347,0.974245,0.973454,0.000973,-0.000182,-0.000252
'2016.03.23 12:00',0.97322,0.97338,0.97317,0.97334,0.974106,0.973446,0.00091,-0.00025,-0.000297
'2016.03.23 13:00',0.97619,0.97627,0.97611,0.97627,0.974439,0.973655,0.000885,-0.000101,-0.000014
'2016.03.23 14:00',0.97498,0.9753,0.97495,0.9753,0.974571,0.973777,0.000867,-0.000072,-0.000072
'2016.03.23 15:00',0.97536,0.97539,0.97514,0.97514,0.974659,0.973878,0.00085,-0.000069,-0.000069
'2016.03.23 16:00',0.97502,0.97521,0.97502,0.97517,0.974737,0.973973,0.000833,-0.000069,-0.00008
'2016.03.23 17:00',0.97524,0.97532,0.97477,0.97532,0.974827,0.974073,0.000817,-0.000063,-0.000083
'2016.03.23 18:00',0.97516,0.97516,0.97498,0.97498,0.974851,0.97414,0.000796,-0.000085,-0.000103
'2016.03.23 19:00',0.97526,0.97529,0.97526,0.97529,0.974918,0.974225,0.000775,-0.000082,-0.000089
'2016.03.23 20:00',0.97554,0.97554,0.97551,0.97551,0.975009,0.974321,0.000758,-0.000069,-0.000068
'2016.03.23 21:00',0.97548,0.97596,0.97548,0.97589,0.975145,0.974437,0.000748,-0.00004,-0.00004
'2016.03.23 22:00',0.97585,0.97587,0.97579,0.97579,0.975244,0.974537,0.00074,-0.000033,-0.000036
'2016.03.23 23:00',0.97585,0.97587,0.97582,0.97582,0.975333,0.974632,0.000732,-0.000031,-0.000039
'2016.03.24 00:00',0.97536,0.97536,0.9753,0.97531,0.975329,0.974682,0.000715,-0.000068,-0.000099
'2016.03.24 01:00',0.97579,0.97594,0.97576,0.97594,0.975423,0.974776,0.000701,-0.000054,-0.000058
'2016.03.24 02:00',0.97567,0.97571,0.97566,0.97566,0.97546,0.974841,0.000685,-0.000066,-0.000081
'2016.03.24 03:00',0.97616,0.97674,0.97613,0.97663,0.97564,0.974974,0.000681,-0.000015,-0.000004
'2016.03.24 04:00',0.97667,0.97726,0.97667,0.97718,0.975877,0.975137,0.000693,0.000047,0.00006
'2016.03.24 05:00',0.97604,0.97633,0.97604,0.97625,0.975934,0.975219,0.000697,0.000017,-0.000019
'2016.03.24 06:00',0.9754,0.9754,0.97493,0.97496,0.975784,0.9752,0.000675,-0.000091,-0.000159
'2016.03.24 07:00',0.9741,0.97438,0.9741,0.97431,0.975557,0.975134,0.000624,-0.000201,-0.000278
'2016.03.24 08:00',0.976,0.97621,0.97597,0.9761,0.975641,0.975206,0.000586,-0.000151,-0.000122
'2016.03.24 09:00',0.97469,0.97478,0.97468,0.97473,0.975501,0.975171,0.000535,-0.000205,-0.000239
'2016.03.24 10:00',0.97557,0.97558,0.97504,0.97514,0.975445,0.975168,0.000484,-0.000207,-0.000198
'2016.03.24 11:00',0.97646,0.97661,0.97646,0.97661,0.975624,0.975275,0.000457,-0.000107,-0.00005
'2016.03.24 12:00',0.97665,0.97665,0.97645,0.97647,0.975755,0.975364,0.000444,-0.000053,-0.00002
'2016.03.24 13:00',0.97541,0.97553,0.97539,0.97552,0.975718,0.975375,0.000423,-0.00008,-0.000107
'2016.03.24 14:00',0.97493,0.9751,0.97493,0.97506,0.975617,0.975352,0.000392,-0.000127,-0.000162
'2016.03.24 15:00',0.97538,0.9754,0.97534,0.9754,0.975584,0.975355,0.000359,-0.000131,-0.000137
'2016.03.24 16:00',0.97552,0.97552,0.9754,0.97541,0.975557,0.975359,0.000327,-0.000129,-0.000128
'2016.03.24 17:00',0.97548,0.97554,0.9754,0.97542,0.975536,0.975364,0.000296,-0.000124,-0.00012
'2016.03.24 18:00',0.9756,0.97568,0.9756,0.97568,0.975558,0.975387,0.000271,-0.0001,-0.00009
'2016.03.24 19:00',0.97554,0.97559,0.97553,0.97554,0.975555,0.975399,0.000248,-0.000091,-0.000088
'2016.03.24 20:00',0.97595,0.97596,0.97593,0.97596,0.975618,0.97544,0.000234,-0.000057,-0.00004
'2016.03.24 21:00',0.97682,0.97683,0.97666,0.97676,0.975793,0.975538,0.000238,0.000017,0.000055
'2016.03.24 22:00',0.97839,0.97839,0.97831,0.97831,0.976181,0.975743,0.000278,0.000159,0.000236
'2016.03.24 23:00',0.97743,0.97748,0.97742,0.97745,0.976376,0.97587,0.000324,0.000182,0.000178
'2016.03.25 00:00',0.9775,0.9775,0.97748,0.97748,0.976546,0.975989,0.00037,0.000186,0.000169
'2016.03.25 01:00',0.97756,0.97756,0.97756,0.97756,0.976702,0.976105,0.000415,0.000181,0.000156
'2016.03.25 02:00',0.97628,0.97631,0.97626,0.97627,0.976635,0.976118,0.000436,0.000082,0.000002
'2016.03.25 03:00',0.97675,0.97682,0.97665,0.97672,0.976648,0.976162,0.000446,0.00004,0
'2016.03.25 04:00',0.97703,0.97731,0.97682,0.97682,0.976675,0.976211,0.00045,0.000014,-0.000003
'2016.03.25 05:00',0.97692,0.97695,0.97689,0.97695,0.976717,0.976266,0.00045,0.000002,-0.000019
'2016.03.25 06:00',0.97626,0.97632,0.97626,0.97632,0.976656,0.97627,0.000437,-0.000051,-0.000095
'2016.03.25 07:00',0.97573,0.97573,0.97571,0.97571,0.97651,0.976228,0.000406,-0.000124,-0.000175
'2016.03.25 08:00',0.97648,0.97656,0.97647,0.97647,0.976504,0.976246,0.000377,-0.000118,-0.000116
'2016.03.25 09:00',0.97622,0.97641,0.97622,0.9764,0.976488,0.976258,0.000347,-0.000117,-0.000123
'2016.03.25 10:00',0.97706,0.97761,0.97706,0.97761,0.976661,0.976358,0.000339,-0.000035,-0.000005
'2016.03.25 11:00',0.97702,0.97707,0.97699,0.97705,0.976721,0.976409,0.000333,-0.000021,-0.000022
'2016.03.25 12:00',0.97824,0.97824,0.97816,0.97816,0.976942,0.976539,0.000347,0.000056,0.000096
'2016.03.25 13:00',0.97754,0.97754,0.97754,0.97754,0.977034,0.976613,0.000362,0.000059,0.000048
'2016.03.25 14:00',0.97748,0.97748,0.97748,0.97748,0.977103,0.976677,0.000375,0.000051,0.000032
'2016.03.25 15:00',0.97744,0.97744,0.97744,0.97744,0.977155,0.976734,0.000384,0.000037,0.000016
'2016.03.25 16:00',0.97687,0.97691,0.97686,0.97686,0.977109,0.976743,0.00038,-0.000014,-0.000056
'2016.03.27 18:00',0.97729,0.97792,0.97729,0.97783,0.97722,0.976824,0.000384,0.000013,0.000007
'2016.03.27 19:00',0.97814,0.97827,0.97814,0.97827,0.977382,0.976931,0.000397,0.000054,0.000064
'2016.03.27 20:00',0.97849,0.9786,0.97849,0.97854,0.97756,0.97705,0.00042,0.00009,0.000098
'2016.03.27 21:00',0.97788,0.97789,0.97788,0.97789,0.977611,0.977112,0.000435,0.000063,0.00003
'2016.03.27 22:00',0.97795,0.97796,0.97794,0.97795,0.977663,0.977174,0.000446,0.000043,0.000016
'2016.03.27 23:00',0.97793,0.97795,0.97793,0.97794,0.977705,0.977231,0.000452,0.000023,-0.000002
'2016.03.28 00:00',0.97732,0.97735,0.97732,0.97733,0.977648,0.977238,0.000443,-0.000034,-0.00008
'2016.03.28 01:00',0.97727,0.97734,0.97727,0.97733,0.977599,0.977245,0.000425,-0.000072,-0.000104
'2016.03.28 02:00',0.97743,0.97743,0.97741,0.97741,0.97757,0.977257,0.000403,-0.00009,-0.000107
'2016.03.28 03:00',0.97669,0.97703,0.97669,0.97703,0.977487,0.97724,0.000372,-0.000125,-0.000161
'2016.03.28 04:00',0.97656,0.97656,0.97648,0.97648,0.977332,0.977184,0.000327,-0.000179,-0.000212
'2016.03.28 05:00',0.97626,0.97626,0.97626,0.97626,0.977167,0.977116,0.000272,-0.00022,-0.000244
'2016.03.28 06:00',0.97661,0.97669,0.97661,0.97669,0.977094,0.977084,0.000219,-0.00021,-0.000202
'2016.03.28 07:00',0.97686,0.97689,0.97686,0.97689,0.977062,0.97707,0.000174,-0.000181,-0.000162
'2016.03.28 08:00',0.97716,0.97723,0.97711,0.97721,0.977085,0.97708,0.00014,-0.000135,-0.000108
'2016.03.28 09:00',0.97573,0.97597,0.97573,0.97585,0.976895,0.976989,0.000093,-0.000187,-0.000219
'2016.03.28 10:00',0.97349,0.97371,0.97349,0.97368,0.9764,0.976744,0.000006,-0.000349,-0.000448
'2016.03.28 11:00',0.97297,0.97343,0.97295,0.97343,0.975943,0.976498,-0.000106,-0.000449,-0.000508
'2016.03.28 12:00',0.97319,0.97324,0.97314,0.97322,0.975524,0.976256,-0.000231,-0.0005,-0.000512
'2016.03.28 13:00',0.97403,0.97424,0.97393,0.97424,0.975327,0.976106,-0.000341,-0.000439,-0.000386
'2016.03.28 14:00',0.97386,0.97391,0.9738,0.9738,0.975092,0.975935,-0.000441,-0.000402,-0.000356
'2016.03.28 15:00',0.97365,0.97377,0.97364,0.97369,0.974876,0.975769,-0.000532,-0.000361,-0.000315
'2016.03.28 16:00',0.97388,0.97399,0.97386,0.97398,0.974738,0.975637,-0.000605,-0.000293,-0.000237
'2016.03.28 17:00',0.97338,0.97369,0.97329,0.97352,0.974551,0.97548,-0.00067,-0.000259,-0.000226
'2016.03.28 18:00',0.97378,0.97378,0.97371,0.97372,0.974423,0.975349,-0.000721,-0.000205,-0.000158
'2016.03.28 19:00',0.9738,0.97382,0.9738,0.97382,0.97433,0.975236,-0.000758,-0.000148,-0.000103
'2016.03.28 20:00',0.9736,0.97374,0.97358,0.97373,0.974238,0.975125,-0.000784,-0.000103,-0.000072
'2016.03.28 21:00',0.97413,0.97431,0.97412,0.9743,0.974247,0.975064,-0.00079,-0.000026,0.000021
'2016.03.28 22:00',0.97409,0.9741,0.97376,0.97394,0.9742,0.97498,-0.000788,0.000008,0.000028
'2016.03.28 23:00',0.97413,0.9742,0.97412,0.97413,0.974189,0.974917,-0.000776,0.000048,0.000073
'2016.03.29 00:00',0.97424,0.97431,0.97421,0.97421,0.974193,0.974865,-0.000755,0.000083,0.000103
'2016.03.29 01:00',0.97436,0.97438,0.97434,0.97435,0.974217,0.974827,-0.000726,0.000116,0.000131
'2016.03.29 02:00',0.97458,0.97469,0.97448,0.97452,0.974263,0.974804,-0.000689,0.000149,0.000163
'2016.03.29 03:00',0.97381,0.97455,0.9738,0.97448,0.974297,0.97478,-0.000648,0.000165,0.000146
'2016.03.29 04:00',0.97572,0.97576,0.9756,0.97569,0.974511,0.974847,-0.000586,0.000249,0.000287
'2016.03.29 05:00',0.97492,0.97506,0.97491,0.97502,0.974589,0.97486,-0.000523,0.000252,0.000234
'2016.03.29 06:00',0.97302,0.97335,0.97302,0.97306,0.974354,0.974727,-0.000493,0.00012,0.000029
'2016.03.29 07:00',0.97411,0.97417,0.97399,0.97412,0.974318,0.974682,-0.000467,0.000103,0.000081
'2016.03.29 08:00',0.97494,0.97496,0.97476,0.97483,0.974397,0.974693,-0.000433,0.000137,0.000149
'2016.03.29 09:00',0.97366,0.97374,0.97287,0.97314,0.974203,0.974578,-0.000421,0.000047,-0.000012
'2016.03.29 10:00',0.97441,0.97455,0.9742,0.97442,0.974237,0.974566,-0.000403,0.000073,0.00008
'2016.03.29 11:00',0.97522,0.97588,0.97512,0.97588,0.97449,0.974663,-0.000357,0.000183,0.000219
'2016.03.29 12:00',0.97441,0.97465,0.97441,0.97459,0.974505,0.974658,-0.000316,0.000163,0.000133
'2016.03.29 13:00',0.96972,0.96972,0.9693,0.96934,0.97371,0.974264,-0.000364,-0.00019,-0.000407
'2016.03.29 14:00',0.96818,0.9686,0.96811,0.96859,0.972923,0.973844,-0.000475,-0.000446,-0.000605
'2016.03.29 15:00',0.96608,0.96624,0.96608,0.96622,0.971891,0.973279,-0.000658,-0.00073,-0.000879
'2016.03.29 16:00',0.96647,0.96665,0.96647,0.96665,0.971085,0.972788,-0.000867,-0.000836,-0.000862
'2016.03.29 17:00',0.96661,0.96661,0.96631,0.96644,0.97037,0.972318,-0.001083,-0.000865,-0.00083
'2016.03.29 18:00',0.966,0.96627,0.966,0.96616,0.969723,0.971862,-0.001294,-0.000845,-0.00078
'2016.03.29 19:00',0.96671,0.96671,0.96671,0.96671,0.969259,0.97148,-0.001479,-0.000741,-0.000624
'2016.03.29 20:00',0.96654,0.96654,0.96641,0.96646,0.968829,0.971108,-0.001639,-0.00064,-0.000528
'2016.03.29 21:00',0.9662,0.9662,0.96608,0.96609,0.968407,0.970736,-0.001777,-0.000552,-0.000451
'2016.03.29 22:00',0.96678,0.96678,0.96674,0.96675,0.968152,0.970441,-0.00188,-0.000409,-0.000281
'2016.03.29 23:00',0.96658,0.96661,0.96656,0.96656,0.967907,0.970154,-0.001953,-0.000293,-0.000189
'2016.03.30 00:00',0.96672,0.96672,0.96662,0.96664,0.967712,0.969893,-0.001999,-0.000182,-0.000087
'2016.03.30 01:00',0.9662,0.96621,0.96612,0.96616,0.967474,0.969617,-0.002028,-0.000116,-0.000054
'2016.03.30 02:00',0.96627,0.96627,0.96575,0.96575,0.967208,0.96933,-0.002046,-0.000076,-0.000021
'2016.03.30 03:00',0.96563,0.96565,0.9646,0.96466,0.966816,0.968984,-0.002071,-0.000097,-0.000073
'2016.03.30 04:00',0.96387,0.96434,0.96377,0.96393,0.966372,0.96861,-0.002104,-0.000134,-0.000133
'2016.03.30 05:00',0.9641,0.96427,0.96408,0.9642,0.966038,0.968283,-0.002132,-0.000113,-0.000082
'2016.03.30 06:00',0.96389,0.96404,0.96384,0.96402,0.965728,0.967968,-0.002154,-0.000086,-0.000056
'2016.03.30 07:00',0.96332,0.96369,0.9633,0.96368,0.965413,0.96765,-0.002171,-0.000067,-0.000048
'2016.03.30 08:00',0.96267,0.96286,0.96254,0.96267,0.964991,0.967281,-0.002195,-0.000096,-0.000096
'2016.03.30 09:00',0.96434,0.96434,0.964,0.96414,0.96486,0.967048,-0.002193,0.000005,0.000085
'2016.03.30 10:00',0.96288,0.96303,0.9627,0.96273,0.964532,0.966729,-0.002194,-0.000002,0.000012
'2016.03.30 11:00',0.96179,0.96232,0.96163,0.96232,0.964192,0.966402,-0.002197,-0.000013,-0.000025
'2016.03.30 12:00',0.96367,0.96371,0.96346,0.96346,0.964079,0.966184,-0.002179,0.000074,0.000146
'2016.03.30 13:00',0.96392,0.96395,0.96369,0.9637,0.964021,0.966,-0.002139,0.00016,0.000225
'2016.03.30 14:00',0.96461,0.96469,0.96457,0.96463,0.964115,0.965899,-0.002068,0.000284,0.000361
'2016.03.30 15:00',0.96401,0.96428,0.96399,0.96417,0.964123,0.965771,-0.001984,0.000336,0.00036
'2016.03.30 16:00',0.96441,0.96452,0.9644,0.9644,0.964166,0.965669,-0.001888,0.000384,0.000407
'2016.03.30 17:00',0.96487,0.96491,0.96476,0.9648,0.964263,0.965605,-0.001778,0.000437,0.000458
'2016.03.30 18:00',0.96462,0.96472,0.96462,0.96466,0.964324,0.965535,-0.001665,0.000454,0.000449
'2016.03.30 19:00',0.96517,0.96519,0.96517,0.96517,0.964454,0.965508,-0.001542,0.000489,0.000492
'2016.03.30 20:00',0.96521,0.96526,0.96497,0.96512,0.964557,0.965479,-0.001418,0.000496,0.000479
'2016.03.30 21:00',0.96501,0.96514,0.96501,0.96511,0.964642,0.965452,-0.001297,0.000487,0.000457
'2016.03.30 22:00',0.96571,0.96575,0.96566,0.96568,0.964802,0.965469,-0.001171,0.000504,0.000492
'2016.03.30 23:00',0.96594,0.96625,0.96594,0.9662,0.965017,0.965523,-0.001038,0.000532,0.000517
'2016.03.31 00:00',0.96587,0.96589,0.96578,0.9658,0.965137,0.965543,-0.000911,0.000505,0.000464
'2016.03.31 01:00',0.96561,0.96569,0.96561,0.96562,0.965212,0.965549,-0.000797,0.000459,0.000406
'2016.03.31 02:00',0.9657,0.96581,0.96545,0.96577,0.965297,0.965565,-0.000691,0.000423,0.000368
'2016.03.31 03:00',0.96458,0.96484,0.96433,0.96435,0.965152,0.965475,-0.000617,0.000294,0.000204
'2016.03.31 04:00',0.96434,0.96449,0.96424,0.96445,0.965044,0.965399,-0.000565,0.000209,0.000138
'2016.03.31 05:00',0.9629,0.96339,0.9629,0.96326,0.964769,0.965241,-0.000546,0.000075,-0.000024
'2016.03.31 06:00',0.9627,0.96278,0.96259,0.96259,0.964434,0.965045,-0.000559,-0.000051,-0.000126
'2016.03.31 07:00',0.96195,0.96222,0.96195,0.96222,0.964093,0.964835,-0.000596,-0.000146,-0.000206
'2016.03.31 08:00',0.95988,0.95988,0.95962,0.95979,0.963431,0.964462,-0.000683,-0.000348,-0.00046
'2016.03.31 09:00',0.95956,0.95975,0.95956,0.95956,0.962836,0.964098,-0.000799,-0.000464,-0.000506
'2016.03.31 10:00',0.95857,0.95861,0.95824,0.95849,0.962167,0.963683,-0.000942,-0.000574,-0.000612
'2016.03.31 11:00',0.95734,0.95744,0.95717,0.95718,0.9614,0.963201,-0.001114,-0.000687,-0.00071
'2016.03.31 12:00',0.95824,0.95831,0.95811,0.95824,0.960914,0.962834,-0.001275,-0.000645,-0.000574
'2016.03.31 13:00',0.9588,0.95895,0.9587,0.95878,0.960586,0.962534,-0.00141,-0.000538,-0.000426
'2016.03.31 14:00',0.9595,0.95966,0.95941,0.95962,0.960437,0.962318,-0.001504,-0.000377,-0.000244
'2016.03.31 15:00',0.9604,0.9604,0.96007,0.96009,0.960384,0.962153,-0.001557,-0.000212,-0.000074
'2016.03.31 16:00',0.96153,0.96153,0.9613,0.9613,0.960525,0.96209,-0.001559,-0.000006,0.000145
'2016.03.31 17:00',0.96156,0.96156,0.96151,0.96151,0.960676,0.962047,-0.001521,0.000151,0.000256
'2016.03.31 18:00',0.9615,0.96156,0.9615,0.96152,0.960806,0.962008,-0.001457,0.000255,0.000319
'2016.03.31 19:00',0.96124,0.96128,0.96121,0.96121,0.960868,0.961949,-0.001382,0.000301,0.000324
'2016.03.31 20:00',0.96123,0.96126,0.96114,0.96115,0.960912,0.961889,-0.001301,0.000323,0.000329
'2016.03.31 21:00',0.96034,0.96056,0.96027,0.96051,0.96085,0.961787,-0.001228,0.000291,0.000254
'2016.03.31 22:00',0.96112,0.96113,0.96102,0.96102,0.960876,0.96173,-0.001153,0.000299,0.000297
