timestamp,open,high,low,close,close2
'2016.03.01 00:00',0.9973,0.9975,0.9973,0.99745,0.996744
'2016.03.01 01:00',0.99742,0.99765,0.99732,0.99765,0.996866
'2016.03.01 02:00',0.99755,0.9978,0.99755,0.99778,0.997023
'2016.03.01 03:00',0.99831,0.99851,0.99825,0.9984,0.997706
'2016.03.01 04:00',0.99984,0.99992,0.99979,0.99991,0.999177
'2016.03.01 05:00',1.00037,1.00042,1.00022,1.00023,0.99961
'2016.03.01 06:00',0.99956,0.99975,0.99955,0.99971,0.998959
'2016.03.01 07:00',0.99906,0.99915,0.999,0.99902,0.998382
'2016.03.01 08:00',0.99858,0.99865,0.99856,0.99863,0.997939
'2016.03.01 09:00',0.99782,0.99818,0.99782,0.99811,0.99733
'2016.03.01 10:00',0.99718,0.99832,0.99718,0.99822,0.997088
'2016.03.01 11:00',0.99818,0.99871,0.99798,0.99858,0.997706
'2016.03.01 12:00',0.99939,0.99958,0.99939,0.99958,0.998805
'2016.03.01 13:00',0.99965,0.99966,0.99947,0.99954,0.998894
'2016.03.01 14:00',0.99848,0.99849,0.99831,0.99831,0.997732
'2016.03.01 15:00',0.99722,0.99739,0.99708,0.99714,0.996564
'2016.03.01 16:00',0.99671,0.99695,0.9967,0.99687,0.996174
'2016.03.01 17:00',0.99695,0.997,0.99693,0.99694,0.996317
'2016.03.01 18:00',0.99715,0.99742,0.99715,0.99741,0.996643
'2016.03.01 19:00',0.99665,0.99665,0.9963,0.9963,0.995841
'2016.03.01 20:00',0.99676,0.9968,0.99675,0.99679,0.996141
'2016.03.01 21:00',0.9969,0.99731,0.9969,0.99722,0.996447
'2016.03.01 22:00',0.99781,0.99781,0.99779,0.9978,0.99715
'2016.03.01 23:00',0.99807,0.99839,0.99807,0.99838,0.997572
'2016.03.02 00:00',0.99845,0.99846,0.99845,0.99846,0.997791
'2016.03.02 01:00',0.99907,0.99909,0.999,0.999,0.998364
'2016.03.02 02:00',0.99938,0.99945,0.99918,0.99942,0.998679
'2016.03.02 03:00',0.99883,0.99883,0.9987,0.9987,0.998094
'2016.03.02 04:00',0.99938,0.9994,0.99917,0.99917,0.998598
'2016.03.02 05:00',0.99813,0.99818,0.99807,0.99818,0.997483
'2016.03.02 06:00',0.99848,0.99855,0.99839,0.99852,0.997821
'2016.03.02 07:00',0.99875,0.99899,0.99873,0.99899,0.998197
'2016.03.02 08:00',0.99881,0.99906,0.99881,0.99901,0.998253
'2016.03.02 09:00',0.99938,0.99946,0.99911,0.99939,0.998657
'2016.03.02 10:00',0.99893,0.99897,0.99859,0.99875,0.998138
'2016.03.02 11:00',1.00059,1.00064,1.00039,1.00063,0.999862
'2016.03.02 12:00',0.99811,0.99814,0.99788,0.99804,0.997386
'2016.03.02 13:00',0.99708,0.99725,0.99708,0.99725,0.996526
'2016.03.02 14:00',0.99582,0.99605,0.99579,0.99605,0.995311
'2016.03.02 15:00',0.99636,0.99657,0.99636,0.99642,0.995799
'2016.03.02 16:00',0.99658,0.99662,0.99656,0.99658,0.995954
'2016.03.02 17:00',0.99626,0.99651,0.99618,0.99651,0.995741
'2016.03.02 18:00',0.99638,0.99661,0.99637,0.99661,0.995866
'2016.03.02 19:00',0.99661,0.99671,0.99656,0.99671,0.996017
'2016.03.02 20:00',0.99641,0.99644,0.99641,0.99644,0.995797
'2016.03.02 21:00',0.99629,0.99629,0.99624,0.99625,0.995641
'2016.03.02 22:00',0.99655,0.99655,0.99651,0.99654,0.995907
'2016.03.02 23:00',0.99726,0.99727,0.99721,0.99721,0.996594
'2016.03.03 00:00',0.99765,0.99766,0.99759,0.99759,0.996972
'2016.03.03 01:00',0.99778,0.99779,0.99776,0.99779,0.997128
'2016.03.03 02:00',0.99738,0.99738,0.99707,0.99709,0.996584
'2016.03.03 03:00',0.99784,0.99792,0.99749,0.99749,0.997029
'2016.03.03 04:00',0.99627,0.9965,0.99608,0.99636,0.995678
'2016.03.03 05:00',0.99764,0.99777,0.99753,0.99777,0.99703
'2016.03.03 06:00',0.99691,0.99696,0.99687,0.99692,0.996278
'2016.03.03 07:00',0.99699,0.99701,0.99681,0.99686,0.996279
'2016.03.03 08:00',0.99449,0.99449,0.994,0.9941,0.993673
'2016.03.03 09:00',0.99314,0.99334,0.9925,0.99261,0.992319
'2016.03.03 10:00',0.99192,0.99239,0.99123,0.99123,0.991129
'2016.03.03 11:00',0.9931,0.9932,0.99265,0.99279,0.99236
'2016.03.03 12:00',0.9922,0.9922,0.99187,0.99192,0.991487
'2016.03.03 13:00',0.99134,0.9914,0.99112,0.99125,0.990732
'2016.03.03 14:00',0.98942,0.98971,0.98942,0.98971,0.98905
'2016.03.03 15:00',0.99125,0.99133,0.99113,0.99121,0.990686
'2016.03.03 16:00',0.9908,0.99083,0.99067,0.99067,0.990204
'2016.03.03 17:00',0.99179,0.99181,0.99158,0.99177,0.991186
'2016.03.03 18:00',0.99172,0.99191,0.99157,0.99179,0.991197
'2016.03.03 19:00',0.99249,0.99256,0.99247,0.99247,0.991933
'2016.03.03 20:00',0.9918,0.99182,0.99179,0.9918,0.99125
'2016.03.03 21:00',0.99286,0.99287,0.9927,0.99271,0.992215
'2016.03.03 22:00',0.9931,0.9931,0.993,0.993,0.992476
'2016.03.03 23:00',0.99217,0.99225,0.99217,0.99224,0.991649
'2016.03.04 00:00',0.9922,0.99229,0.99218,0.99226,0.991674
'2016.03.04 01:00',0.99206,0.99206,0.99206,0.99206,0.991503
'2016.03.04 02:00',0.99192,0.99192,0.99159,0.99161,0.991204
'2016.03.04 03:00',0.99247,0.9928,0.99242,0.99249,0.991979
'2016.03.04 04:00',0.99418,0.99421,0.99392,0.99397,0.993478
'2016.03.04 05:00',0.9927,0.9927,0.99251,0.99255,0.992047
'2016.03.04 06:00',0.99129,0.99129,0.9911,0.99117,0.990668
'2016.03.04 07:00',0.99209,0.99209,0.99196,0.99207,0.991496
'2016.03.04 08:00',0.99337,0.99353,0.99331,0.99352,0.992856
'2016.03.04 09:00',0.99254,0.99319,0.99132,0.99132,0.991514
'2016.03.04 10:00',0.98933,0.98933,0.9888,0.98884,0.988557
'2016.03.04 11:00',0.99335,0.9935,0.99308,0.99328,0.992725
'2016.03.04 12:00',0.99258,0.99267,0.99257,0.99258,0.992034
'2016.03.04 13:00',0.99353,0.99376,0.99353,0.99366,0.993039
'2016.03.04 14:00',0.99429,0.99443,0.99428,0.99441,0.99376
'2016.03.04 15:00',0.99484,0.99485,0.99462,0.99478,0.994172
'2016.03.04 16:00',0.99341,0.99347,0.99333,0.99333,0.992806
'2016.03.06 17:00',0.9927,0.9927,0.9927,0.9927,0.992133
'2016.03.06 18:00',0.99407,0.99413,0.99405,0.99409,0.993496
'2016.03.06 19:00',0.9943,0.9944,0.99408,0.99409,0.993622
'2016.03.06 20:00',0.99338,0.99361,0.99335,0.99337,0.992847
'2016.03.06 21:00',0.99391,0.99396,0.99391,0.99391,0.993335
'2016.03.06 22:00',0.99402,0.99402,0.994,0.994,0.993422
'2016.03.06 23:00',0.9946,0.99461,0.9945,0.9945,0.993954
'2016.03.07 00:00',0.99423,0.99424,0.99423,0.99424,0.993643
'2016.03.07 01:00',0.99385,0.99385,0.99383,0.99383,0.993254
'2016.03.07 02:00',0.99393,0.99401,0.99382,0.99401,0.993357
'2016.03.07 03:00',0.99663,0.99664,0.99631,0.99631,0.995839
'2016.03.07 04:00',0.99923,0.99936,0.99923,0.99935,0.998615
'2016.03.07 05:00',0.99953,0.99989,0.99951,0.99988,0.999021
'2016.03.07 06:00',0.9992,0.99928,0.9992,0.99922,0.998547
'2016.03.07 07:00',1.0001,1.00023,1.00009,1.00009,0.999432
'2016.03.07 08:00',1.00086,1.00108,1.00081,1.00084,1.000187
'2016.03.07 09:00',1.00008,1.0004,0.99996,1.0004,0.999519
'2016.03.07 10:00',0.9997,0.99977,0.99958,0.99974,0.999012
'2016.03.07 11:00',0.9985,0.99887,0.99848,0.99886,0.998015
'2016.03.07 12:00',0.99699,0.99699,0.99656,0.9966,0.996145
'2016.03.07 13:00',0.99431,0.99445,0.99412,0.99415,0.993662
'2016.03.07 14:00',0.99622,0.99622,0.99617,0.99619,0.995575
'2016.03.07 15:00',0.99481,0.99535,0.99481,0.99526,0.994458
'2016.03.07 16:00',0.99557,0.99575,0.99557,0.99575,0.995047
'2016.03.07 17:00',0.99499,0.99504,0.9948,0.99504,0.994365
'2016.03.07 18:00',0.9955,0.9955,0.99546,0.99549,0.994875
'2016.03.07 19:00',0.99578,0.99578,0.99569,0.9957,0.99512
'2016.03.07 20:00',0.99486,0.99498,0.99485,0.99498,0.994316
'2016.03.07 21:00',0.99449,0.99449,0.99429,0.99429,0.993793
'2016.03.07 22:00',0.99391,0.99391,0.99366,0.99369,0.993205
'2016.03.07 23:00',0.99392,0.99393,0.99392,0.99392,0.993336
'2016.03.08 00:00',0.99437,0.99442,0.99432,0.99441,0.993787
'2016.03.08 01:00',0.99355,0.99355,0.99345,0.99353,0.99294
'2016.03.08 02:00',0.99302,0.99302,0.99256,0.99256,0.992215
'2016.03.08 03:00',0.99248,0.99248,0.99204,0.99206,0.991699
'2016.03.08 04:00',0.99102,0.99109,0.99082,0.99082,0.990395
'2016.03.08 05:00',0.9918,0.99186,0.99139,0.99153,0.991091
'2016.03.08 06:00',0.99338,0.99378,0.99338,0.99367,0.992975
'2016.03.08 07:00',0.99355,0.99377,0.99355,0.99362,0.993041
'2016.03.08 08:00',0.99366,0.99374,0.9936,0.99362,0.993072
'2016.03.08 09:00',0.99215,0.99222,0.99202,0.9922,0.991591
'2016.03.08 10:00',0.99309,0.99321,0.99269,0.9927,0.992346
'2016.03.08 11:00',0.99178,0.992,0.9917,0.99199,0.991317
'2016.03.08 12:00',0.994,0.994,0.99357,0.99365,0.993216
'2016.03.08 13:00',0.995,0.99525,0.995,0.99525,0.994522
'2016.03.08 14:00',0.99683,0.99686,0.99641,0.99646,0.996003
'2016.03.08 15:00',0.99639,0.99661,0.99636,0.99644,0.995821
'2016.03.08 16:00',0.99597,0.99599,0.99576,0.99593,0.995293
'2016.03.08 17:00',0.99498,0.99498,0.99465,0.99479,0.994246
'2016.03.08 18:00',0.99563,0.99574,0.99553,0.99562,0.995015
'2016.03.08 19:00',0.99639,0.99645,0.99639,0.9964,0.995779
'2016.03.08 20:00',0.99674,0.99675,0.99671,0.99672,0.996096
'2016.03.08 21:00',0.99741,0.9975,0.99741,0.99742,0.996789
'2016.03.08 22:00',0.99772,0.99772,0.99767,0.99768,0.997046
'2016.03.08 23:00',0.99799,0.99801,0.99797,0.99799,0.997334
'2016.03.09 00:00',0.99795,0.99795,0.99794,0.99794,0.99729
'2016.03.09 01:00',0.99816,0.99832,0.99816,0.99832,0.997582
'2016.03.09 02:00',0.99803,0.99817,0.99803,0.99803,0.997407
'2016.03.09 03:00',0.997,0.9974,0.99699,0.99738,0.996556
'2016.03.09 04:00',0.99781,0.99803,0.99779,0.998,0.997256
'2016.03.09 05:00',0.99821,0.99871,0.9982,0.99863,0.997779
'2016.03.09 06:00',1.002,1.0022,1.002,1.00213,1.001353
'2016.03.09 07:00',1.00091,1.00137,1.0007,1.00107,1.000304
'2016.03.09 08:00',1.0003,1.00046,1.00006,1.00007,0.999522
'2016.03.09 09:00',1.00209,1.00222,1.00207,1.00209,1.001385
'2016.03.09 10:00',0.99995,1.00008,0.99956,1.00004,0.999221
'2016.03.09 11:00',0.9967,0.99681,0.9962,0.99651,0.995923
'2016.03.09 12:00',0.99585,0.99591,0.99576,0.99588,0.995232
'2016.03.09 13:00',0.99498,0.99526,0.99493,0.99525,0.994503
'2016.03.09 14:00',0.99612,0.99629,0.9961,0.99619,0.995551
'2016.03.09 15:00',0.99749,0.99792,0.99749,0.99791,0.997058
'2016.03.09 16:00',0.99709,0.99711,0.99707,0.9971,0.996453
'2016.03.09 17:00',0.9973,0.99734,0.99666,0.99719,0.996483
'2016.03.09 18:00',0.99726,0.9975,0.99726,0.99746,0.996728
'2016.03.09 19:00',0.99816,0.99818,0.9981,0.99813,0.997484
'2016.03.09 20:00',0.9982,0.99821,0.9982,0.9982,0.997543
'2016.03.09 21:00',0.99773,0.99774,0.9977,0.9977,0.997066
'2016.03.09 22:00',0.99729,0.99733,0.99725,0.9973,0.996649
'2016.03.09 23:00',0.99758,0.99766,0.99758,0.99765,0.996969
'2016.03.10 00:00',0.99715,0.99718,0.99715,0.99718,0.996524
'2016.03.10 01:00',0.99756,0.99764,0.99734,0.99761,0.996892
'2016.03.10 02:00',0.99716,0.99746,0.99681,0.99683,0.996419
'2016.03.10 03:00',0.99733,0.99754,0.99733,0.99751,0.996784
'2016.03.10 04:00',0.9969,0.99701,0.99681,0.99698,0.996289
'2016.03.10 05:00',0.99692,0.997,0.99676,0.99691,0.996261
'2016.03.10 06:00',0.99759,0.99788,0.99752,0.99778,0.997044
'2016.03.10 07:00',0.99802,0.99808,0.99802,0.99803,0.997381
'2016.03.10 08:00',1.00711,1.00837,1.007,1.0081,1.006816
'2016.03.10 09:00',1.00064,1.00068,0.99949,1.00065,0.999673
'2016.03.10 10:00',0.99435,0.99457,0.99297,0.99375,0.993319
'2016.03.10 11:00',0.9881,0.98843,0.98782,0.98836,0.987684
'2016.03.10 12:00',0.98596,0.98596,0.98563,0.98569,0.985342
'2016.03.10 13:00',0.98316,0.98318,0.98302,0.98309,0.982683
'2016.03.10 14:00',0.98224,0.9824,0.98171,0.98237,0.981768
'2016.03.10 15:00',0.98241,0.98273,0.98237,0.98263,0.982116
'2016.03.10 16:00',0.98478,0.98493,0.98476,0.98493,0.984401
'2016.03.10 17:00',0.98493,0.98494,0.98468,0.98489,0.984409
'2016.03.10 18:00',0.98454,0.98454,0.98396,0.98406,0.983825
'2016.03.10 19:00',0.98458,0.98458,0.98403,0.98427,0.983917
'2016.03.10 20:00',0.98392,0.98392,0.98351,0.98352,0.983275
'2016.03.10 21:00',0.98412,0.98436,0.98401,0.98427,0.983749
'2016.03.10 22:00',0.98471,0.98471,0.9847,0.98471,0.984258
'2016.03.10 23:00',0.98544,0.98544,0.9854,0.9854,0.98496
'2016.03.11 00:00',0.98528,0.98528,0.98515,0.98517,0.984762
'2016.03.11 01:00',0.98465,0.98465,0.98447,0.98447,0.98411
'2016.03.11 02:00',0.98623,0.98623,0.9849,0.9849,0.985085
'2016.03.11 03:00',0.98597,0.98615,0.98507,0.9854,0.985178
'2016.03.11 04:00',0.98773,0.98809,0.9877,0.9877,0.98731
'2016.03.11 05:00',0.9871,0.98722,0.98695,0.98695,0.98657
'2016.03.11 06:00',0.98803,0.98822,0.98803,0.9882,0.987625
'2016.03.11 07:00',0.98644,0.98651,0.9864,0.98644,0.985974
'2016.03.11 08:00',0.98658,0.9866,0.98608,0.98609,0.985858
'2016.03.11 09:00',0.98522,0.98563,0.98514,0.98539,0.984888
'2016.03.11 10:00',0.98351,0.98394,0.98327,0.9833,0.983066
'2016.03.11 11:00',0.98366,0.98406,0.98363,0.98382,0.983356
'2016.03.11 12:00',0.98145,0.98154,0.98143,0.98154,0.981083
'2016.03.11 13:00',0.98161,0.98164,0.98154,0.98157,0.98118
'2016.03.11 14:00',0.98072,0.98128,0.98072,0.98127,0.980603
'2016.03.11 15:00',0.98158,0.98162,0.98148,0.98158,0.981156
'2016.03.11 16:00',0.98267,0.98267,0.98255,0.98266,0.982215
'2016.03.13 17:00',0.98329,0.9833,0.98308,0.98325,0.9828
'2016.03.13 18:00',0.98289,0.98323,0.98288,0.98308,0.982594
'2016.03.13 19:00',0.98219,0.98233,0.98201,0.98201,0.981715
'2016.03.13 20:00',0.98287,0.98305,0.98287,0.98291,0.982498
'2016.03.13 21:00',0.9828,0.98286,0.98279,0.9828,0.982387
'2016.03.13 22:00',0.98328,0.98328,0.98311,0.98313,0.982768
'2016.03.13 23:00',0.98364,0.98364,0.9835,0.98353,0.983141
'2016.03.14 00:00',0.98344,0.98344,0.98344,0.98344,0.983007
'2016.03.14 01:00',0.98332,0.98348,0.98332,0.98343,0.982956
'2016.03.14 02:00',0.98403,0.98403,0.98371,0.98379,0.983448
'2016.03.14 03:00',0.98424,0.98429,0.98415,0.98427,0.983795
'2016.03.14 04:00',0.98493,0.9855,0.98493,0.9855,0.984767
'2016.03.14 05:00',0.98721,0.98727,0.98717,0.98718,0.986722
'2016.03.14 06:00',0.9872,0.98729,0.98701,0.98729,0.986716
'2016.03.14 07:00',0.98725,0.98742,0.98725,0.98727,0.986811
'2016.03.14 08:00',0.98755,0.98755,0.98736,0.98745,0.986989
'2016.03.14 09:00',0.98565,0.98585,0.98558,0.9857,0.985232
'2016.03.14 10:00',0.98725,0.98743,0.98718,0.9872,0.986778
'2016.03.14 11:00',0.98679,0.98703,0.9866,0.98701,0.986382
'2016.03.14 12:00',0.98595,0.9863,0.98566,0.98567,0.985423
'2016.03.14 13:00',0.98638,0.9865,0.98622,0.98626,0.985866
'2016.03.14 14:00',0.98736,0.98757,0.9873,0.98737,0.986912
'2016.03.14 15:00',0.98761,0.98761,0.98724,0.9874,0.986975
'2016.03.14 16:00',0.98756,0.98757,0.98743,0.98757,0.987045
'2016.03.14 17:00',0.98714,0.98714,0.98674,0.98707,0.986542
'2016.03.14 18:00',0.98719,0.98747,0.9871,0.98723,0.986762
'2016.03.14 19:00',0.98729,0.9873,0.98729,0.9873,0.98681
'2016.03.14 20:00',0.98709,0.98709,0.98704,0.98707,0.98659
'2016.03.14 21:00',0.9869,0.98693,0.98684,0.9869,0.986413
'2016.03.14 22:00',0.9864,0.9864,0.98615,0.98618,0.985808
'2016.03.14 23:00',0.98638,0.98648,0.98631,0.98636,0.985909
'2016.03.15 00:00',0.98619,0.98626,0.98613,0.9862,0.985725
'2016.03.15 01:00',0.98655,0.98658,0.98655,0.98658,0.98609
'2016.03.15 02:00',0.98713,0.98713,0.98701,0.98704,0.986594
'2016.03.15 03:00',0.98719,0.98738,0.98691,0.98737,0.986732
'2016.03.15 04:00',0.98613,0.98615,0.98558,0.98561,0.985395
'2016.03.15 05:00',0.98657,0.9866,0.98641,0.9866,0.986071
'2016.03.15 06:00',0.98883,0.98888,0.98852,0.98881,0.988255
'2016.03.15 07:00',0.98859,0.98862,0.98851,0.98857,0.988068
'2016.03.15 08:00',0.9873,0.98768,0.98725,0.98762,0.986979
'2016.03.15 09:00',0.98592,0.98592,0.98561,0.98569,0.985318
'2016.03.15 10:00',0.98612,0.98645,0.98585,0.9862,0.985687
'2016.03.15 11:00',0.9871,0.98715,0.98706,0.98709,0.986617
'2016.03.15 12:00',0.98523,0.9856,0.98514,0.98536,0.984875
'2016.03.15 13:00',0.98686,0.98686,0.98677,0.98677,0.986335
'2016.03.15 14:00',0.9861,0.98627,0.9861,0.9862,0.985699
'2016.03.15 15:00',0.987,0.9872,0.98696,0.9872,0.98661
'2016.03.15 16:00',0.98691,0.98694,0.98675,0.9868,0.986369
'2016.03.15 17:00',0.98708,0.98713,0.98691,0.98713,0.986582
'2016.03.15 18:00',0.98699,0.98699,0.98691,0.98696,0.986482
'2016.03.15 19:00',0.98679,0.98685,0.98675,0.98678,0.986314
'2016.03.15 20:00',0.98719,0.98721,0.98718,0.98719,0.986708
'2016.03.15 21:00',0.98713,0.98714,0.98711,0.98711,0.986639
'2016.03.15 22:00',0.98741,0.98741,0.98734,0.98734,0.986887
'2016.03.15 23:00',0.98766,0.98769,0.98764,0.98769,0.98718
'2016.03.16 00:00',0.9875,0.9875,0.98748,0.9875,0.987007
'2016.03.16 01:00',0.98777,0.98777,0.98762,0.98762,0.987202
'2016.03.16 02:00',0.98764,0.98765,0.98761,0.98761,0.987137
'2016.03.16 03:00',0.98789,0.988,0.98772,0.98772,0.987336
'2016.03.16 04:00',0.98883,0.98906,0.98882,0.98905,0.988434
'2016.03.16 05:00',0.98893,0.98902,0.98887,0.98894,0.988431
'2016.03.16 06:00',0.98853,0.98853,0.98833,0.98848,0.987965
'2016.03.16 07:00',0.98866,0.98873,0.98866,0.98868,0.988177
'2016.03.16 08:00',0.98812,0.98813,0.98801,0.98808,0.987588
'2016.03.16 09:00',0.98954,0.98954,0.98925,0.98927,0.98888
'2016.03.16 10:00',0.99003,0.99006,0.98986,0.98997,0.989455
'2016.03.16 11:00',0.99095,0.991,0.99083,0.99093,0.990388
'2016.03.16 12:00',0.98794,0.9882,0.98787,0.98812,0.987539
'2016.03.16 13:00',0.98855,0.98886,0.9885,0.98873,0.988157
'2016.03.16 14:00',0.98719,0.98719,0.98374,0.98399,0.985023
'2016.03.16 15:00',0.97921,0.97999,0.97892,0.9799,0.979132
'2016.03.16 16:00',0.97615,0.97622,0.97615,0.9762,0.975834
'2016.03.16 17:00',0.97671,0.97687,0.97629,0.97687,0.976338
'2016.03.16 18:00',0.97805,0.97805,0.97786,0.97799,0.977621
'2016.03.16 19:00',0.97816,0.97821,0.97816,0.97821,0.977817
'2016.03.16 20:00',0.97806,0.97826,0.97806,0.97826,0.977795
'2016.03.16 21:00',0.97791,0.97791,0.97759,0.97766,0.977401
'2016.03.16 22:00',0.97782,0.97782,0.97778,0.97778,0.977435
'2016.03.16 23:00',0.97755,0.97767,0.97755,0.97766,0.977247
'2016.03.17 00:00',0.97751,0.97761,0.97751,0.97753,0.977179
'2016.03.17 01:00',0.9778,0.97782,0.97761,0.97761,0.977344
'2016.03.17 02:00',0.97754,0.97757,0.97736,0.97736,0.977094
'2016.03.17 03:00',0.97728,0.97732,0.97719,0.97719,0.976886
'2016.03.17 04:00',0.97539,0.97565,0.97527,0.9756,0.975142
'2016.03.17 05:00',0.97289,0.97289,0.97267,0.97277,0.972493
'2016.03.17 06:00',0.97192,0.97194,0.97096,0.97106,0.97116
'2016.03.17 07:00',0.9697,0.96974,0.96942,0.96945,0.969293
'2016.03.17 08:00',0.96821,0.9683,0.968,0.96802,0.967862
'2016.03.17 09:00',0.9687,0.96875,0.9686,0.9686,0.968389
'2016.03.17 10:00',0.96708,0.96714,0.96604,0.96636,0.966391
'2016.03.17 11:00',0.9654,0.9655,0.96531,0.9655,0.965184
'2016.03.17 12:00',0.96794,0.96798,0.96762,0.96764,0.967526
'2016.03.17 13:00',0.96573,0.96601,0.96565,0.966,0.965603
'2016.03.17 14:00',0.96669,0.96676,0.96666,0.96674,0.966458
'2016.03.17 15:00',0.96676,0.96702,0.96671,0.96693,0.9666
'2016.03.17 16:00',0.96729,0.96741,0.96714,0.96716,0.966987
'2016.03.17 17:00',0.96758,0.96761,0.96736,0.96755,0.967263
'2016.03.17 18:00',0.96713,0.96713,0.96645,0.96655,0.966551
'2016.03.17 19:00',0.96727,0.96727,0.96716,0.96717,0.966956
'2016.03.17 20:00',0.96714,0.96719,0.96695,0.96697,0.966801
'2016.03.17 21:00',0.96642,0.96642,0.96617,0.96628,0.966069
'2016.03.17 22:00',0.96591,0.96599,0.96586,0.9659,0.965665
'2016.03.17 23:00',0.96644,0.96652,0.96644,0.96647,0.966214
'2016.03.18 00:00',0.96668,0.96668,0.96653,0.96653,0.966348
'2016.03.18 01:00',0.96707,0.96721,0.96706,0.96721,0.96688
'2016.03.18 02:00',0.96707,0.96707,0.96695,0.96701,0.966766
'2016.03.18 03:00',0.96721,0.96731,0.96672,0.96673,0.966727
'2016.03.18 04:00',0.96822,0.96853,0.96815,0.96836,0.968047
'2016.03.18 05:00',0.97045,0.97056,0.97035,0.97054,0.970188
'2016.03.18 06:00',0.97029,0.97047,0.97017,0.97021,0.969996
'2016.03.18 07:00',0.96952,0.9696,0.96919,0.96924,0.969105
'2016.03.18 08:00',0.96794,0.96805,0.96782,0.96804,0.967698
'2016.03.18 09:00',0.96779,0.96779,0.96767,0.96777,0.967491
'2016.03.18 10:00',0.96696,0.96773,0.96649,0.96746,0.966909
'2016.03.18 11:00',0.96786,0.96817,0.96782,0.9681,0.967724
'2016.03.18 12:00',0.96812,0.96855,0.96812,0.96849,0.968056
'2016.03.18 13:00',0.96837,0.96864,0.96829,0.96864,0.968219
'2016.03.18 14:00',0.96801,0.96825,0.96801,0.96817,0.967844
'2016.03.18 15:00',0.96956,0.96963,0.96948,0.96963,0.969296
'2016.03.18 16:00',0.96957,0.96968,0.96955,0.96966,0.969336
'2016.03.20 17:00',0.9687,0.96904,0.9687,0.96904,0.968601
'2016.03.20 18:00',0.96965,0.96969,0.96943,0.96949,0.969283
'2016.03.20 20:00',0.96982,0.96986,0.96971,0.96982,0.96952
'2016.03.20 21:00',0.96925,0.9693,0.96913,0.96924,0.968953
'2016.03.20 22:00',0.96926,0.96932,0.96925,0.96931,0.969008
'2016.03.20 23:00',0.96898,0.96899,0.96896,0.96897,0.9687
'2016.03.21 00:00',0.96952,0.96953,0.96951,0.96952,0.96924
'2016.03.21 01:00',0.96971,0.96971,0.9697,0.96971,0.969426
'2016.03.21 02:00',0.96996,0.96996,0.96983,0.96986,0.969618
'2016.03.21 03:00',0.97014,0.97018,0.97007,0.97015,0.96985
'2016.03.21 04:00',0.97115,0.97115,0.97072,0.97092,0.97069
'2016.03.21 05:00',0.97184,0.97212,0.97175,0.97192,0.971606
'2016.03.21 06:00',0.97029,0.97045,0.97027,0.97034,0.97005
'2016.03.21 07:00',0.96878,0.96893,0.96874,0.9689,0.968565
'2016.03.21 08:00',0.96908,0.96917,0.96899,0.96905,0.968796
'2016.03.21 09:00',0.96911,0.96923,0.96901,0.96912,0.968841
'2016.03.21 10:00',0.96914,0.96914,0.96872,0.96905,0.968738
'2016.03.21 11:00',0.96923,0.96927,0.96907,0.96915,0.968902
'2016.03.21 12:00',0.96783,0.9683,0.96775,0.96825,0.967772
'2016.03.21 13:00',0.96969,0.96982,0.96968,0.96969,0.969438
'2016.03.21 14:00',0.96923,0.96925,0.96916,0.96923,0.968941
'2016.03.21 15:00',0.96947,0.9695,0.96935,0.96935,0.969137
'2016.03.21 16:00',0.96967,0.96969,0.96966,0.96969,0.969397
'2016.03.21 17:00',0.96981,0.96985,0.9696,0.96977,0.969476
'2016.03.21 18:00',0.97052,0.97056,0.97045,0.97047,0.97021
'2016.03.21 19:00',0.97063,0.97064,0.97063,0.97064,0.970345
'2016.03.21 20:00',0.97072,0.97079,0.97072,0.97075,0.970454
'2016.03.21 21:00',0.96995,0.96995,0.96965,0.96966,0.969516
'2016.03.21 22:00',0.97007,0.97023,0.97007,0.97017,0.969851
'2016.03.21 23:00',0.96943,0.96951,0.96943,0.9695,0.969189
'2016.03.22 00:00',0.96892,0.96897,0.96888,0.96896,0.968659
'2016.03.22 01:00',0.96938,0.96954,0.96938,0.96953,0.96918
'2016.03.22 02:00',0.96922,0.96932,0.96918,0.96932,0.968984
'2016.03.22 03:00',0.96972,0.9699,0.96965,0.96988,0.969508
'2016.03.22 04:00',0.97013,0.97036,0.96974,0.97008,0.969793
'2016.03.22 05:00',0.97168,0.9718,0.97141,0.97158,0.971317
'2016.03.22 06:00',0.97177,0.97203,0.9716,0.9716,0.971445
'2016.03.22 07:00',0.97093,0.971,0.97085,0.97091,0.970629
'2016.03.22 08:00',0.97021,0.9703,0.97021,0.97024,0.969954
'2016.03.22 09:00',0.97035,0.97054,0.97032,0.97042,0.97012
'2016.03.22 10:00',0.97073,0.97073,0.97022,0.97022,0.970179
'2016.03.22 11:00',0.97022,0.97047,0.97021,0.97042,0.970045
'2016.03.22 12:00',0.97045,0.97087,0.97044,0.97073,0.970336
'2016.03.22 13:00',0.97233,0.97234,0.97211,0.97231,0.971968
'2016.03.22 14:00',0.97217,0.97221,0.97205,0.97208,0.971822
'2016.03.22 15:00',0.97306,0.97322,0.97305,0.97314,0.972804
'2016.03.22 16:00',0.97282,0.97282,0.97239,0.97248,0.972314
'2016.03.22 17:00',0.97267,0.97268,0.9725,0.97265,0.972316
'2016.03.22 18:00',0.97288,0.97302,0.97286,0.97296,0.972619
'2016.03.22 19:00',0.97283,0.97283,0.97276,0.97277,0.972486
'2016.03.22 20:00',0.97292,0.97296,0.97286,0.97286,0.972587
'2016.03.22 21:00',0.97308,0.97312,0.97305,0.97308,0.972769
'2016.03.22 22:00',0.97368,0.97372,0.97367,0.97372,0.973378
'2016.03.22 23:00',0.97346,0.9735,0.97344,0.97346,0.973147
'2016.03.23 00:00',0.97388,0.97389,0.97384,0.97386,0.973546
'2016.03.23 01:00',0.97422,0.97424,0.97422,0.97424,0.973905
'2016.03.23 02:00',0.97445,0.97446,0.97442,0.97446,0.97412
'2016.03.23 03:00',0.97527,0.97533,0.9752,0.97522,0.974918
'2016.03.23 04:00',0.97533,0.97567,0.97532,0.97559,0.975142
'2016.03.23 05:00',0.97597,0.97619,0.97597,0.97604,0.975698
'2016.03.23 06:00',0.97585,0.97585,0.9757,0.97573,0.975439
'2016.03.23 07:00',0.97309,0.97336,0.97307,0.97328,0.972887
'2016.03.23 08:00',0.97384,0.97386,0.97369,0.97384,0.973487
'2016.03.23 09:00',0.97507,0.97511,0.975,0.97504,0.974721
'2016.03.23 10:00',0.97475,0.97492,0.97467,0.97471,0.97443
'2016.03.23 11:00',0.97344,0.97348,0.97333,0.97347,0.973114
'2016.03.23 12:00',0.97322,0.97338,0.97317,0.97334,0.972964
'2016.03.23 13:00',0.97619,0.97627,0.97611,0.97627,0.975865
'2016.03.23 14:00',0.97498,0.9753,0.97495,0.9753,0.974802
'2016.03.23 15:00',0.97536,0.97539,0.97514,0.97514,0.974918
'2016.03.23 16:00',0.97502,0.97521,0.97502,0.97517,0.974772
'2016.03.23 17:00',0.97524,0.97532,0.97477,0.97532,0.974831
'2016.03.23 18:00',0.97516,0.97516,0.97498,0.97498,0.974733
'2016.03.23 19:00',0.97526,0.97529,0.97526,0.97529,0.974939
'2016.03.23 20:00',0.97554,0.97554,0.97551,0.97551,0.975186
'2016.03.23 21:00',0.97548,0.97596,0.97548,0.97589,0.975367
'2016.03.23 22:00',0.97585,0.97587,0.97579,0.97579,0.975482
'2016.03.23 23:00',0.97585,0.97587,0.97582,0.97582,0.975497
'2016.03.24 00:00',0.97536,0.97536,0.9753,0.97531,0.974995
'2016.03.24 01:00',0.97579,0.97594,0.97576,0.97594,0.975517
'2016.03.24 02:00',0.97567,0.97571,0.97566,0.97566,0.975334
'2016.03.24 03:00',0.97616,0.97674,0.97613,0.97663,0.976073
'2016.03.24 04:00',0.97667,0.97726,0.97667,0.97718,0.976597
'2016.03.24 05:00',0.97604,0.97633,0.97604,0.97625,0.975822
'2016.03.24 06:00',0.9754,0.9754,0.97493,0.97496,0.974831
'2016.03.24 07:00',0.9741,0.97438,0.9741,0.97431,0.9739
'2016.03.24 08:00',0.976,0.97621,0.97597,0.9761,0.975726
'2016.03.24 09:00',0.97469,0.97478,0.97468,0.97473,0.97439
'2016.03.24 10:00',0.97557,0.97558,0.97504,0.97514,0.97499
'2016.03.24 11:00',0.97646,0.97661,0.97646,0.97661,0.976187
'2016.03.24 12:00',0.97665,0.97665,0.97645,0.97647,0.976202
'2016.03.24 13:00',0.97541,0.97553,0.97539,0.97552,0.975126
'2016.03.24 14:00',0.97493,0.9751,0.97493,0.97506,0.974673
'2016.03.24 15:00',0.97538,0.9754,0.97534,0.9754,0.975043
'2016.03.24 16:00',0.97552,0.97552,0.9754,0.97541,0.975123
'2016.03.24 17:00',0.97548,0.97554,0.9754,0.97542,0.975121
'2016.03.24 18:00',0.9756,0.97568,0.9756,0.97568,0.975301
'2016.03.24 19:00',0.97554,0.97559,0.97553,0.97554,0.97521
'2016.03.24 20:00',0.97595,0.97596,0.97593,0.97596,0.975607
'2016.03.24 21:00',0.97682,0.97683,0.97666,0.97676,0.976415
'2016.03.24 22:00',0.97839,0.97839,0.97831,0.97831,0.977978
'2016.03.24 23:00',0.97743,0.97748,0.97742,0.97745,0.977085
'2016.03.25 00:00',0.9775,0.9775,0.97748,0.97748,0.977129
'2016.03.25 01:00',0.97756,0.97756,0.97756,0.97756,0.977199
'2016.03.25 02:00',0.97628,0.97631,0.97626,0.97627,0.975933
'2016.03.25 03:00',0.97675,0.97682,0.97665,0.97672,0.976382
'2016.03.25 04:00',0.97703,0.97731,0.97682,0.97682,0.976635
'2016.03.25 05:00',0.97692,0.97695,0.97689,0.97695,0.976574
'2016.03.25 06:00',0.97626,0.97632,0.97626,0.97632,0.975944
'2016.03.25 07:00',0.97573,0.97573,0.97571,0.97571,0.975379
'2016.03.25 08:00',0.97648,0.97656,0.97647,0.97647,0.976145
'2016.03.25 09:00',0.97622,0.97641,0.97622,0.9764,0.975967
'2016.03.25 10:00',0.97706,0.97761,0.97706,0.97761,0.976984
'2016.03.25 11:00',0.97702,0.97707,0.97699,0.97705,0.976677
'2016.03.25 12:00',0.97824,0.97824,0.97816,0.97816,0.97783
'2016.03.25 13:00',0.97754,0.97754,0.97754,0.97754,0.977179
'2016.03.25 14:00',0.97748,0.97748,0.97748,0.97748,0.977119
'2016.03.25 15:00',0.97744,0.97744,0.97744,0.97744,0.97708
'2016.03.25 16:00',0.97687,0.97691,0.97686,0.97686,0.976521
'2016.03.27 18:00',0.97729,0.97792,0.97729,0.97783,0.977228
'2016.03.27 19:00',0.97814,0.97827,0.97814,0.97827,0.977838
'2016.03.27 20:00',0.97849,0.9786,0.97849,0.97854,0.978158
'2016.03.27 21:00',0.97788,0.97789,0.97788,0.97789,0.97752
'2016.03.27 22:00',0.97795,0.97796,0.97794,0.97795,0.977584
'2016.03.27 23:00',0.97793,0.97795,0.97793,0.97794,0.977572
'2016.03.28 00:00',0.97732,0.97735,0.97732,0.97733,0.976971
'2016.03.28 01:00',0.97727,0.97734,0.97727,0.97733,0.976945
'2016.03.28 02:00',0.97743,0.97743,0.97741,0.97741,0.97706
'2016.03.28 03:00',0.97669,0.97703,0.97669,0.97703,0.976511
'2016.03.28 04:00',0.97656,0.97656,0.97648,0.97648,0.976169
'2016.03.28 05:00',0.97626,0.97626,0.97626,0.97626,0.975913
'2016.03.28 06:00',0.97661,0.97669,0.97661,0.97669,0.9763
'2016.03.28 07:00',0.97686,0.97689,0.97686,0.97689,0.976522
'2016.03.28 08:00',0.97716,0.97723,0.97711,0.97721,0.976821
'2016.03.28 09:00',0.97573,0.97597,0.97573,0.97585,0.975479
'2016.03.28 10:00',0.97349,0.97371,0.97349,0.97368,0.973276
'2016.03.28 11:00',0.97297,0.97343,0.97295,0.97343,0.972887
'2016.03.28 12:00',0.97319,0.97324,0.97314,0.97322,0.972883
'2016.03.28 13:00',0.97403,0.97424,0.97393,0.97424,0.973789
'2016.03.28 14:00',0.97386,0.97391,0.9738,0.9738,0.97352
'2016.03.28 15:00',0.97365,0.97377,0.97364,0.97369,0.973368
'2016.03.28 16:00',0.97388,0.97399,0.97386,0.97398,0.973607
'2016.03.28 17:00',0.97338,0.97369,0.97329,0.97352,0.973154
'2016.03.28 18:00',0.97378,0.97378,0.97371,0.97372,0.973426
'2016.03.28 19:00',0.9738,0.97382,0.9738,0.97382,0.973489
'2016.03.28 20:00',0.9736,0.97374,0.97358,0.97373,0.973345
'2016.03.28 21:00',0.97413,0.97431,0.97412,0.9743,0.973892
'2016.03.28 22:00',0.97409,0.9741,0.97376,0.97394,0.973649
'2016.03.28 23:00',0.97413,0.9742,0.97412,0.97413,0.97382
'2016.03.29 00:00',0.97424,0.97431,0.97421,0.97421,0.973916
'2016.03.29 01:00',0.97436,0.97438,0.97434,0.97435,0.974031
'2016.03.29 02:00',0.97458,0.97469,0.97448,0.97452,0.974237
'2016.03.29 03:00',0.97381,0.97455,0.9738,0.97448,0.973844
'2016.03.29 04:00',0.97572,0.97576,0.9756,0.97569,0.975352
'2016.03.29 05:00',0.97492,0.97506,0.97491,0.97502,0.974645
'2016.03.29 06:00',0.97302,0.97335,0.97302,0.97306,0.972797
'2016.03.29 07:00',0.97411,0.97417,0.97399,0.97412,0.973774
'2016.03.29 08:00',0.97494,0.97496,0.97476,0.97483,0.974539
'2016.03.29 09:00',0.97366,0.97374,0.97287,0.97314,0.97303
'2016.03.29 10:00',0.97441,0.97455,0.9742,0.97442,0.974069
'2016.03.29 11:00',0.97522,0.97588,0.97512,0.97588,0.975196
'2016.03.29 12:00',0.97441,0.97465,0.97441,0.97459,0.974189
'2016.03.29 13:00',0.96972,0.96972,0.9693,0.96934,0.969235
'2016.03.29 14:00',0.96818,0.9686,0.96811,0.96859,0.968107
'2016.03.29 15:00',0.96608,0.96624,0.96608,0.96622,0.965906
'2016.03.29 16:00',0.96647,0.96665,0.96647,0.96665,0.966308
'2016.03.29 17:00',0.96661,0.96661,0.96631,0.96644,0.966237
'2016.03.29 18:00',0.966,0.96627,0.966,0.96616,0.965858
'2016.03.29 19:00',0.96671,0.96671,0.96671,0.96671,0.966454
'2016.03.29 20:00',0.96654,0.96654,0.96641,0.96646,0.966233
'2016.03.29 21:00',0.9662,0.9662,0.96608,0.96609,0.96589
'2016.03.29 22:00',0.96678,0.96678,0.96674,0.96675,0.966506
'2016.03.29 23:00',0.96658,0.96661,0.96656,0.96656,0.966322
'2016.03.30 00:00',0.96672,0.96672,0.96662,0.96664,0.966419
'2016.03.30 01:00',0.9662,0.96621,0.96612,0.96616,0.965921
'2016.03.30 02:00',0.96627,0.96627,0.96575,0.96575,0.965753
'2016.03.30 03:00',0.96563,0.96565,0.9646,0.96466,0.964878
'2016.03.30 04:00',0.96387,0.96434,0.96377,0.96393,0.963742
'2016.03.30 05:00',0.9641,0.96427,0.96408,0.9642,0.963928
'2016.03.30 06:00',0.96389,0.96404,0.96384,0.96402,0.963716
'2016.03.30 07:00',0.96332,0.96369,0.9633,0.96368,0.963272
'2016.03.30 08:00',0.96267,0.96286,0.96254,0.96267,0.96246
'2016.03.30 09:00',0.96434,0.96434,0.964,0.96414,0.963967
'2016.03.30 10:00',0.96288,0.96303,0.9627,0.96273,0.962606
'2016.03.30 11:00',0.96179,0.96232,0.96163,0.96232,0.961804
'2016.03.30 12:00',0.96367,0.96371,0.96346,0.96346,0.963341
'2016.03.30 13:00',0.96392,0.96395,0.96369,0.9637,0.963579
'2016.03.30 14:00',0.96461,0.96469,0.96457,0.96463,0.964386
'2016.03.30 15:00',0.96401,0.96428,0.96399,0.96417,0.963879
'2016.03.30 16:00',0.96441,0.96452,0.9644,0.9644,0.964194
'2016.03.30 17:00',0.96487,0.96491,0.96476,0.9648,0.964593
'2016.03.30 18:00',0.96462,0.96472,0.96462,0.96466,0.964416
'2016.03.30 19:00',0.96517,0.96519,0.96517,0.96517,0.964932
'2016.03.30 20:00',0.96521,0.96526,0.96497,0.96512,0.964896
'2016.03.30 21:00',0.96501,0.96514,0.96501,0.96511,0.964826
'2016.03.30 22:00',0.96571,0.96575,0.96566,0.96568,0.965452
'2016.03.30 23:00',0.96594,0.96625,0.96594,0.9662,0.965835
'2016.03.31 00:00',0.96587,0.96589,0.96578,0.9658,0.965585
'2016.03.31 01:00',0.96561,0.96569,0.96561,0.96562,0.965385
'2016.03.31 02:00',0.9657,0.96581,0.96545,0.96577,0.965438
'2016.03.31 03:00',0.96458,0.96484,0.96433,0.96435,0.964282
'2016.03.31 04:00',0.96434,0.96449,0.96424,0.96445,0.964145
'2016.03.31 05:00',0.9629,0.96339,0.9629,0.96326,0.962889
'2016.03.31 06:00',0.9627,0.96278,0.96259,0.96259,0.962438
'2016.03.31 07:00',0.96195,0.96222,0.96195,0.96222,0.961869
'2016.03.31 08:00',0.95988,0.95988,0.95962,0.95979,0.959587
'2016.03.31 09:00',0.95956,0.95975,0.95956,0.95956,0.959403
'2016.03.31 10:00',0.95857,0.95861,0.95824,0.95849,0.958281
'2016.03.31 11:00',0.95734,0.95744,0.95717,0.95718,0.95709
'2016.03.31 12:00',0.95824,0.95831,0.95811,0.95824,0.95803
'2016.03.31 13:00',0.9588,0.95895,0.9587,0.95878,0.958608
'2016.03.31 14:00',0.9595,0.95966,0.95941,0.95962,0.959346
'2016.03.31 15:00',0.9604,0.9604,0.96007,0.96009,0.960028
'2016.03.31 16:00',0.96153,0.96153,0.9613,0.9613,0.961196
'2016.03.31 17:00',0.96156,0.96156,0.96151,0.96151,0.961318
'2016.03.31 18:00',0.9615,0.96156,0.9615,0.96152,0.961304
'2016.03.31 19:00',0.96124,0.96128,0.96121,0.96121,0.96102
'2016.03.31 20:00',0.96123,0.96126,0.96114,0.96115,0.96098
'2016.03.31 21:00',0.96034,0.96056,0.96027,0.96051,0.960214
'2016.03.31 22:00',0.96112,0.96113,0.96102,0.96102,0.960858
